rec_id,signal_date,symbol,company,timeframe,kind,call_type,side,close,atr,entry_limit,target,stop,max_days,ai_conf,win_prob,exp_ret,base_hit,model_rank,evidence,status,outcome,note,entry_date,entry_price,exit_date,exit_price,result_pct,days_held,last_date,last_price,stock_ret_pct,mkt_ret_pct,excess_pct,repeat_count,last_seen,created_at,updated_at
710,2026-10-09,AIIL,Authum Investment & Infrastructure Ltd.,ST,BUY,Strong Buy,1,549.7,17.473602420651574,567.1736024206516,602.1208072619547,523.4895963690227,10,0.21183930590147448,0.4281951859970783,0.0018773479387164116,0.15396105502196894,0.9704641350210971,AI model top 3%,Pending,,,,,,,,,,,,,,0,2026-10-09,2026-10-09 14:54:29,2026-10-09 14:54:29
713,2026-10-09,CARTRADE,CarTrade Tech Ltd.,ST,BUY,Strong Buy,1,2951.0,122.4293131453883,3073.4293131453883,3318.287939436165,2767.3560302819174,10,0.21183930590147448,0.4281951859970783,0.0018773479387164116,0.15396105502196894,0.9641350210970464,AI model top 4%,Pending,,,,,,,,,,,,,,0,2026-10-09,2026-10-09 14:54:29,2026-10-09 14:54:29
719,2026-10-09,KPIL,Kalpataru Projects International Ltd.,ST,BUY,Strong Buy,1,1391.9,44.91577736427054,1436.8157773642706,1526.6473320928117,1324.5263339535943,10,0.21183930590147448,0.4281951859970783,0.0018773479387164116,0.15396105502196894,0.9789029535864979,AI model top 2%,Pending,,,,,,,,,,,,,,0,2026-10-09,2026-10-09 14:54:29,2026-10-09 14:54:29
720,2026-10-09,MOTILALOFS,Motilal Oswal Financial Services Ltd.,ST,BUY,Strong Buy,1,1026.0,34.32656851901804,1060.326568519018,1128.979705557054,974.510147221473,10,0.21183930590147448,0.4281951859970783,0.0018773479387164116,0.15396105502196894,0.959915611814346,AI model top 4%,Pending,,,,,,,,,,,,,,0,2026-10-09,2026-10-09 14:54:29,2026-10-09 14:54:29
723,2026-10-09,PNB,Punjab National Bank,ST,BUY,Strong Buy,1,116.98,2.8208519489874178,119.80085194898743,125.44255584696225,112.74872207651887,10,0.21183930590147448,0.4281951859970783,0.0018773479387164116,0.15396105502196894,0.9514767932489452,AI model top 5%,Pending,,,,,,,,,,,,,,0,2026-10-09,2026-10-09 14:54:29,2026-10-09 14:54:29
724,2026-10-09,PNBHOUSING,PNB Housing Finance Ltd.,ST,BUY,Strong Buy,1,1158.0,33.272590783273614,1191.2725907832737,1257.8177723498209,1108.0911138250897,10,0.21183930590147448,0.4281951859970783,0.0018773479387164116,0.15396105502196894,0.9683544303797469,AI model top 3%,Pending,,,,,,,,,,,,,,0,2026-10-09,2026-10-09 14:54:29,2026-10-09 14:54:29
727,2026-10-09,SOBHA,Sobha Ltd.,ST,BUY,Strong Buy,1,1161.7,36.46918179059877,1198.1691817905987,1271.1075453717963,1106.9962273141018,10,0.21183930590147448,0.4281951859970783,0.0018773479387164116,0.15396105502196894,0.9915611814345991,AI model top 1%,Pending,,,,,,,,,,,,,,0,2026-10-09,2026-10-09 14:54:29,2026-10-09 14:54:29
717,2026-10-09,IPCALAB,Ipca Laboratories Ltd.,ST,BUY,Buy,1,1915.4,54.13471811717516,1969.5347181171753,2077.8041543515255,1834.1979228242374,10,0.1634232170714887,0.43804556699236435,0.003749104216694832,0.15396105502196894,0.3881856540084388,+ Three lower closes in an uptrend; + RSI(2) below 5 in an uptrend (Connors),Pending,,,,,,,,,,,,,,0,2026-10-09,2026-10-09 14:54:29,2026-10-09 14:54:29
737,2026-10-09,SANSERA,Sansera Engineering Ltd.,LT,BUY,Accumulate (buy on dips),1,4124.7,195.98723075157037,4516.67446150314,6084.572307515704,3144.7638462421482,250,0.4095030958017272,0.547049590025911,0.1596607118844986,0.3753534794381895,0.22151898734177214,+ Holy Grail: ADX > 30 and pullback to 20 EMA,Pending,,,,,,,,,,,,,,0,2026-10-09,2026-10-09 14:54:29,2026-10-09 14:54:29
711,2026-10-09,ADANIPORTS,Adani Ports and Special Economic Zone Ltd.,ST,AVOID,Avoid (likely underperformer),0,1761.0,48.36759648278691,,,,10,,,-0.0023604349698871374,,0.8565400843881856,AI model laggard flag (short-side top 14%),Pending,,,,,,,,,,,,,,0,2026-10-09,2026-10-09 14:54:29,2026-10-09 14:54:29
712,2026-10-09,APARINDS,Apar Industries Ltd.,ST,AVOID,Avoid (likely underperformer),0,17984.0,719.8743628139522,,,,10,,,-0.0023604349698871374,,0.9409282700421941,AI model laggard flag (short-side top 6%),Pending,,,,,,,,,,,,,,0,2026-10-09,2026-10-09 14:54:29,2026-10-09 14:54:29
714,2026-10-09,CDSL,Central Depository Services (India) Ltd.,ST,AVOID,Avoid (likely underperformer),0,1260.0,31.42793849723715,,,,10,,,-0.0023604349698871374,,0.8544303797468354,AI model laggard flag (short-side top 15%),Pending,,,,,,,,,,,,,,0,2026-10-09,2026-10-09 14:54:29,2026-10-09 14:54:29
715,2026-10-09,DEEPAKNTR,Deepak Nitrite Ltd.,ST,AVOID,Avoid (likely underperformer),0,1621.9,45.73301672925536,,,,10,,,-0.0023604349698871374,,0.8818565400843882,AI model laggard flag (short-side top 12%),Pending,,,,,,,,,,,,,,0,2026-10-09,2026-10-09 14:54:29,2026-10-09 14:54:29
716,2026-10-09,HEXT,Hexaware Technologies Ltd.,ST,AVOID,Avoid (likely underperformer),0,538.5,19.29858976733744,,,,10,,,-0.0023604349698871374,,0.9324894514767933,"AI model laggard flag (short-side top 7%); - RSI(2) above 95 in a downtrend; - Supertrend (10,3) turns up",Pending,,,,,,,,,,,,,,0,2026-10-09,2026-10-09 14:54:29,2026-10-09 14:54:29
718,2026-10-09,KEI,KEI Industries Ltd.,ST,AVOID,Avoid (likely underperformer),0,4585.0,137.02225347713585,,,,10,,,-0.0023604349698871374,,0.9050632911392406,AI model laggard flag (short-side top 9%),Pending,,,,,,,,,,,,,,0,2026-10-09,2026-10-09 14:54:29,2026-10-09 14:54:29
721,2026-10-09,NETWEB,Netweb Technologies India Ltd.,ST,AVOID,Avoid (likely underperformer),0,4721.6,185.67453828692663,,,,10,,,-0.0023604349698871374,,0.9092827004219409,AI model laggard flag (short-side top 9%),Pending,,,,,,,,,,,,,,0,2026-10-09,2026-10-09 14:54:29,2026-10-09 14:54:29
722,2026-10-09,NYKAA,FSN E-Commerce Ventures Ltd. (Nykaa),ST,AVOID,Avoid (likely underperformer),0,343.0,9.836323356729586,,,,10,,,-0.0023604349698871374,,0.8860759493670886,AI model laggard flag (short-side top 11%),Pending,,,,,,,,,,,,,,0,2026-10-09,2026-10-09 14:54:29,2026-10-09 14:54:29
725,2026-10-09,PINELABS,Pine Labs Ltd.,ST,AVOID,Avoid (likely underperformer),0,163.07,9.354170628344026,,,,10,,,-0.0030570304952561855,,0.13924050632911392,- Weinstein stage-4 breakdown,Pending,,,,,,,,,,,,,,0,2026-10-09,2026-10-09 14:54:29,2026-10-09 14:54:29
726,2026-10-09,RADICO,Radico Khaitan Ltd,ST,AVOID,Avoid (likely underperformer),0,4550.0,124.2414477380964,,,,10,,,-0.0023604349698871374,,0.8607594936708861,AI model laggard flag (short-side top 14%),Pending,,,,,,,,,,,,,,0,2026-10-09,2026-10-09 14:54:29,2026-10-09 14:54:29
728,2026-10-09,GAIL,GAIL (India) Ltd.,MT,AVOID,Avoid (likely underperformer),0,166.64,3.4700101263173595,,,,60,,,-0.010251588188111782,,0.8502109704641351,AI model laggard flag (short-side top 15%); + Three lower closes in an uptrend; - Wyckoff spring,Pending,,,,,,,,,,,,,,0,2026-10-09,2026-10-09 14:54:29,2026-10-09 14:54:29
729,2026-10-09,HEXT,Hexaware Technologies Ltd.,MT,AVOID,Avoid (likely underperformer),0,538.5,19.29858976733744,,,,60,,,-0.011073315516114235,,0.959915611814346,"AI model laggard flag (short-side top 4%); - Supertrend (10,3) turns up; - RSI(2) above 95 in a downtrend",Pending,,,,,,,,,,,,,,0,2026-10-09,2026-10-09 14:54:29,2026-10-09 14:54:29
730,2026-10-09,MRF,MRF Ltd.,MT,AVOID,Avoid (likely underperformer),0,122090.0,1706.0832481501739,,,,60,,,-0.010251588188111782,,0.8607594936708861,AI model laggard flag (short-side top 14%); - Wyckoff spring,Pending,,,,,,,,,,,,,,0,2026-10-09,2026-10-09 14:54:29,2026-10-09 14:54:29
731,2026-10-09,TORNTPOWER,Torrent Power Ltd.,MT,AVOID,Avoid (likely underperformer),0,1188.6,32.2387992026091,,,,60,,,-0.010251588188111782,,0.8628691983122363,AI model laggard flag (short-side top 14%); - Wyckoff spring,Pending,,,,,,,,,,,,,,0,2026-10-09,2026-10-09 14:54:29,2026-10-09 14:54:29
732,2026-10-09,EICHERMOT,Eicher Motors Ltd.,LT,AVOID,Reduce / Avoid,0,7050.0,148.94367755600447,,,,250,,,-0.01975449174642563,,0.05907172995780591,- Elliott 5-wave decline complete; - RSI(14) rises back above 30,Pending,,,,,,,,,,,,,,0,2026-10-09,2026-10-09 14:54:29,2026-10-09 14:54:29
733,2026-10-09,EMMVEE,Emmvee Photovoltaic Power Ltd.,LT,AVOID,Reduce / Avoid,0,300.05,12.323790187464757,,,,250,,,-0.010469918139278889,,0.8860759493670886,AI model laggard flag (short-side top 11%),Pending,,,,,,,,,,,,,,0,2026-10-09,2026-10-09 14:54:29,2026-10-09 14:54:29
734,2026-10-09,LT,Larsen & Toubro Ltd.,LT,AVOID,Reduce / Avoid,0,3703.3,69.13139345339643,,,,250,,,-0.0038028121925890446,,0.5654008438818565,- Elliott 5-wave decline complete,Pending,,,,,,,,,,,,,,0,2026-10-09,2026-10-09 14:54:29,2026-10-09 14:54:29
735,2026-10-09,NESTLEIND,Nestle India Ltd.,LT,AVOID,Reduce / Avoid,0,1333.0,29.721412118005905,,,,250,,,-0.010469918139278889,,0.8734177215189873,AI model laggard flag (short-side top 13%); - RSI(14) rises back above 30,Pending,,,,,,,,,,,,,,0,2026-10-09,2026-10-09 14:54:29,2026-10-09 14:54:29
736,2026-10-09,PVRINOX,PVR INOX Ltd.,LT,AVOID,Reduce / Avoid,0,1327.2,51.243210263280986,,,,250,,,-0.010469918139278889,,0.8649789029535865,AI model laggard flag (short-side top 14%),Pending,,,,,,,,,,,,,,0,2026-10-09,2026-10-09 14:54:29,2026-10-09 14:54:29
660,2026-10-08,CESC,CESC Ltd.,ST,BUY,Strong Buy,1,128.73,3.5961128089298784,132.32611280892988,139.51833842678963,123.33583078660517,10,0.21183930590147448,0.4281951859970783,0.0018773479387164116,0.15396105502196894,0.9577167019027484,AI model top 4%,Open,,running: day 1 of 10,2026-10-09,129.96,,,2.216158818097858,1.0,2026-10-09,133.23,,,,0,2026-10-08,2026-10-08 14:50:31,2026-10-09 14:54:30
663,2026-10-08,GODREJPROP,Godrej Properties Ltd.,ST,BUY,Strong Buy,1,1534.0,49.40023004054075,1583.4002300405407,1682.2006901216223,1459.8996549391888,10,0.21183930590147448,0.4281951859970783,0.0018773479387164116,0.15396105502196894,0.9682875264270613,AI model top 3%,Open,,running: day 1 of 10,2026-10-09,1541.6,,,0.2448884276076926,1.0,2026-10-09,1550.0,,,,0,2026-10-08,2026-10-08 14:50:31,2026-10-09 14:54:30
666,2026-10-08,INTELLECT,Intellect Design Arena Ltd.,ST,BUY,Strong Buy,1,567.35,21.397279040363845,588.7472790403639,631.5418371210916,535.2540814394542,10,0.21183930590147448,0.4281951859970783,0.0018773479387164116,0.15396105502196894,0.9661733615221987,AI model top 3%,Open,,running: day 1 of 10,2026-10-09,573.15,,,1.61049463491233,1.0,2026-10-09,584.1,,,,0,2026-10-08,2026-10-08 14:50:31,2026-10-09 14:54:30
668,2026-10-08,KEC,Kec International Ltd.,ST,BUY,Strong Buy,1,349.6,12.038195981190288,361.63819598119034,385.7145879435709,331.5427060282146,10,0.21183930590147448,0.4281951859970783,0.0018773479387164116,0.15396105502196894,0.9978858350951374,AI model top 1%,Open,,running: day 1 of 10,2026-10-09,360.0,,,2.436111111111117,1.0,2026-10-09,369.85,,,,1,2026-10-09,2026-10-08 14:50:31,2026-10-09 14:54:30
675,2026-10-08,RADICO,Radico Khaitan Ltd,ST,BUY,Strong Buy,1,4415.0,121.18309756410382,4536.183097564104,4778.549292692312,4233.225353653845,10,0.21183930590147448,0.4281951859970783,0.0018773479387164116,0.15396105502196894,0.9704016913319239,AI model top 3%,Open,,running: day 1 of 10,2026-10-09,4449.9,,,1.9494887525562392,1.0,2026-10-09,4550.0,,,,0,2026-10-08,2026-10-08 14:50:31,2026-10-09 14:54:30
676,2026-10-08,RVNL,Rail Vikas Nigam Ltd.,ST,BUY,Strong Buy,1,187.2,6.034779948713277,193.23477994871325,205.3043398461398,178.14783007693006,10,0.21183930590147448,0.4281951859970783,0.0018773479387164116,0.15396105502196894,0.9534883720930233,AI model top 5%,Open,,running: day 1 of 10,2026-10-09,188.25,,,0.9749003984063868,1.0,2026-10-09,190.65,,,,0,2026-10-08,2026-10-08 14:50:31,2026-10-09 14:54:30
679,2026-10-08,SJVN,SJVN Ltd.,ST,BUY,Strong Buy,1,54.24,1.4597954642077098,55.69979546420771,58.61938639262313,52.050306803688436,10,0.21183930590147448,0.4281951859970783,0.0018773479387164116,0.15396105502196894,0.9936575052854123,AI model top 1%,Open,,running: day 1 of 10,2026-10-09,54.22,,,1.63655477683512,1.0,2026-10-09,55.27,,,,1,2026-10-09,2026-10-08 14:50:31,2026-10-09 14:54:30
680,2026-10-08,SYRMA,Syrma SGS Technology Ltd.,ST,BUY,Strong Buy,1,1680.9,77.40217122756663,1758.3021712275668,1913.1065136827,1564.79674315865,10,0.21183930590147448,0.4281951859970783,0.0018773479387164116,0.15396105502196894,0.9640591966173362,AI model top 4%,Open,,running: day 1 of 10,2026-10-09,1683.0,,,1.8925133689839617,1.0,2026-10-09,1719.9,,,,0,2026-10-08,2026-10-08 14:50:31,2026-10-09 14:54:30
684,2026-10-08,THERMAX,Thermax Ltd.,ST,BUY,Strong Buy,1,3138.1,107.9804866409036,3246.0804866409035,3462.0414599227106,2976.1292700386443,10,0.21183930590147448,0.4281951859970783,0.0018773479387164116,0.15396105502196894,0.9894291754756871,AI model top 1%,Open,,running: day 1 of 10,2026-10-09,3202.0,,,1.3958151155527903,1.0,2026-10-09,3256.3,,,,0,2026-10-08,2026-10-08 14:50:31,2026-10-09 14:54:30
658,2026-10-08,CARBORUNIV,Carborundum Universal Ltd.,ST,BUY,Buy,1,1209.4,52.12257415477675,1261.5225741547767,1365.7677224643303,1131.216138767835,10,0.15808489885833382,0.4353764078857869,0.004377755336463451,0.15396105502196894,0.49471458773784355,+ Holy Grail: ADX > 30 and pullback to 20 EMA,Open,,running: day 1 of 10,2026-10-09,1205.0,,,-0.4991701244813404,1.0,2026-10-09,1202.6,,,,1,2026-10-09,2026-10-08 14:50:31,2026-10-09 14:54:30
659,2026-10-08,CASTROLIND,Castrol India Ltd.,ST,BUY,Buy,1,196.08,3.6407355822582095,199.72073558225821,207.00220674677465,190.6188966266127,10,0.17864216757457557,0.42534906759759705,0.003236595541238785,0.15396105502196894,0.8033826638477801,+ Holy Grail: ADX > 30 and pullback to 20 EMA,Open,,running: day 1 of 10,2026-10-09,195.7,,,-0.8263157894736858,1.0,2026-10-09,194.67,,,,1,2026-10-09,2026-10-08 14:50:31,2026-10-09 14:54:30
662,2026-10-08,EMCURE,Emcure Pharmaceuticals Ltd.,ST,BUY,Buy,1,1851.5,57.386928981631,1908.886928981631,2023.660786944893,1765.4196065275535,10,0.1634232170714887,0.43804556699236435,0.003749104216694832,0.15396105502196894,0.2769556025369979,+ Three lower closes in an uptrend; + RSI(2) below 5 in an uptrend (Connors),Open,,running: day 1 of 10,2026-10-09,1864.7,,,-1.9731913980801203,1.0,2026-10-09,1833.5,,,,0,2026-10-08,2026-10-08 14:50:31,2026-10-09 14:54:30
664,2026-10-08,GRAPHITE,Graphite India Ltd.,ST,BUY,Buy,1,802.15,33.870192989451176,836.0201929894512,903.7605789683535,751.3447105158232,10,0.19022051220037395,0.4266432952257228,0.004370103590190411,0.15396105502196894,0.9090909090909091,+ Holy Grail: ADX > 30 and pullback to 20 EMA,Open,,running: day 1 of 10,2026-10-09,806.2,,,-0.25038451997022565,1.0,2026-10-09,806.6,,,,1,2026-10-09,2026-10-08 14:50:31,2026-10-09 14:54:30
670,2026-10-08,LALPATHLAB,Dr. Lal Path Labs Ltd.,ST,BUY,Buy,1,1898.9,63.04163826461093,1961.9416382646111,2088.024914793833,1804.3375426030836,10,0.18398048578773046,0.4280182267041745,0.002607944654300809,0.15396105502196894,0.8350951374207188,+ Three lower closes in an uptrend; + RSI(2) below 5 in an uptrend (Connors),Open,,running: day 1 of 10,2026-10-09,1898.9,,,1.5273737426931282,1.0,2026-10-09,1933.6,,,,0,2026-10-08,2026-10-08 14:50:31,2026-10-09 14:54:30
669,2026-10-08,LENSKART,Lenskart Solutions Ltd.,ST,BUY,Buy,1,653.95,22.42617690686778,676.3761769068678,721.2285307206034,620.3107346396984,10,0.1945783122647163,0.4333171399426674,0.006352463737130165,0.15396105502196894,0.8498942917547568,+ Holy Grail: ADX > 30 and pullback to 20 EMA; + Three lower closes in an uptrend,Open,,running: day 1 of 10,2026-10-09,657.55,,,2.756801764124395,1.0,2026-10-09,677.65,,,,0,2026-10-08,2026-10-08 14:50:31,2026-10-09 14:54:30
683,2026-10-08,TEGA,Tega Industries Ltd.,ST,BUY,Buy,1,1958.1,97.32391826086337,2055.4239182608635,2250.07175478259,1812.1141226087047,10,0.15808489885833382,0.4353764078857869,0.004377755336463451,0.15396105502196894,0.4503171247357294,+ Holy Grail: ADX > 30 and pullback to 20 EMA,Open,,running: day 1 of 10,2026-10-09,1971.1,,,-2.1314646644005837,1.0,2026-10-09,1935.0,,,,1,2026-10-09,2026-10-08 14:50:31,2026-10-09 14:54:30
685,2026-10-08,TVSMOTOR,TVS Motor Company Ltd.,ST,BUY,Buy,1,3839.4,104.45067109384458,3943.8506710938445,4152.752013281533,3682.723993359233,10,0.1634232170714887,0.43804556699236435,0.003749104216694832,0.15396105502196894,0.4608879492600423,+ Three lower closes in an uptrend; + RSI(2) below 5 in an uptrend (Connors),Open,,running: day 1 of 10,2026-10-09,3830.0,,,0.6608355091383913,1.0,2026-10-09,3866.8,,,,0,2026-10-08,2026-10-08 14:50:31,2026-10-09 14:54:30
689,2026-10-08,CARBORUNIV,Carborundum Universal Ltd.,MT,BUY,Buy,1,1209.4,52.12257415477675,1287.5838612321652,1522.1354449286605,1053.03227753567,60,0.29193671587322806,0.5102858249502928,0.05380639433860779,0.27432045741690125,0.25792811839323465,+ Holy Grail: ADX > 30 and pullback to 20 EMA,Open,,running: day 1 of 60,2026-10-09,1205.0,,,-0.4991701244813404,1.0,2026-10-09,1202.6,,,,1,2026-10-09,2026-10-08 14:50:31,2026-10-09 14:54:30
691,2026-10-08,FINCABLES,Finolex Cables Ltd.,MT,BUY,Buy,1,1402.2,60.39185573924378,1492.7877836088658,1764.5511344354627,1221.0244327822688,60,0.33937602477539675,0.5133184618913472,0.05653848499059677,0.27432045741690125,0.985200845665962,+ Holy Grail: ADX > 30 and pullback to 20 EMA,Open,,running: day 1 of 60,2026-10-09,1404.8,,,-1.446070615034167,1.0,2026-10-09,1388.7,,,,1,2026-10-09,2026-10-08 14:50:31,2026-10-09 14:54:30
694,2026-10-08,GRAPHITE,Graphite India Ltd.,MT,BUY,Buy,1,802.15,33.870192989451176,852.9552894841768,1005.371157936707,700.5394210316465,60,0.33937602477539675,0.5133184618913472,0.05653848499059677,0.27432045741690125,0.9619450317124736,+ Holy Grail: ADX > 30 and pullback to 20 EMA,Open,,running: day 1 of 60,2026-10-09,806.2,,,-0.25038451997022565,1.0,2026-10-09,806.6,,,,1,2026-10-09,2026-10-08 14:50:31,2026-10-09 14:54:30
697,2026-10-08,TEGA,Tega Industries Ltd.,MT,BUY,Buy,1,1958.1,97.32391826086337,2104.085877391295,2542.04350956518,1666.1282452174098,60,0.29193671587322806,0.5102858249502928,0.05380639433860779,0.27432045741690125,0.3572938689217759,+ Holy Grail: ADX > 30 and pullback to 20 EMA,Open,,running: day 1 of 60,2026-10-09,1971.1,,,-2.1314646644005837,1.0,2026-10-09,1935.0,,,,1,2026-10-09,2026-10-08 14:50:31,2026-10-09 14:54:30
701,2026-10-08,CARBORUNIV,Carborundum Universal Ltd.,LT,BUY,Accumulate (buy on dips),1,1209.4,52.12257415477675,1313.6451483095536,1730.6257415477676,948.7871292261163,250,0.42260948917423863,0.5536027867121668,0.17754365503787994,0.3753534794381895,0.42917547568710357,+ Holy Grail: ADX > 30 and pullback to 20 EMA; + Three lower closes in an uptrend,Open,,running: day 1 of 250,2026-10-09,1205.0,,,-0.4991701244813404,1.0,2026-10-09,1202.6,,,,1,2026-10-09,2026-10-08 14:50:31,2026-10-09 14:54:30
702,2026-10-08,CASTROLIND,Castrol India Ltd.,LT,BUY,Accumulate (buy on dips),1,196.08,3.6407355822582095,203.36147116451644,232.48735582258212,177.87632208870897,250,0.4095030958017272,0.547049590025911,0.1596607118844986,0.3753534794381895,0.4608879492600423,+ Holy Grail: ADX > 30 and pullback to 20 EMA,Open,,running: day 1 of 250,2026-10-09,195.7,,,-0.8263157894736858,1.0,2026-10-09,194.67,,,,1,2026-10-09,2026-10-08 14:50:31,2026-10-09 14:54:30
703,2026-10-08,FINCABLES,Finolex Cables Ltd.,LT,BUY,Accumulate (buy on dips),1,1402.2,60.39185573924378,1522.9837114784875,2006.1185573924379,1100.2407213037811,250,0.4095030958017272,0.547049590025911,0.1596607118844986,0.3753534794381895,0.47780126849894294,+ Holy Grail: ADX > 30 and pullback to 20 EMA,Open,,running: day 1 of 250,2026-10-09,1404.8,,,-1.446070615034167,1.0,2026-10-09,1388.7,,,,1,2026-10-09,2026-10-08 14:50:31,2026-10-09 14:54:30
705,2026-10-08,GRAPHITE,Graphite India Ltd.,LT,BUY,Accumulate (buy on dips),1,802.15,33.870192989451176,869.8903859789024,1140.8519298945116,632.7990350527441,250,0.4095030958017272,0.547049590025911,0.1596607118844986,0.3753534794381895,0.3572938689217759,+ Holy Grail: ADX > 30 and pullback to 20 EMA,Open,,running: day 1 of 250,2026-10-09,806.2,,,-0.25038451997022565,1.0,2026-10-09,806.6,,,,1,2026-10-09,2026-10-08 14:50:31,2026-10-09 14:54:30
709,2026-10-08,TEGA,Tega Industries Ltd.,LT,BUY,Accumulate (buy on dips),1,1958.1,97.32391826086337,2152.7478365217266,2931.3391826086336,1471.480408695683,250,0.4095030958017272,0.547049590025911,0.1596607118844986,0.3753534794381895,0.4714587737843552,+ Holy Grail: ADX > 30 and pullback to 20 EMA,Open,,running: day 1 of 250,2026-10-09,1971.1,,,-2.1314646644005837,1.0,2026-10-09,1935.0,,,,1,2026-10-09,2026-10-08 14:50:31,2026-10-09 14:54:30
656,2026-10-08,BERGEPAINT,Berger Paints India Ltd.,ST,AVOID,Avoid (likely underperformer),0,467.95,11.835531856047762,,,,10,,,-0.0037663541734218597,,0.9556025369978859,AI model laggard flag (short-side top 4%),Open,,running: day 1 of 10; so far +0.0% vs average,,,,,,1.0,2026-10-09,471.9,0.8441072764184154,0.7965557373768146,0.04755153904160078,0,2026-10-08,2026-10-08 14:50:31,2026-10-09 14:54:30
657,2026-10-08,BHARTIHEXA,Bharti Hexacom Ltd.,ST,AVOID,Avoid (likely underperformer),0,1500.7,46.68477471092673,,,,10,,,-0.0009884813334792852,,0.4439746300211416,"- RSI(2) above 95 in a downtrend; - Supertrend (10,3) turns up",Open,,running: day 1 of 10; so far +1.3% vs average,,,,,,1.0,2026-10-09,1531.9,2.0790297860998175,0.7965557373768146,1.2824740487230029,1,2026-10-09,2026-10-08 14:50:31,2026-10-09 14:54:30
661,2026-10-08,DEEPAKFERT,Deepak Fertilisers and Petrochemicals Corp. Ltd.,ST,AVOID,Avoid (likely underperformer),0,1390.2,50.11501934395349,,,,10,,,-0.0013291765935719013,,0.5433403805496829,- Candle: tasukigap (bullish),Open,,running: day 1 of 10; so far -0.6% vs average,,,,,,1.0,2026-10-09,1392.6,0.17263703064305247,0.7965557373768146,-0.6239187067337622,1,2026-10-09,2026-10-08 14:50:31,2026-10-09 14:54:30
665,2026-10-08,INDIAMART,Indiamart Intermesh Ltd.,ST,AVOID,Avoid (likely underperformer),0,1602.7,41.60759809501522,,,,10,,,-0.0023604349698871374,,0.8520084566596194,AI model laggard flag (short-side top 15%),Open,,running: day 1 of 10; so far -0.5% vs average,,,,,,1.0,2026-10-09,1606.8,0.2558183066075914,0.7965557373768146,-0.5407374307692232,0,2026-10-08,2026-10-08 14:50:31,2026-10-09 14:54:30
667,2026-10-08,JSL,Jindal Stainless Ltd.,ST,AVOID,Avoid (likely underperformer),0,705.6,21.73173218981059,,,,10,,,-0.0009884813334792852,,0.20718816067653276,- Weinstein stage-4 breakdown,Open,,running: day 1 of 10; so far -0.3% vs average,,,,,,1.0,2026-10-09,709.05,0.48894557823129237,0.7965557373768146,-0.30761015914552226,1,2026-10-09,2026-10-08 14:50:31,2026-10-09 14:54:30
671,2026-10-08,M&M,Mahindra & Mahindra Ltd.,ST,AVOID,Avoid (likely underperformer),0,2751.2,62.04213091775997,,,,10,,,-0.0023604349698871374,,0.8562367864693446,AI model laggard flag (short-side top 14%),Open,,running: day 1 of 10; so far +0.8% vs average,,,,,,1.0,2026-10-09,2796.2,1.6356498982262213,0.7965557373768146,0.8390941608494067,0,2026-10-08,2026-10-08 14:50:31,2026-10-09 14:54:30
672,2026-10-08,MSUMI,Motherson Sumi Wiring India Ltd.,ST,AVOID,Avoid (likely underperformer),0,32.97,0.868392237214168,,,,10,,,-0.0023604349698871374,,0.8816067653276956,AI model laggard flag (short-side top 12%),Open,,running: day 1 of 10; so far +1.0% vs average,,,,,,1.0,2026-10-09,33.55,1.7591750075826473,0.7965557373768146,0.9626192702058327,0,2026-10-08,2026-10-08 14:50:31,2026-10-09 14:54:30
674,2026-10-08,PFC,Power Finance Corporation Ltd.,ST,AVOID,Avoid (likely underperformer),0,323.7,7.5937731994022695,,,,10,,,-0.0023604349698871374,,0.8837209302325582,AI model laggard flag (short-side top 12%),Open,,running: day 1 of 10; so far +0.5% vs average,,,,,,1.0,2026-10-09,327.8,1.2666048810627162,0.7965557373768146,0.47004914368590156,0,2026-10-08,2026-10-08 14:50:31,2026-10-09 14:54:30
673,2026-10-08,PNBHOUSING,PNB Housing Finance Ltd.,ST,AVOID,Avoid (likely underperformer),0,1150.0,33.939713151217745,,,,10,,,-0.0023604349698871374,,0.8900634249471459,AI model laggard flag (short-side top 11%),Open,,running: day 1 of 10; so far -0.1% vs average,,,,,,1.0,2026-10-09,1158.0,0.6956521739130528,0.7965557373768146,-0.10090356346376186,0,2026-10-08,2026-10-08 14:50:31,2026-10-09 14:54:30
677,2026-10-08,RELIANCE,Reliance Industries Ltd.,ST,AVOID,Avoid (likely underperformer),0,1178.0,22.478237945726633,,,,10,,,-0.0023604349698871374,,0.854122621564482,AI model laggard flag (short-side top 15%),Open,,running: day 1 of 10; so far -1.5% vs average,,,,,,1.0,2026-10-09,1170.3,-0.653650254668936,0.7965557373768146,-1.4502059920457506,0,2026-10-08,2026-10-08 14:50:31,2026-10-09 14:54:30
678,2026-10-08,SBILIFE,SBI Life Insurance Company Ltd.,ST,AVOID,Avoid (likely underperformer),0,1682.5,43.461430199919086,,,,10,,,-0.0023604349698871374,,0.8710359408033826,AI model laggard flag (short-side top 13%),Open,,running: day 1 of 10; so far -0.7% vs average,,,,,,1.0,2026-10-09,1684.6,0.12481426448736066,0.7965557373768146,-0.671741472889454,0,2026-10-08,2026-10-08 14:50:31,2026-10-09 14:54:30
681,2026-10-08,TATACAP,Tata Capital Ltd.,ST,AVOID,Avoid (likely underperformer),0,314.9,8.882411465823736,,,,10,,,-0.0023604349698871374,,0.8964059196617337,AI model laggard flag (short-side top 10%),Open,,running: day 1 of 10; so far +0.4% vs average,,,,,,1.0,2026-10-09,318.7,1.2067322959669724,0.7965557373768146,0.4101765585901578,0,2026-10-08,2026-10-08 14:50:31,2026-10-09 14:54:30
682,2026-10-08,TECHM,Tech Mahindra Ltd.,ST,AVOID,Avoid (likely underperformer),0,1496.2,38.97106101909393,,,,10,,,-0.0023604349698871374,,0.8604651162790697,AI model laggard flag (short-side top 14%),Open,,running: day 1 of 10; so far +0.4% vs average,,,,,,1.0,2026-10-09,1514.1,1.196364122443505,0.7965557373768146,0.3998083850666905,1,2026-10-09,2026-10-08 14:50:31,2026-10-09 14:54:30
686,2026-10-08,WHIRLPOOL,Whirlpool of India Ltd.,ST,AVOID,Avoid (likely underperformer),0,823.15,40.26408531442269,,,,10,,,-0.0030570304952561855,,0.004228329809725159,- Weinstein stage-4 breakdown,Open,,running: day 1 of 10; so far -1.6% vs average,,,,,,1.0,2026-10-09,816.75,-0.7775010629897272,0.7965557373768146,-1.5740568003665418,1,2026-10-09,2026-10-08 14:50:31,2026-10-09 14:54:30
687,2026-10-08,BERGEPAINT,Berger Paints India Ltd.,MT,AVOID,Avoid (likely underperformer),0,467.95,11.835531856047762,,,,60,,,-0.010251588188111782,,0.8837209302325582,AI model laggard flag (short-side top 12%),Open,,running: day 1 of 60; so far +0.0% vs average,,,,,,1.0,2026-10-09,471.9,0.8441072764184154,0.7965557373768146,0.04755153904160078,1,2026-10-09,2026-10-08 14:50:31,2026-10-09 14:54:30
688,2026-10-08,BHARTIHEXA,Bharti Hexacom Ltd.,MT,AVOID,Avoid (likely underperformer),0,1500.7,46.68477471092673,,,,60,,,-0.0026673786342144012,,0.6701902748414377,"- Supertrend (10,3) turns up; - RSI(2) above 95 in a downtrend",Open,,running: day 1 of 60; so far +1.3% vs average,,,,,,1.0,2026-10-09,1531.9,2.0790297860998175,0.7965557373768146,1.2824740487230029,1,2026-10-09,2026-10-08 14:50:31,2026-10-09 14:54:30
690,2026-10-08,CEATLTD,Ceat Ltd.,MT,AVOID,Avoid (likely underperformer),0,3226.2,78.91388092001925,,,,60,,,-0.010251588188111782,,0.8604651162790697,AI model laggard flag (short-side top 14%); - Wyckoff spring,Open,,running: day 1 of 60; so far +0.3% vs average,,,,,,1.0,2026-10-09,3262.3,1.1189634864546605,0.7965557373768146,0.32240774907784586,0,2026-10-08,2026-10-08 14:50:31,2026-10-09 14:54:30
693,2026-10-08,FSL,Firstsource Solutions Ltd.,MT,AVOID,Avoid (likely underperformer),0,266.35,10.44834328840691,,,,60,,,-0.010251588188111782,,0.879492600422833,AI model laggard flag (short-side top 12%),Open,,running: day 1 of 60; so far -0.1% vs average,,,,,,1.0,2026-10-09,268.1,0.6570302233902758,0.7965557373768146,-0.1395255139865388,1,2026-10-09,2026-10-08 14:50:31,2026-10-09 14:54:30
692,2026-10-08,GLAND,Gland Pharma Ltd.,MT,AVOID,Avoid (likely underperformer),0,3079.1,95.51147645666859,,,,60,,,-0.010251588188111782,,0.8625792811839323,AI model laggard flag (short-side top 14%),Open,,running: day 1 of 60; so far -1.4% vs average,,,,,,1.0,2026-10-09,3061.8,-0.5618524893637677,0.7965557373768146,-1.3584082267405824,0,2026-10-08,2026-10-08 14:50:31,2026-10-09 14:54:30
695,2026-10-08,LTM,LTM Ltd. (formerly LTIMindtree),MT,AVOID,Avoid (likely underperformer),0,3915.0,131.6350483473156,,,,60,,,-0.010251588188111782,,0.9281183932346723,AI model laggard flag (short-side top 7%),Open,,running: day 1 of 60; so far +3.2% vs average,,,,,,1.0,2026-10-09,4070.0,3.9591315453384457,0.7965557373768146,3.162575807961631,1,2026-10-09,2026-10-08 14:50:31,2026-10-09 14:54:30
696,2026-10-08,RAILTEL,RailTel Corporation of India Ltd.,MT,AVOID,Avoid (likely underperformer),0,248.1,8.477064228926258,,,,60,,,-0.010251588188111782,,0.854122621564482,AI model laggard flag (short-side top 15%); - Wyckoff spring,Open,,running: day 1 of 60; so far -0.8% vs average,,,,,,1.0,2026-10-09,248.15,0.02015316404675449,0.7965557373768146,-0.7764025733300601,0,2026-10-08,2026-10-08 14:50:31,2026-10-09 14:54:30
698,2026-10-08,UBL,United Breweries Ltd.,MT,AVOID,Avoid (likely underperformer),0,1162.7,36.13288282800941,,,,60,,,-0.010251588188111782,,0.8964059196617337,AI model laggard flag (short-side top 10%),Open,,running: day 1 of 60; so far -0.3% vs average,,,,,,1.0,2026-10-09,1168.2,0.47303689687796524,0.7965557373768146,-0.3235188404988494,0,2026-10-08,2026-10-08 14:50:31,2026-10-09 14:54:30
699,2026-10-08,AFFLE,Affle (India) Ltd.,LT,AVOID,Reduce / Avoid,0,1401.4,46.292192883973705,,,,250,,,-0.010469918139278889,,0.9217758985200846,AI model laggard flag (short-side top 8%),Open,,running: day 1 of 250; so far +0.4% vs average,,,,,,1.0,2026-10-09,1417.5,1.1488511488511488,0.7965557373768146,0.3522954114743342,1,2026-10-09,2026-10-08 14:50:31,2026-10-09 14:54:30
700,2026-10-08,BHARTIHEXA,Bharti Hexacom Ltd.,LT,AVOID,Reduce / Avoid,0,1500.7,46.68477471092673,,,,250,,,-0.010469918139278889,,0.879492600422833,"AI model laggard flag (short-side top 12%); - RSI(2) above 95 in a downtrend; - Supertrend (10,3) turns up",Open,,running: day 1 of 250; so far +1.3% vs average,,,,,,1.0,2026-10-09,1531.9,2.0790297860998175,0.7965557373768146,1.2824740487230029,1,2026-10-09,2026-10-08 14:50:31,2026-10-09 14:54:30
704,2026-10-08,GROWW,Billionbrains Garage Ventures Ltd. (Groww),LT,AVOID,Reduce / Avoid,0,192.6,6.1728986624814555,,,,250,,,-0.021375585347414017,,0.9556025369978859,AI model laggard flag (short-side top 4%),Open,,running: day 1 of 250; so far -0.9% vs average,,,,,,1.0,2026-10-09,192.39,-0.1090342679127776,0.7965557373768146,-0.9055900052895922,1,2026-10-09,2026-10-08 14:50:31,2026-10-09 14:54:30
706,2026-10-08,NAVINFLUOR,Navin Fluorine International Ltd.,LT,AVOID,Reduce / Avoid,0,8417.5,221.7467621430016,,,,250,,,-0.010469918139278889,,0.864693446088795,AI model laggard flag (short-side top 14%),Open,,running: day 1 of 250; so far -1.6% vs average,,,,,,1.0,2026-10-09,8352.5,-0.7722007722007707,0.7965557373768146,-1.5687565095775853,0,2026-10-08,2026-10-08 14:50:31,2026-10-09 14:54:30
707,2026-10-08,POWERINDIA,Hitachi Energy India Ltd.,LT,AVOID,Reduce / Avoid,0,30935.0,907.7688583995981,,,,250,,,-0.010469918139278889,,0.9133192389006343,AI model laggard flag (short-side top 9%),Open,,running: day 1 of 250; so far -1.9% vs average,,,,,,1.0,2026-10-09,30605.0,-1.0667528689186967,0.7965557373768146,-1.8633086062955113,0,2026-10-08,2026-10-08 14:50:31,2026-10-09 14:54:30
708,2026-10-08,RADICO,Radico Khaitan Ltd,LT,AVOID,Reduce / Avoid,0,4415.0,121.18309756410382,,,,250,,,-0.010469918139278889,,0.854122621564482,AI model laggard flag (short-side top 15%),Open,,running: day 1 of 250; so far +2.3% vs average,,,,,,1.0,2026-10-09,4550.0,3.05775764439411,0.7965557373768146,2.2612019070172953,0,2026-10-08,2026-10-08 14:50:31,2026-10-09 14:54:30
638,2026-10-07,COHANCE,Cohance Lifesciences Ltd.,ST,BUY,Strong Buy,1,455.45,17.519270323492574,472.96927032349254,508.0078109704777,429.17109451476114,10,0.21183930590147448,0.4281951859970783,0.0018773479387164116,0.15396105502196894,0.9619450317124736,AI model top 4%,Open,,running: day 2 of 10,2026-10-08,456.0,,,-3.5894736842105313,2.0,2026-10-09,441.0,,,,0,2026-10-07,2026-10-07 14:50:54,2026-10-09 14:54:30
642,2026-10-07,PTCIL,PTC Industries Ltd.,ST,BUY,Strong Buy,1,24685.0,893.014240505781,25578.01424050578,27364.042721517344,23345.47863924133,10,0.21183930590147448,0.4281951859970783,0.0018773479387164116,0.15396105502196894,0.9556025369978859,AI model top 4%,Open,,running: day 2 of 10,2026-10-08,24685.0,,,-0.9076564715414178,2.0,2026-10-09,24535.0,,,,0,2026-10-07,2026-10-07 14:50:54,2026-10-09 14:54:30
643,2026-10-07,TIMKEN,Timken India Ltd.,ST,BUY,Strong Buy,1,3132.0,91.40267041583378,3223.4026704158337,3406.2080112475014,2994.8959943762493,10,0.21183930590147448,0.4281951859970783,0.0018773479387164116,0.15396105502196894,0.9809725158562368,AI model top 2%,Stop hit,Loss,,2026-10-08,3144.6,2026-10-09,2994.8959943762493,-5.060669262346584,2.0,2026-10-09,2994.8959943762493,,,,0,2026-10-07,2026-10-07 14:50:54,2026-10-09 14:47:30
636,2026-10-07,ASAHIINDIA,Asahi India Glass Ltd.,ST,AVOID,Avoid (likely underperformer),0,976.25,25.368211407914718,,,,10,,,-0.0023604349698871374,,0.8604651162790697,AI model laggard flag (short-side top 14%),Open,,running: day 2 of 10; so far -1.5% vs average,,,,,,2.0,2026-10-09,945.95,-3.103713188220225,-1.600756837240204,-1.5029563509800212,0,2026-10-07,2026-10-07 14:50:54,2026-10-09 14:54:30
637,2026-10-07,CHENNPETRO,Chennai Petroleum Corporation Ltd.,ST,AVOID,Avoid (likely underperformer),0,1612.3,81.30489017828967,,,,10,,,-0.0037663541734218597,,0.9746300211416491,"AI model laggard flag (short-side top 3%); - Supertrend (10,3) turns up",Open,,running: day 2 of 10; so far -6.1% vs average,,,,,,2.0,2026-10-09,1487.7,-7.728090305774349,-1.600756837240204,-6.127333468534145,1,2026-10-08,2026-10-07 14:50:54,2026-10-09 14:54:30
639,2026-10-07,DIXON,Dixon Technologies (India) Ltd.,ST,AVOID,Avoid (likely underperformer),0,13024.0,366.80404900465317,,,,10,,,-0.0023604349698871374,,0.8583509513742071,AI model laggard flag (short-side top 14%),Open,,running: day 2 of 10; so far -0.3% vs average,,,,,,2.0,2026-10-09,12774.0,-1.9195331695331719,-1.600756837240204,-0.3187763322929679,0,2026-10-07,2026-10-07 14:50:54,2026-10-09 14:54:30
640,2026-10-07,MPHASIS,MphasiS Ltd.,ST,AVOID,Avoid (likely underperformer),0,2289.0,67.37394699538339,,,,10,,,-0.0013291765935719013,,0.6913319238900634,- Weinstein stage-4 breakdown,Open,,running: day 2 of 10; so far +4.7% vs average,,,,,,2.0,2026-10-09,2360.0,3.1017911751856753,-1.600756837240204,4.702548012425879,2,2026-10-09,2026-10-07 14:50:54,2026-10-09 14:54:30
641,2026-10-07,PERSISTENT,Persistent Systems Ltd.,ST,AVOID,Avoid (likely underperformer),0,5507.0,151.6820349988974,,,,10,,,-0.0023604349698871374,,0.8900634249471459,AI model laggard flag (short-side top 11%),Open,,running: day 2 of 10; so far +6.4% vs average,,,,,,2.0,2026-10-09,5770.0,4.77573996731433,-1.600756837240204,6.376496804554534,1,2026-10-09,2026-10-07 14:50:54,2026-10-09 14:54:30
644,2026-10-07,TITAN,Titan Company Ltd.,ST,AVOID,Avoid (likely underperformer),0,4377.0,100.55271516977649,,,,10,,,-0.0023604349698871374,,0.8520084566596194,AI model laggard flag (short-side top 15%),Open,,running: day 2 of 10; so far +2.4% vs average,,,,,,2.0,2026-10-09,4410.0,0.7539410555174708,-1.600756837240204,2.3546978927576747,0,2026-10-07,2026-10-07 14:50:54,2026-10-09 14:54:30
645,2026-10-07,AIIL,Authum Investment & Infrastructure Ltd.,MT,AVOID,Avoid (likely underperformer),0,549.65,18.725302215666908,,,,60,,,-0.010251588188111782,,0.8731501057082452,AI model laggard flag (short-side top 13%),Open,,running: day 2 of 60; so far +1.6% vs average,,,,,,2.0,2026-10-09,549.7,0.009096697898680617,-1.600756837240204,1.6098535351388845,0,2026-10-07,2026-10-07 14:50:54,2026-10-09 14:54:30
646,2026-10-07,ANGELONE,Angel One Ltd.,MT,AVOID,Avoid (likely underperformer),0,302.0,9.494171292143356,,,,60,,,-0.0026673786342144012,,0.5835095137420718,"- Supertrend (10,3) turns up; - Volatility stop flips long",Open,,running: day 2 of 60; so far -1.7% vs average,,,,,,2.0,2026-10-09,292.0,-3.31125827814569,-1.600756837240204,-1.7105014409054862,2,2026-10-09,2026-10-07 14:50:54,2026-10-09 14:54:30
647,2026-10-07,CHENNPETRO,Chennai Petroleum Corporation Ltd.,MT,AVOID,Avoid (likely underperformer),0,1612.3,81.30489017828967,,,,60,,,-0.0028767113108187914,,0.3699788583509514,"- Supertrend (10,3) turns up; - Volatility stop flips long",Open,,running: day 2 of 60; so far -6.1% vs average,,,,,,2.0,2026-10-09,1487.7,-7.728090305774349,-1.600756837240204,-6.127333468534145,2,2026-10-09,2026-10-07 14:50:54,2026-10-09 14:54:30
648,2026-10-07,COFORGE,Coforge Ltd.,MT,AVOID,Avoid (likely underperformer),0,1822.2,59.99312040300538,,,,60,,,-0.010251588188111782,,0.9069767441860465,AI model laggard flag (short-side top 9%),Open,,running: day 2 of 60; so far +4.1% vs average,,,,,,2.0,2026-10-09,1867.9,2.507957414114803,-1.600756837240204,4.108714251355007,0,2026-10-07,2026-10-07 14:50:54,2026-10-09 14:54:30
649,2026-10-07,GVT&D,GE Vernova T&D India Ltd.,MT,AVOID,Avoid (likely underperformer),0,4316.3,139.70474656708552,,,,60,,,-0.010251588188111782,,0.8942917547568711,AI model laggard flag (short-side top 11%),Open,,running: day 2 of 60; so far -1.2% vs average,,,,,,2.0,2026-10-09,4194.4,-2.8241781155156187,-1.600756837240204,-1.2234212782754148,0,2026-10-07,2026-10-07 14:50:54,2026-10-09 14:54:30
650,2026-10-07,ICICIBANK,ICICI Bank Ltd.,MT,AVOID,Avoid (likely underperformer),0,1357.5,22.6508967961424,,,,60,,,-0.012906179763376713,,0.14376321353065538,"- Supertrend (10,3) turns up",Open,,running: day 2 of 60; so far +1.4% vs average,,,,,,2.0,2026-10-09,1355.0,-0.18416206261510082,-1.600756837240204,1.416594774625103,2,2026-10-09,2026-10-07 14:50:54,2026-10-09 14:54:30
651,2026-10-07,KPRMILL,K.P.R. Mill Ltd.,MT,AVOID,Avoid (likely underperformer),0,1101.3,34.02964781387528,,,,60,,,-0.010251588188111782,,0.9006342494714588,AI model laggard flag (short-side top 10%); - Wyckoff spring,Open,,running: day 2 of 60; so far -2.7% vs average,,,,,,2.0,2026-10-09,1053.8,-4.313084536456913,-1.600756837240204,-2.7123276992167087,0,2026-10-07,2026-10-07 14:50:54,2026-10-09 14:54:30
652,2026-10-07,MTARTECH,MTAR Technologies Ltd.,MT,AVOID,Avoid (likely underperformer),0,7864.5,345.97703835106427,,,,60,,,-0.0026673786342144012,,0.6744186046511628,- Volatility stop flips long,Open,,running: day 2 of 60; so far +0.5% vs average,,,,,,2.0,2026-10-09,7781.5,-1.0553754211965138,-1.600756837240204,0.5453814160436901,2,2026-10-09,2026-10-07 14:50:54,2026-10-09 14:54:30
653,2026-10-07,CHENNPETRO,Chennai Petroleum Corporation Ltd.,LT,AVOID,Reduce / Avoid,0,1612.3,81.30489017828967,,,,250,,,-0.000637742574326694,,0.4312896405919662,"- Supertrend (10,3) turns up",Open,,running: day 2 of 250; so far -6.1% vs average,,,,,,2.0,2026-10-09,1487.7,-7.728090305774349,-1.600756837240204,-6.127333468534145,2,2026-10-09,2026-10-07 14:50:54,2026-10-09 14:54:30
654,2026-10-07,ICICIBANK,ICICI Bank Ltd.,LT,AVOID,Reduce / Avoid,0,1357.5,22.6508967961424,,,,250,,,-0.01975449174642563,,0.09302325581395349,"- Supertrend (10,3) turns up; - RSI(14) rises back above 30",Open,,running: day 2 of 250; so far +1.4% vs average,,,,,,2.0,2026-10-09,1355.0,-0.18416206261510082,-1.600756837240204,1.416594774625103,2,2026-10-09,2026-10-07 14:50:54,2026-10-09 14:54:30
655,2026-10-07,TATACOMM,Tata Communications Ltd.,LT,AVOID,Reduce / Avoid,0,1659.6,47.98503463509398,,,,250,,,-0.010469918139278889,,0.8752642706131079,AI model laggard flag (short-side top 12%),Open,,running: day 2 of 250; so far +1.4% vs average,,,,,,2.0,2026-10-09,1656.7,-0.17474090142202137,-1.600756837240204,1.4260159358181825,2,2026-10-09,2026-10-07 14:50:54,2026-10-09 14:54:30
608,2026-10-06,BAJAJHFL,Bajaj Housing Finance Ltd.,ST,BUY,Strong Buy,1,82.36,1.6085769298776138,83.96857692987761,87.18573078963284,79.94713460518358,10,0.21183930590147448,0.4281951859970783,0.0018773479387164116,0.15396105502196894,0.9578059071729957,AI model top 4%,Open,,running: day 3 of 10,2026-10-07,82.11,,,-1.0307270734380642,3.0,2026-10-09,81.51,,,,1,2026-10-07,2026-10-06 14:50:46,2026-10-09 14:54:30
609,2026-10-06,BLS,BLS International Services Ltd.,ST,BUY,Strong Buy,1,223.97,6.965351169286276,230.93535116928626,244.86605350785882,213.5219732460706,10,0.21183930590147448,0.4281951859970783,0.0018773479387164116,0.15396105502196894,0.9767932489451476,AI model top 2%,Stop hit,Loss,,2026-10-07,224.0,2026-10-08,213.5219732460706,-4.97769051514706,2.0,2026-10-08,213.5219732460706,,,,0,2026-10-06,2026-10-06 14:50:46,2026-10-08 14:46:06
616,2026-10-06,KPIL,Kalpataru Projects International Ltd.,ST,BUY,Strong Buy,1,1451.5,44.90222716775527,1496.4022271677552,1586.2066815032658,1384.146659248367,10,0.21183930590147448,0.4281951859970783,0.0018773479387164116,0.15396105502196894,0.9936708860759493,AI model top 1%,Stop hit,Loss,,2026-10-07,1456.9,2026-10-09,1384.146659248367,-5.293708610860937,3.0,2026-10-09,1384.146659248367,,,,2,2026-10-08,2026-10-06 14:50:46,2026-10-09 14:47:30
620,2026-10-06,TRITURBINE,Triveni Turbine Ltd.,ST,BUY,Strong Buy,1,536.1,17.08451994149821,553.1845199414983,587.3535598244946,510.4732200877527,10,0.21183930590147448,0.4281951859970783,0.0018773479387164116,0.15396105502196894,0.9789029535864979,AI model top 2%,Stop hit,Loss,,2026-10-07,530.1,2026-10-09,510.4732200877527,-4.002467442416025,3.0,2026-10-09,510.4732200877527,,,,0,2026-10-06,2026-10-06 14:50:46,2026-10-09 14:47:30
622,2026-10-06,PRIVISCL,Privi Speciality Chemicals Ltd.,ST,BUY,Buy,1,3504.9,106.19317656805626,3611.093176568056,3823.4795297041687,3345.610235147916,10,0.19555883041352884,0.42931245433230025,0.003741452470421791,0.15396105502196894,0.8924050632911392,+ Three lower closes in an uptrend; + RSI(2) below 5 in an uptrend (Connors),Open,,running: day 3 of 10,2026-10-07,3504.9,,,-2.605343947045568,3.0,2026-10-09,3424.1,,,,0,2026-10-06,2026-10-06 14:50:46,2026-10-09 14:54:30
605,2026-10-06,ABB,ABB India Ltd.,ST,AVOID,Avoid (likely underperformer),0,7122.5,186.05889144629188,,,,10,,,-0.0023604349698871374,,0.8924050632911392,AI model laggard flag (short-side top 11%),Open,,running: day 3 of 10; so far -2.8% vs average,,,,,,3.0,2026-10-09,6780.0,-4.808704808704811,-2.0515489630945907,-2.7571558456102205,0,2026-10-06,2026-10-06 14:50:46,2026-10-09 14:54:30
606,2026-10-06,ANGELONE,Angel One Ltd.,ST,AVOID,Avoid (likely underperformer),0,295.0,9.070646006923615,,,,10,,,-0.0023604349698871374,,0.9071729957805907,AI model laggard flag (short-side top 9%),Open,,running: day 3 of 10; so far +1.0% vs average,,,,,,3.0,2026-10-09,292.0,-1.016949152542368,-2.0515489630945907,1.034599810552223,2,2026-10-08,2026-10-06 14:50:46,2026-10-09 14:54:30
607,2026-10-06,ASHOKLEY,Ashok Leyland Ltd.,ST,AVOID,Avoid (likely underperformer),0,153.7,3.9499781719709905,,,,10,,,-0.0023604349698871374,,0.8502109704641351,AI model laggard flag (short-side top 15%),Open,,running: day 3 of 10; so far -3.6% vs average,,,,,,3.0,2026-10-09,145.06,-5.621340273259589,-2.0515489630945907,-3.569791310164999,0,2026-10-06,2026-10-06 14:50:46,2026-10-09 14:54:30
610,2026-10-06,BSOFT,Birlasoft Ltd.,ST,AVOID,Avoid (likely underperformer),0,279.45,8.395898209546024,,,,10,,,-0.0023604349698871374,,0.8881856540084389,AI model laggard flag (short-side top 11%),Open,,running: day 3 of 10; so far +4.1% vs average,,,,,,3.0,2026-10-09,285.3,2.093397745571668,-2.0515489630945907,4.144946708666258,1,2026-10-07,2026-10-06 14:50:46,2026-10-09 14:54:30
612,2026-10-06,HINDCOPPER,Hindustan Copper Ltd.,ST,AVOID,Avoid (likely underperformer),0,485.5,16.232799711086148,,,,10,,,-0.0023604349698871374,,0.9008438818565401,AI model laggard flag (short-side top 10%),Open,,running: day 3 of 10; so far -1.4% vs average,,,,,,3.0,2026-10-09,468.85,-3.4294541709577686,-2.0515489630945907,-1.3779052078631777,1,2026-10-09,2026-10-06 14:50:46,2026-10-09 14:54:30
611,2026-10-06,HONASA,Honasa Consumer Ltd.,ST,AVOID,Avoid (likely underperformer),0,478.3,19.557047436586316,,,,10,,,-0.0009884813334792852,,0.3670886075949367,"- Supertrend (10,3) turns up",Open,,running: day 3 of 10; so far +0.0% vs average,,,,,,3.0,2026-10-09,468.7,-2.00710850930379,-2.0515489630945907,0.044440453790800874,1,2026-10-07,2026-10-06 14:50:46,2026-10-09 14:54:30
613,2026-10-06,HYUNDAI,Hyundai Motor India Ltd.,ST,AVOID,Avoid (likely underperformer),0,1989.0,60.02928335208412,,,,10,,,-0.0009884813334792852,,0.2468354430379747,- Weinstein stage-4 breakdown,Open,,running: day 3 of 10; so far -0.4% vs average,,,,,,3.0,2026-10-09,1940.0,-2.463549522373054,-2.0515489630945907,-0.41200055927846335,1,2026-10-07,2026-10-06 14:50:46,2026-10-09 14:54:30
614,2026-10-06,INDIANB,Indian Bank,ST,AVOID,Avoid (likely underperformer),0,813.0,18.504009684486295,,,,10,,,-0.0023604349698871374,,0.8734177215189873,AI model laggard flag (short-side top 13%),Open,,running: day 3 of 10; so far +4.1% vs average,,,,,,3.0,2026-10-09,829.8,2.0664206642066363,-2.0515489630945907,4.1179696273012265,3,2026-10-09,2026-10-06 14:50:46,2026-10-09 14:54:30
615,2026-10-06,INDUSTOWER,Indus Towers Ltd.,ST,AVOID,Avoid (likely underperformer),0,389.1,9.984647451358434,,,,10,,,-0.0011346469400450587,,0.8143459915611815,- RSI(2) above 95 in a downtrend,Open,,running: day 3 of 10; so far -0.1% vs average,,,,,,3.0,2026-10-09,380.85,-2.1202775636083304,-2.0515489630945907,-0.06872860051373962,1,2026-10-07,2026-10-06 14:50:46,2026-10-09 14:54:30
621,2026-10-06,MTARTECH,MTAR Technologies Ltd.,ST,AVOID,Avoid (likely underperformer),0,7718.5,349.82142591653076,,,,10,,,-0.0023604349698871374,,0.8649789029535865,AI model laggard flag (short-side top 14%),Open,,running: day 3 of 10; so far +2.9% vs average,,,,,,3.0,2026-10-09,7781.5,0.8162207682840039,-2.0515489630945907,2.8677697313785946,3,2026-10-09,2026-10-06 14:50:46,2026-10-09 14:54:30
617,2026-10-06,NAM-INDIA,Nippon Life India Asset Management Ltd.,ST,AVOID,Avoid (likely underperformer),0,1073.5,32.88455825625032,,,,10,,,-0.0023604349698871374,,0.8586497890295358,AI model laggard flag (short-side top 14%),Open,,running: day 3 of 10; so far -0.6% vs average,,,,,,3.0,2026-10-09,1045.0,-2.6548672566371723,-2.0515489630945907,-0.6033182935425815,0,2026-10-06,2026-10-06 14:50:46,2026-10-09 14:54:30
618,2026-10-06,RRKABEL,RR Kabel Ltd.,ST,AVOID,Avoid (likely underperformer),0,2789.7,99.09493991640356,,,,10,,,-0.0023604349698871374,,0.9388185654008439,"AI model laggard flag (short-side top 6%); - Supertrend (10,3) turns up",Open,,running: day 3 of 10; so far -1.0% vs average,,,,,,3.0,2026-10-09,2705.6,-3.014661074667524,-2.0515489630945907,-0.9631121115729332,3,2026-10-09,2026-10-06 14:50:46,2026-10-09 14:54:30
619,2026-10-06,TRENT,Trent Ltd.,ST,AVOID,Avoid (likely underperformer),0,2906.0,78.6275810059067,,,,10,,,-0.0013291765935719013,,0.580168776371308,"- Supertrend (10,3) turns up",Open,,running: day 3 of 10; so far +2.5% vs average,,,,,,3.0,2026-10-09,2918.2,0.4198210598761021,-2.0515489630945907,2.4713700229706927,1,2026-10-07,2026-10-06 14:50:46,2026-10-09 14:54:30
623,2026-10-06,HONASA,Honasa Consumer Ltd.,MT,AVOID,Avoid (likely underperformer),0,478.3,19.557047436586316,,,,60,,,-0.0028767113108187914,,0.35864978902953587,"+ Three lower closes in an uptrend; - Supertrend (10,3) turns up; - Wyckoff spring",Open,,running: day 3 of 60; so far +0.0% vs average,,,,,,3.0,2026-10-09,468.7,-2.00710850930379,-2.0515489630945907,0.044440453790800874,3,2026-10-09,2026-10-06 14:50:46,2026-10-09 14:54:30
624,2026-10-06,KOTAKBANK,Kotak Mahindra Bank Ltd.,MT,AVOID,Avoid (likely underperformer),0,431.9,9.842917216930662,,,,60,,,-0.0026673786342144012,,0.6708860759493671,"- Supertrend (10,3) turns up; - Volatility stop flips long",Open,,running: day 3 of 60; so far +4.2% vs average,,,,,,3.0,2026-10-09,441.0,2.1069692058346856,-2.0515489630945907,4.158518168929276,3,2026-10-09,2026-10-06 14:50:46,2026-10-09 14:54:30
625,2026-10-06,KPIL,Kalpataru Projects International Ltd.,MT,AVOID,Avoid (likely underperformer),0,1451.5,44.90222716775527,,,,60,,,-0.010251588188111782,,0.8924050632911392,AI model laggard flag (short-side top 11%),Open,,running: day 3 of 60; so far -2.1% vs average,,,,,,3.0,2026-10-09,1391.9,-4.106097140888732,-2.0515489630945907,-2.054548177794141,2,2026-10-08,2026-10-06 14:50:46,2026-10-09 14:54:30
626,2026-10-06,LODHA,Lodha Developers Ltd.,MT,AVOID,Avoid (likely underperformer),0,1135.6,39.07686632115055,,,,60,,,-0.010251588188111782,,0.8628691983122363,AI model laggard flag (short-side top 14%),Open,,running: day 3 of 60; so far -4.2% vs average,,,,,,3.0,2026-10-09,1064.8,-6.234589644240929,-2.0515489630945907,-4.1830406811463385,0,2026-10-06,2026-10-06 14:50:46,2026-10-09 14:54:30
627,2026-10-06,RRKABEL,RR Kabel Ltd.,MT,AVOID,Avoid (likely underperformer),0,2789.7,99.09493991640356,,,,60,,,-0.0026673786342144012,,0.6054852320675106,"- Supertrend (10,3) turns up; - Volatility stop flips long",Open,,running: day 3 of 60; so far -1.0% vs average,,,,,,3.0,2026-10-09,2705.6,-3.014661074667524,-2.0515489630945907,-0.9631121115729332,3,2026-10-09,2026-10-06 14:50:46,2026-10-09 14:54:30
628,2026-10-06,SCHNEIDER,Schneider Electric Infrastructure Ltd.,MT,AVOID,Avoid (likely underperformer),0,1274.0,47.81264415111617,,,,60,,,-0.010251588188111782,,0.869198312236287,AI model laggard flag (short-side top 13%),Open,,running: day 3 of 60; so far -5.6% vs average,,,,,,3.0,2026-10-09,1176.9,-7.621664050235477,-2.0515489630945907,-5.570115087140887,0,2026-10-06,2026-10-06 14:50:46,2026-10-09 14:54:30
629,2026-10-06,TRENT,Trent Ltd.,MT,AVOID,Avoid (likely underperformer),0,2906.0,78.6275810059067,,,,60,,,-0.010251588188111782,,0.9282700421940928,"AI model laggard flag (short-side top 7%); - Supertrend (10,3) turns up; - Volatility stop flips long",Open,,running: day 3 of 60; so far +2.5% vs average,,,,,,3.0,2026-10-09,2918.2,0.4198210598761021,-2.0515489630945907,2.4713700229706927,3,2026-10-09,2026-10-06 14:50:46,2026-10-09 14:54:30
630,2026-10-06,BSE,BSE Ltd.,LT,AVOID,Reduce / Avoid,0,3305.0,112.90434877605568,,,,250,,,-0.000637742574326694,,0.3333333333333333,- Elliott 5-wave decline complete,Open,,running: day 3 of 250; so far +1.5% vs average,,,,,,3.0,2026-10-09,3287.2,-0.5385779122541678,-2.0515489630945907,1.512971050840423,3,2026-10-09,2026-10-06 14:50:46,2026-10-09 14:54:30
631,2026-10-06,GODREJCP,Godrej Consumer Products Ltd.,LT,AVOID,Reduce / Avoid,0,872.5,18.379238514595524,,,,250,,,-0.0038028121925890446,,0.6708860759493671,- Elliott 5-wave decline complete; - RSI(14) rises back above 30,Open,,running: day 3 of 250; so far +0.7% vs average,,,,,,3.0,2026-10-09,860.5,-1.3753581661891112,-2.0515489630945907,0.6761907969054796,3,2026-10-09,2026-10-06 14:50:46,2026-10-09 14:54:30
632,2026-10-06,INDUSTOWER,Indus Towers Ltd.,LT,AVOID,Reduce / Avoid,0,389.1,9.984647451358434,,,,250,,,-0.009146535769104958,,0.8037974683544303,- RSI(2) above 95 in a downtrend,Open,,running: day 3 of 250; so far -0.1% vs average,,,,,,3.0,2026-10-09,380.85,-2.1202775636083304,-2.0515489630945907,-0.06872860051373962,3,2026-10-09,2026-10-06 14:50:46,2026-10-09 14:54:30
633,2026-10-06,POLYCAB,Polycab India Ltd.,LT,AVOID,Reduce / Avoid,0,8147.0,177.09367449060792,,,,250,,,-0.010469918139278889,,0.869198312236287,AI model laggard flag (short-side top 13%),Open,,running: day 3 of 250; so far +3.4% vs average,,,,,,3.0,2026-10-09,8255.0,1.325641340370698,-2.0515489630945907,3.377190303465288,2,2026-10-09,2026-10-06 14:50:46,2026-10-09 14:54:30
634,2026-10-06,RRKABEL,RR Kabel Ltd.,LT,AVOID,Reduce / Avoid,0,2789.7,99.09493991640356,,,,250,,,-0.0038028121925890446,,0.6497890295358649,"- Supertrend (10,3) turns up",Open,,running: day 3 of 250; so far -1.0% vs average,,,,,,3.0,2026-10-09,2705.6,-3.014661074667524,-2.0515489630945907,-0.9631121115729332,3,2026-10-09,2026-10-06 14:50:46,2026-10-09 14:54:30
635,2026-10-06,TRENT,Trent Ltd.,LT,AVOID,Reduce / Avoid,0,2906.0,78.6275810059067,,,,250,,,-0.010469918139278889,,0.8818565400843882,"AI model laggard flag (short-side top 12%); - Supertrend (10,3) turns up; - RSI(14) rises back above 30",Open,,running: day 3 of 250; so far +2.5% vs average,,,,,,3.0,2026-10-09,2918.2,0.4198210598761021,-2.0515489630945907,2.4713700229706927,3,2026-10-09,2026-10-06 14:50:46,2026-10-09 14:54:30
564,2026-10-05,ACC,ACC Ltd.,ST,BUY,Strong Buy,1,1184.4,24.716664541414683,1209.1166645414148,1258.549993624244,1147.325003187878,10,0.21183930590147448,0.4281951859970783,0.0018773479387164116,0.15396105502196894,0.9578947368421052,AI model top 4%,Stop hit,Loss,,2026-10-06,1186.1,2026-10-08,1147.325003187878,-3.569117006333511,3.0,2026-10-08,1147.325003187878,,,,0,2026-10-05,2026-10-05 14:56:12,2026-10-08 14:46:06
566,2026-10-05,ARE&M,Amara Raja Energy & Mobility Ltd.,ST,BUY,Strong Buy,1,741.6,19.98675445263363,761.5867544526336,801.5602633579009,711.6198683210496,10,0.21183930590147448,0.4281951859970783,0.0018773479387164116,0.15396105502196894,0.9621052631578947,AI model top 4%,Open,,running: day 4 of 10,2026-10-06,742.05,,,-3.136736068998036,4.0,2026-10-09,721.0,,,,2,2026-10-09,2026-10-05 14:56:12,2026-10-09 14:54:30
580,2026-10-05,AVANTIFEED,Avanti Feeds Ltd.,ST,BUY,Strong Buy,1,711.1,25.427436415199903,736.5274364151999,787.3823092455997,672.9588453772002,10,0.21183930590147448,0.4281951859970783,0.0018773479387164116,0.15396105502196894,0.9978947368421053,AI model top 1%,Open,,running: day 4 of 10,2026-10-06,714.65,,,-2.4758902959490565,4.0,2026-10-09,699.1,,,,4,2026-10-09,2026-10-05 14:56:12,2026-10-09 14:54:30
572,2026-10-05,IGIL,International Gemmological Institute (India) Ltd.,ST,BUY,Strong Buy,1,316.25,10.142873467469752,326.39287346746977,346.67862040240925,301.0356897987954,10,0.21183930590147448,0.4281951859970783,0.0018773479387164116,0.15396105502196894,0.9642105263157895,AI model top 4%,Open,,running: day 4 of 10,2026-10-06,316.4,,,-2.623008849557506,4.0,2026-10-09,309.05,,,,2,2026-10-09,2026-10-05 14:56:12,2026-10-09 14:54:30
573,2026-10-05,INTELLECT,Intellect Design Arena Ltd.,ST,BUY,Strong Buy,1,600.2,21.090092711314693,621.2900927113147,663.4702781339441,568.5648609330281,10,0.21183930590147448,0.4281951859970783,0.0018773479387164116,0.15396105502196894,0.9852631578947368,AI model top 1%,Stop hit,Loss,,2026-10-06,600.0,2026-10-08,568.5648609330281,-5.539189844495329,3.0,2026-10-08,568.5648609330281,,,,1,2026-10-06,2026-10-05 14:56:12,2026-10-08 14:46:06
582,2026-10-05,MTARTECH,MTAR Technologies Ltd.,ST,BUY,Strong Buy,1,7654.0,348.8076894485716,8002.807689448571,8700.423068345715,7130.788465827142,10,0.21183930590147448,0.4281951859970783,0.0018773479387164116,0.15396105502196894,0.968421052631579,AI model top 3%,Open,,running: day 4 of 10,2026-10-06,7512.0,,,3.2875931842385575,4.0,2026-10-09,7781.5,,,,0,2026-10-05,2026-10-05 14:56:12,2026-10-09 14:54:30
577,2026-10-05,TTML,Tata Teleservices (Maharashtra) Ltd.,ST,BUY,Strong Buy,1,34.33,1.3536238619720797,35.68362386197208,38.39087158591624,32.29956420704188,10,0.21183930590147448,0.4281951859970783,0.0018773479387164116,0.15396105502196894,0.9557894736842105,AI model top 4%,Open,,running: day 4 of 10,2026-10-06,33.92,,,-3.3365566037735883,4.0,2026-10-09,32.89,,,,1,2026-10-09,2026-10-05 14:56:12,2026-10-09 14:54:30
562,2026-10-05,ACMESOLAR,ACME Solar Holdings Ltd.,ST,BUY,Buy,1,427.65,18.2961494332342,445.94614943323415,482.53844829970257,400.20577585014865,10,0.17817111111302575,0.43614343577221687,0.00541752390563488,0.15396105502196894,0.5305263157894737,+ Holy Grail: ADX > 30 and pullback to 20 EMA; + RSI(2) below 5 in an uptrend (Connors),Open,,running: day 4 of 10,2026-10-06,429.9,,,-3.044824377762256,4.0,2026-10-09,418.1,,,,1,2026-10-06,2026-10-05 14:56:12,2026-10-09 14:54:30
579,2026-10-05,AETHER,Aether Industries Ltd.,ST,BUY,Buy,1,1661.0,60.750818410061896,1721.7508184100618,1843.2524552301857,1569.8737723849072,10,0.19490372876229003,0.42898490350668084,0.006376367993652821,0.15396105502196894,0.9242105263157895,+ Holy Grail: ADX > 30 and pullback to 20 EMA; + Three lower closes in an uptrend,Open,,running: day 4 of 10,2026-10-06,1649.0,,,5.709702850212251,4.0,2026-10-09,1748.1,,,,0,2026-10-05,2026-10-05 14:56:12,2026-10-09 14:54:30
567,2026-10-05,BELRISE,Belrise Industries Ltd.,ST,BUY,Buy,1,231.12,7.547487290458777,238.66748729045878,253.76246187137633,219.79876906431184,10,0.172256501197956,0.433186130814682,0.0030396573711186647,0.15396105502196894,0.6252631578947369,+ Three lower closes in an uptrend; + RSI(2) below 5 in an uptrend (Connors),Open,,running: day 4 of 10,2026-10-06,231.29,,,0.9451900211855272,4.0,2026-10-09,234.17,,,,1,2026-10-07,2026-10-05 14:56:12,2026-10-09 14:54:30
583,2026-10-05,SANSERA,Sansera Engineering Ltd.,ST,BUY,Buy,1,4291.3,205.47602522853984,4496.77602522854,4907.72807568562,3983.0859621571904,10,0.15808489885833382,0.4353764078857869,0.004377755336463451,0.15396105502196894,0.30105263157894735,+ Holy Grail: ADX > 30 and pullback to 20 EMA,Open,,running: day 4 of 10,2026-10-06,4245.8,,,-3.1522304394931533,4.0,2026-10-09,4124.7,,,,0,2026-10-05,2026-10-05 14:56:12,2026-10-09 14:54:30
578,2026-10-05,WOCKPHARMA,Wockhardt Ltd.,ST,BUY,Buy,1,2063.5,92.25611223334337,2155.756112233343,2340.26833670003,1925.115831649985,10,0.1634232170714887,0.43804556699236435,0.003749104216694832,0.15396105502196894,0.3936842105263158,+ Three lower closes in an uptrend; + RSI(2) below 5 in an uptrend (Connors),Open,,running: day 4 of 10,2026-10-06,2067.2,,,-3.724922600619185,4.0,2026-10-09,1996.4,,,,0,2026-10-05,2026-10-05 14:56:12,2026-10-09 14:54:30
585,2026-10-05,ACMESOLAR,ACME Solar Holdings Ltd.,MT,BUY,Buy,1,427.65,18.2961494332342,455.0942241498513,537.4268965994052,372.7615517002974,60,0.29193671587322806,0.5102858249502928,0.05380639433860779,0.27432045741690125,0.43157894736842106,+ Holy Grail: ADX > 30 and pullback to 20 EMA,Open,,running: day 4 of 60,2026-10-06,429.9,,,-3.044824377762256,4.0,2026-10-09,418.1,,,,4,2026-10-09,2026-10-05 14:56:12,2026-10-09 14:54:30
594,2026-10-05,AETHER,Aether Industries Ltd.,MT,BUY,Buy,1,1661.0,60.750818410061896,1752.1262276150928,2025.5049104603713,1478.7475447698143,60,0.3115771528425259,0.5142264948455831,0.05636122450232506,0.27432045741690125,0.5094736842105263,+ Holy Grail: ADX > 30 and pullback to 20 EMA; + Three lower closes in an uptrend,Open,,running: day 4 of 60,2026-10-06,1649.0,,,5.709702850212251,4.0,2026-10-09,1748.1,,,,3,2026-10-08,2026-10-05 14:56:12,2026-10-09 14:54:30
588,2026-10-05,LICHSGFIN,LIC Housing Finance Ltd.,MT,BUY,Buy,1,505.0,17.411859266971955,531.117788900458,609.4711556018317,452.76442219908415,60,0.29193671587322806,0.5102858249502928,0.05380639433860779,0.27432045741690125,0.27789473684210525,+ Holy Grail: ADX > 30 and pullback to 20 EMA,Open,,running: day 4 of 60,2026-10-06,505.3,,,8.872768652285757,4.0,2026-10-09,551.65,,,,1,2026-10-06,2026-10-05 14:56:12,2026-10-09 14:54:30
597,2026-10-05,SANSERA,Sansera Engineering Ltd.,MT,BUY,Buy,1,4291.3,205.47602522853984,4599.51403784281,5524.1561513712395,3674.8719243143805,60,0.29193671587322806,0.5102858249502928,0.05380639433860779,0.27432045741690125,0.20842105263157895,+ Holy Grail: ADX > 30 and pullback to 20 EMA,Open,,running: day 4 of 60,2026-10-06,4245.8,,,-3.1522304394931533,4.0,2026-10-09,4124.7,,,,2,2026-10-08,2026-10-05 14:56:12,2026-10-09 14:54:30
563,2026-10-05,ABBOTINDIA,Abbott India Ltd.,ST,AVOID,Avoid (likely underperformer),0,26240.0,616.2101973158121,,,,10,,,-0.0009884813334792852,,0.35368421052631577,- Weinstein stage-4 breakdown,Open,,running: day 4 of 10; so far +0.0% vs average,,,,,,4.0,2026-10-09,26000.0,-0.9146341463414642,-0.9637245251930696,0.04909037885160537,1,2026-10-06,2026-10-05 14:56:12,2026-10-09 14:54:30
565,2026-10-05,APOLLOHOSP,Apollo Hospitals Enterprise Ltd.,ST,AVOID,Avoid (likely underperformer),0,7985.0,200.00598563593297,,,,10,,,-0.0023604349698871374,,0.8505263157894737,AI model laggard flag (short-side top 15%),Open,,running: day 4 of 10; so far +1.5% vs average,,,,,,4.0,2026-10-09,8027.5,0.5322479649342515,-0.9637245251930696,1.495972490127321,0,2026-10-05,2026-10-05 14:56:12,2026-10-09 14:54:30
568,2026-10-05,CASTROLIND,Castrol India Ltd.,ST,AVOID,Avoid (likely underperformer),0,199.51,3.6176642866256365,,,,10,,,-0.0023604349698871374,,0.8547368421052631,AI model laggard flag (short-side top 15%),Open,,running: day 4 of 10; so far -1.5% vs average,,,,,,4.0,2026-10-09,194.67,-2.4259435617262293,-0.9637245251930696,-1.4622190365331598,0,2026-10-05,2026-10-05 14:56:12,2026-10-09 14:54:30
581,2026-10-05,CUPID,Cupid Ltd.,ST,AVOID,Avoid (likely underperformer),0,310.1,14.531686731353666,,,,10,,,-0.0037663541734218597,,0.991578947368421,AI model laggard flag (short-side top 1%),Open,,running: day 4 of 10; so far +19.0% vs average,,,,,,4.0,2026-10-09,366.1,18.05869074492099,-0.9637245251930696,19.02241527011406,4,2026-10-09,2026-10-05 14:56:12,2026-10-09 14:54:30
569,2026-10-05,FINCABLES,Finolex Cables Ltd.,ST,AVOID,Avoid (likely underperformer),0,1467.3,59.72159861105368,,,,10,,,-0.0023604349698871374,,0.9347368421052632,AI model laggard flag (short-side top 7%),Open,,running: day 4 of 10; so far -4.4% vs average,,,,,,4.0,2026-10-09,1388.7,-5.356777755060305,-0.9637245251930696,-4.393053229867236,2,2026-10-07,2026-10-05 14:56:12,2026-10-09 14:54:30
570,2026-10-05,HDFCAMC,HDFC Asset Management Company Ltd.,ST,AVOID,Avoid (likely underperformer),0,2346.0,56.87297259036043,,,,10,,,-0.0023604349698871374,,0.8568421052631578,AI model laggard flag (short-side top 14%),Open,,running: day 4 of 10; so far -2.6% vs average,,,,,,4.0,2026-10-09,2262.5,-3.559249786871266,-0.9637245251930696,-2.5955252616781963,4,2026-10-09,2026-10-05 14:56:12,2026-10-09 14:54:30
571,2026-10-05,HINDALCO,Hindalco Industries Ltd.,ST,AVOID,Avoid (likely underperformer),0,938.4,21.916693058208224,,,,10,,,-0.0023604349698871374,,0.8989473684210526,AI model laggard flag (short-side top 10%),Open,,running: day 4 of 10; so far -3.1% vs average,,,,,,4.0,2026-10-09,900.35,-4.054774083546453,-0.9637245251930696,-3.0910495583533835,0,2026-10-05,2026-10-05 14:56:12,2026-10-09 14:54:30
574,2026-10-05,NATIONALUM,National Aluminium Co. Ltd.,ST,AVOID,Avoid (likely underperformer),0,340.0,10.367789152118538,,,,10,,,-0.0023604349698871374,,0.8526315789473684,AI model laggard flag (short-side top 15%),Open,,running: day 4 of 10; so far -6.1% vs average,,,,,,4.0,2026-10-09,315.9,-7.08823529411765,-0.9637245251930696,-6.124510768924582,0,2026-10-05,2026-10-05 14:56:12,2026-10-09 14:54:30
575,2026-10-05,NUVAMA,Nuvama Wealth Management Ltd.,ST,AVOID,Avoid (likely underperformer),0,1820.8,66.29183832195119,,,,10,,,-0.0011346469400450587,,0.7978947368421052,"- Supertrend (10,3) turns up",Open,,running: day 4 of 10; so far -2.1% vs average,,,,,,4.0,2026-10-09,1764.4,-3.097539543057992,-0.9637245251930696,-2.1338150178649227,1,2026-10-06,2026-10-05 14:56:12,2026-10-09 14:54:30
584,2026-10-05,STLTECH,Sterlite Technologies Ltd.,ST,AVOID,Avoid (likely underperformer),0,1001.25,47.388803320258695,,,,10,,,-0.0037663541734218597,,0.9978947368421053,AI model laggard flag (short-side top 1%),Open,,running: day 4 of 10; so far +2.4% vs average,,,,,,4.0,2026-10-09,1015.2,1.3932584269662929,-0.9637245251930696,2.3569829521593624,4,2026-10-09,2026-10-05 14:56:12,2026-10-09 14:54:30
576,2026-10-05,TORNTPOWER,Torrent Power Ltd.,ST,AVOID,Avoid (likely underperformer),0,1234.2,32.1182210065275,,,,10,,,-0.0023604349698871374,,0.9242105263157895,AI model laggard flag (short-side top 8%),Open,,running: day 4 of 10; so far -2.7% vs average,,,,,,4.0,2026-10-09,1188.6,-3.6947010209042452,-0.9637245251930696,-2.7309764957111757,3,2026-10-08,2026-10-05 14:56:12,2026-10-09 14:54:30
595,2026-10-05,CUPID,Cupid Ltd.,MT,AVOID,Avoid (likely underperformer),0,310.1,14.531686731353666,,,,60,,,-0.011073315516114235,,0.9978947368421053,"AI model laggard flag (short-side top 1%); - Supertrend (10,3) turns up; - Volatility stop flips long",Open,,running: day 4 of 60; so far +19.0% vs average,,,,,,4.0,2026-10-09,366.1,18.05869074492099,-0.9637245251930696,19.02241527011406,4,2026-10-09,2026-10-05 14:56:12,2026-10-09 14:54:30
586,2026-10-05,FINCABLES,Finolex Cables Ltd.,MT,AVOID,Avoid (likely underperformer),0,1467.3,59.72159861105368,,,,60,,,-0.010251588188111782,,0.8505263157894737,AI model laggard flag (short-side top 15%),Open,,running: day 4 of 60; so far -4.4% vs average,,,,,,4.0,2026-10-09,1388.7,-5.356777755060305,-0.9637245251930696,-4.393053229867236,1,2026-10-07,2026-10-05 14:56:12,2026-10-09 14:54:30
587,2026-10-05,GROWW,Billionbrains Garage Ventures Ltd. (Groww),MT,AVOID,Avoid (likely underperformer),0,187.05,5.622787405484348,,,,60,,,-0.010251588188111782,,0.9031578947368422,AI model laggard flag (short-side top 10%); - Wyckoff spring,Open,,running: day 4 of 60; so far +3.8% vs average,,,,,,4.0,2026-10-09,192.39,2.854851643945455,-0.9637245251930696,3.8185761691385247,4,2026-10-09,2026-10-05 14:56:12,2026-10-09 14:54:30
596,2026-10-05,KSB,KSB Ltd.,MT,AVOID,Avoid (likely underperformer),0,803.95,31.13805793462079,,,,60,,,-0.012906179763376713,,0.1031578947368421,"- Supertrend (10,3) turns up; - Volatility stop flips long",Open,,running: day 4 of 60; so far -1.4% vs average,,,,,,4.0,2026-10-09,784.55,-2.41308539088253,-0.9637245251930696,-1.4493608656894605,2,2026-10-07,2026-10-05 14:56:12,2026-10-09 14:54:30
589,2026-10-05,NETWEB,Netweb Technologies India Ltd.,MT,AVOID,Avoid (likely underperformer),0,4765.1,193.29180920943168,,,,60,,,-0.011073315516114235,,0.9536842105263158,AI model laggard flag (short-side top 5%),Open,,running: day 4 of 60; so far +0.1% vs average,,,,,,4.0,2026-10-09,4721.6,-0.912887452519362,-0.9637245251930696,0.05083707267370761,4,2026-10-09,2026-10-05 14:56:12,2026-10-09 14:54:30
590,2026-10-05,NUVAMA,Nuvama Wealth Management Ltd.,MT,AVOID,Avoid (likely underperformer),0,1820.8,66.29183832195119,,,,60,,,-0.007604382932186127,,0.7557894736842106,"- Supertrend (10,3) turns up",Open,,running: day 4 of 60; so far -2.1% vs average,,,,,,4.0,2026-10-09,1764.4,-3.097539543057992,-0.9637245251930696,-2.1338150178649227,4,2026-10-09,2026-10-05 14:56:12,2026-10-09 14:54:30
591,2026-10-05,PETRONET,Petronet LNG Ltd.,MT,AVOID,Avoid (likely underperformer),0,290.0,6.155912414215541,,,,60,,,-0.010251588188111782,,0.8526315789473684,AI model laggard flag (short-side top 15%),Open,,running: day 4 of 60; so far +1.5% vs average,,,,,,4.0,2026-10-09,291.5,0.5172413793103514,-0.9637245251930696,1.480965904503421,0,2026-10-05,2026-10-05 14:56:12,2026-10-09 14:54:30
592,2026-10-05,POWERINDIA,Hitachi Energy India Ltd.,MT,AVOID,Avoid (likely underperformer),0,31500.0,968.2147234631303,,,,60,,,-0.010251588188111782,,0.8652631578947368,AI model laggard flag (short-side top 13%),Open,,running: day 4 of 60; so far -1.9% vs average,,,,,,4.0,2026-10-09,30605.0,-2.8412698412698445,-0.9637245251930696,-1.877545316076775,3,2026-10-08,2026-10-05 14:56:12,2026-10-09 14:54:30
593,2026-10-05,SCI,Shipping Corporation of India Ltd.,MT,AVOID,Avoid (likely underperformer),0,290.6,9.376825288285168,,,,60,,,-0.011073315516114235,,0.991578947368421,"AI model laggard flag (short-side top 1%); - Supertrend (10,3) turns up",Open,,running: day 4 of 60; so far -3.6% vs average,,,,,,4.0,2026-10-09,277.25,-4.593943565037861,-0.9637245251930696,-3.6302190398447918,4,2026-10-09,2026-10-05 14:56:12,2026-10-09 14:54:30
598,2026-10-05,STLTECH,Sterlite Technologies Ltd.,MT,AVOID,Avoid (likely underperformer),0,1001.25,47.388803320258695,,,,60,,,-0.011073315516114235,,0.9621052631578947,AI model laggard flag (short-side top 4%),Open,,running: day 4 of 60; so far +2.4% vs average,,,,,,4.0,2026-10-09,1015.2,1.3932584269662929,-0.9637245251930696,2.3569829521593624,4,2026-10-09,2026-10-05 14:56:12,2026-10-09 14:54:30
599,2026-10-05,ADANIPORTS,Adani Ports and Special Economic Zone Ltd.,LT,AVOID,Reduce / Avoid,0,1774.0,45.459724326275065,,,,250,,,-0.010469918139278889,,0.871578947368421,AI model laggard flag (short-side top 13%),Open,,running: day 4 of 250; so far +0.2% vs average,,,,,,4.0,2026-10-09,1761.0,-0.7328072153325871,-0.9637245251930696,0.2309173098604825,2,2026-10-09,2026-10-05 14:56:12,2026-10-09 14:54:30
600,2026-10-05,ANURAS,Anupam Rasayan India Ltd.,LT,AVOID,Reduce / Avoid,0,1164.4,29.650030436612962,,,,250,,,-0.010469918139278889,,0.9052631578947369,AI model laggard flag (short-side top 9%),Open,,running: day 4 of 250; so far -1.8% vs average,,,,,,4.0,2026-10-09,1132.4,-2.748196496049471,-0.9637245251930696,-1.7844719708564014,2,2026-10-07,2026-10-05 14:56:12,2026-10-09 14:54:30
601,2026-10-05,CPPLUS,Aditya Infotech Ltd. (CP Plus),LT,AVOID,Reduce / Avoid,0,3989.5,167.78910813583278,,,,250,,,-0.010469918139278889,,0.9157894736842105,"AI model laggard flag (short-side top 8%); - Supertrend (10,3) turns up",Open,,running: day 4 of 250; so far +5.9% vs average,,,,,,4.0,2026-10-09,4185.2,4.9053766136107235,-0.9637245251930696,5.869101138803793,4,2026-10-09,2026-10-05 14:56:12,2026-10-09 14:54:30
603,2026-10-05,CUPID,Cupid Ltd.,LT,AVOID,Reduce / Avoid,0,310.1,14.531686731353666,,,,250,,,-0.009146535769104958,,0.7221052631578947,"- Supertrend (10,3) turns up",Open,,running: day 4 of 250; so far +19.0% vs average,,,,,,4.0,2026-10-09,366.1,18.05869074492099,-0.9637245251930696,19.02241527011406,4,2026-10-09,2026-10-05 14:56:12,2026-10-09 14:54:30
604,2026-10-05,KSB,KSB Ltd.,LT,AVOID,Reduce / Avoid,0,803.95,31.13805793462079,,,,250,,,-0.000637742574326694,,0.4126315789473684,"- Supertrend (10,3) turns up",Open,,running: day 4 of 250; so far -1.4% vs average,,,,,,4.0,2026-10-09,784.55,-2.41308539088253,-0.9637245251930696,-1.4493608656894605,4,2026-10-09,2026-10-05 14:56:12,2026-10-09 14:54:30
602,2026-10-05,NUVAMA,Nuvama Wealth Management Ltd.,LT,AVOID,Reduce / Avoid,0,1820.8,66.29183832195119,,,,250,,,-0.000637742574326694,,0.4926315789473684,"- Supertrend (10,3) turns up",Open,,running: day 4 of 250; so far -2.1% vs average,,,,,,4.0,2026-10-09,1764.4,-3.097539543057992,-0.9637245251930696,-2.1338150178649227,4,2026-10-09,2026-10-05 14:56:12,2026-10-09 14:54:30
518,2026-10-01,BAYERCROP,Bayer Cropscience Ltd.,ST,BUY,Strong Buy,1,3554.2,70.50784335434255,3624.7078433543425,3765.7235300630273,3448.438234968486,10,0.21183930590147448,0.4281951859970783,0.0018773479387164116,0.15396105502196894,0.9567901234567902,AI model top 4%,Stop hit,Loss,,2026-10-05,3573.0,2026-10-08,3448.438234968486,-3.7861954948646526,4.0,2026-10-08,3448.438234968486,,,,0,2026-10-01,2026-10-01 14:48:52,2026-10-08 14:46:06
524,2026-10-01,FINCABLES,Finolex Cables Ltd.,ST,BUY,Strong Buy,1,1458.8,61.07710619651935,1519.8771061965192,1642.031318589558,1367.1843407052208,10,0.21183930590147448,0.4281951859970783,0.0018773479387164116,0.15396105502196894,0.9526748971193416,AI model top 5%,Open,,running: day 5 of 10,2026-10-05,1458.8,,,-5.105319440636135,5.0,2026-10-09,1388.7,,,,2,2026-10-09,2026-10-01 14:48:52,2026-10-09 14:54:30
526,2026-10-01,GMDCLTD,Gujarat Mineral Development Corporation Ltd.,ST,BUY,Strong Buy,1,487.65,15.523510802444624,503.1735108024446,534.2205324073338,464.36473379633304,10,0.21183930590147448,0.4281951859970783,0.0018773479387164116,0.15396105502196894,0.9650205761316872,AI model top 3%,Stop hit,Loss,,2026-10-05,489.9,2026-10-08,464.36473379633304,-5.5123425604545755,4.0,2026-10-08,464.36473379633304,,,,0,2026-10-01,2026-10-01 14:48:52,2026-10-08 14:46:06
525,2026-10-01,GODREJIND,Godrej Industries Ltd.,ST,BUY,Strong Buy,1,1019.6,37.69354689397859,1057.2935468939786,1132.6806406819358,963.0596796590321,10,0.21183930590147448,0.4281951859970783,0.0018773479387164116,0.15396105502196894,0.9629629629629629,AI model top 4%,Open,,running: day 5 of 10,2026-10-05,1020.0,,,-3.6921568627450996,5.0,2026-10-09,985.4,,,,0,2026-10-01,2026-10-01 14:48:52,2026-10-09 14:54:30
529,2026-10-01,JBMA,JBM Auto Ltd.,ST,BUY,Strong Buy,1,544.65,17.0850121914231,561.735012191423,595.9050365742693,519.0224817128653,10,0.21183930590147448,0.4281951859970783,0.0018773479387164116,0.15396105502196894,0.9588477366255144,AI model top 4%,Open,,running: day 5 of 10,2026-10-05,550.0,,,-4.19090909090909,5.0,2026-10-09,528.6,,,,4,2026-10-09,2026-10-01 14:48:52,2026-10-09 14:54:30
530,2026-10-01,LATENTVIEW,Latent View Analytics Ltd.,ST,BUY,Strong Buy,1,234.48,7.503150651140429,241.98315065114042,256.9894519534213,223.22527402328936,10,0.21183930590147448,0.4281951859970783,0.0018773479387164116,0.15396105502196894,0.9691358024691358,AI model top 3%,Open,,running: day 5 of 10,2026-10-05,238.0,,,-2.81680672268908,5.0,2026-10-09,232.01,,,,0,2026-10-01,2026-10-01 14:48:52,2026-10-09 14:54:30
534,2026-10-01,NBCC,NBCC (India) Ltd.,ST,BUY,Strong Buy,1,77.4,2.0692302696598763,79.46923026965989,83.60769080897964,74.29615459551019,10,0.21183930590147448,0.4281951859970783,0.0018773479387164116,0.15396105502196894,0.9547325102880658,AI model top 5%,Stop hit,Loss,,2026-10-05,78.11,2026-10-08,74.29615459551019,-5.182659588387928,4.0,2026-10-08,74.29615459551019,,,,0,2026-10-01,2026-10-01 14:48:52,2026-10-08 14:46:06
535,2026-10-01,OLECTRA,Olectra Greentech Ltd.,ST,BUY,Strong Buy,1,1096.2,42.27008098049662,1138.4700809804967,1223.0102429414899,1032.7948785292551,10,0.21183930590147448,0.4281951859970783,0.0018773479387164116,0.15396105502196894,0.9958847736625515,AI model top 1%,Open,,running: day 5 of 10,2026-10-05,1108.0,,,-6.003971119133578,5.0,2026-10-09,1044.8,,,,2,2026-10-07,2026-10-01 14:48:52,2026-10-09 14:54:30
540,2026-10-01,REDINGTON,Redington (India) Ltd.,ST,BUY,Strong Buy,1,397.95,14.667169101854308,412.6171691018543,441.9515073055629,375.94924634721855,10,0.21183930590147448,0.4281951859970783,0.0018773479387164116,0.15396105502196894,0.9794238683127572,AI model top 2%,Open,,running: day 5 of 10,2026-10-05,400.45,,,-5.406754900736665,5.0,2026-10-09,380.0,,,,0,2026-10-01,2026-10-01 14:48:52,2026-10-09 14:54:30
541,2026-10-01,SJVN,SJVN Ltd.,ST,BUY,Strong Buy,1,57.91,1.4249379417038393,59.334937941703835,62.18481382511151,55.772593087444235,10,0.21183930590147448,0.4281951859970783,0.0018773479387164116,0.15396105502196894,0.9917695473251029,AI model top 1%,Stop hit,Loss,,2026-10-05,58.3,2026-10-08,55.772593087444235,-4.635174807128239,4.0,2026-10-08,55.772593087444235,,,,3,2026-10-07,2026-10-01 14:48:52,2026-10-08 14:46:06
542,2026-10-01,SOBHA,Sobha Ltd.,ST,BUY,Strong Buy,1,1213.1,35.30368045545431,1248.4036804554542,1319.0110413663629,1160.1444793168184,10,0.21183930590147448,0.4281951859970783,0.0018773479387164116,0.15396105502196894,0.9609053497942387,AI model top 4%,Stop hit,Loss,,2026-10-05,1214.0,2026-10-09,1160.1444793168184,-4.736204339636041,5.0,2026-10-09,1160.1444793168184,,,,3,2026-10-07,2026-10-01 14:48:52,2026-10-09 14:47:30
519,2026-10-01,BHARATFORG,Bharat Forge Ltd.,ST,BUY,Buy,1,1875.0,53.09436807693434,1928.0943680769344,2034.283104230803,1795.3584478845985,10,0.172256501197956,0.433186130814682,0.0030396573711186647,0.15396105502196894,0.5493827160493827,+ Three lower closes in an uptrend; + RSI(2) below 5 in an uptrend (Connors),Stop hit,Loss,,2026-10-05,1868.0,2026-10-08,1795.3584478845985,-4.188734053287025,4.0,2026-10-08,1795.3584478845985,,,,0,2026-10-01,2026-10-01 14:48:52,2026-10-08 14:46:06
520,2026-10-01,CAPLIPOINT,Caplin Point Laboratories Ltd.,ST,BUY,Buy,1,2631.9,115.73029521170125,2747.630295211701,2979.090885635104,2458.304557182448,10,0.1634232170714887,0.43804556699236435,0.003749104216694832,0.15396105502196894,0.3436213991769547,+ Three lower closes in an uptrend; + RSI(2) below 5 in an uptrend (Connors),Stop hit,Loss,,2026-10-05,2609.7,2026-10-09,2458.304557182448,-6.1012584901541045,5.0,2026-10-09,2458.304557182448,,,,0,2026-10-01,2026-10-01 14:48:52,2026-10-09 14:47:30
522,2026-10-01,CRAFTSMAN,Craftsman Automation Ltd.,ST,BUY,Buy,1,10266.0,391.7513865832558,10657.751386583255,11441.254159749767,9678.372920125115,10,0.1634232170714887,0.43804556699236435,0.003749104216694832,0.15396105502196894,0.3786008230452675,+ Three lower closes in an uptrend; + RSI(2) below 5 in an uptrend (Connors),Open,,running: day 5 of 10,2026-10-05,10280.0,,,-1.2435797665369615,5.0,2026-10-09,10183.0,,,,0,2026-10-01,2026-10-01 14:48:52,2026-10-09 14:54:30
538,2026-10-01,PWL,PhysicsWallah Ltd.,ST,BUY,Buy,1,120.17,5.586620517102617,125.75662051710262,136.92986155130785,111.79006922434607,10,0.1634232170714887,0.43804556699236435,0.003749104216694832,0.15396105502196894,0.4444444444444444,+ Three lower closes in an uptrend; + RSI(2) below 5 in an uptrend (Connors),Target hit,Win,,2026-10-05,120.71,2026-10-07,136.92986155130785,13.137048754293634,3.0,2026-10-07,136.92986155130785,,,,0,2026-10-01,2026-10-01 14:48:52,2026-10-07 14:43:57
544,2026-10-01,WELCORP,Welspun Corp Ltd.,ST,BUY,Buy,1,2605.8,142.70581749700872,2748.505817497009,3033.9174524910263,2391.7412737544873,10,0.17864216757457557,0.42534906759759705,0.003236595541238785,0.15396105502196894,0.7325102880658436,+ Holy Grail: ADX > 30 and pullback to 20 EMA,Open,,running: day 5 of 10,2026-10-05,2649.9,,,-0.6585040944941276,5.0,2026-10-09,2640.4,,,,0,2026-10-01,2026-10-01 14:48:52,2026-10-09 14:54:30
555,2026-10-01,WELCORP,Welspun Corp Ltd.,MT,BUY,Buy,1,2605.8,142.70581749700872,2819.858726245513,3462.0349049820525,2177.682547508974,60,0.30545363251590263,0.5111647346822714,0.051328133791685104,0.27432045741690125,0.5,+ Holy Grail: ADX > 30 and pullback to 20 EMA,Open,,running: day 5 of 60,2026-10-05,2649.9,,,-0.6585040944941276,5.0,2026-10-09,2640.4,,,,3,2026-10-07,2026-10-01 14:48:52,2026-10-09 14:54:30
512,2026-10-01,ABCAPITAL,Aditya Birla Capital Ltd.,ST,AVOID,Avoid (likely underperformer),0,375.05,9.564444633199562,,,,10,,,-0.0023604349698871374,,0.897119341563786,AI model laggard flag (short-side top 10%),Open,,running: day 5 of 10; so far +2.1% vs average,,,,,,5.0,2026-10-09,380.7,1.506465804559376,-0.6132118014304995,2.1196776059898754,5,2026-10-09,2026-10-01 14:48:52,2026-10-09 14:54:30
513,2026-10-01,AFFLE,Affle (India) Ltd.,ST,AVOID,Avoid (likely underperformer),0,1449.6,49.43829284096263,,,,10,,,-0.0030570304952561855,,0.19753086419753085,- Weinstein stage-4 breakdown,Open,,running: day 5 of 10; so far -1.6% vs average,,,,,,5.0,2026-10-09,1417.5,-2.2144039735099263,-0.6132118014304995,-1.6011921720794269,1,2026-10-05,2026-10-01 14:48:52,2026-10-09 14:54:30
514,2026-10-01,ANANDRATHI,Anand Rathi Wealth Ltd.,ST,AVOID,Avoid (likely underperformer),0,2117.5,54.683037181954376,,,,10,,,-0.0023604349698871374,,0.8744855967078189,AI model laggard flag (short-side top 13%),Open,,running: day 5 of 10; so far -3.1% vs average,,,,,,5.0,2026-10-09,2038.7,-3.7213695395513557,-0.6132118014304995,-3.1081577381208563,3,2026-10-08,2026-10-01 14:48:52,2026-10-09 14:54:30
515,2026-10-01,AUBANK,AU Small Finance Bank Ltd.,ST,AVOID,Avoid (likely underperformer),0,987.0,25.004586512413116,,,,10,,,-0.0023604349698871374,,0.8683127572016461,AI model laggard flag (short-side top 13%),Open,,running: day 5 of 10; so far +0.1% vs average,,,,,,5.0,2026-10-09,982.0,-0.5065856129685908,-0.6132118014304995,0.1066261884619086,1,2026-10-05,2026-10-01 14:48:52,2026-10-09 14:54:30
516,2026-10-01,BAJAJFINSV,Bajaj Finserv Ltd.,ST,AVOID,Avoid (likely underperformer),0,1732.6,37.26893847326079,,,,10,,,-0.0023604349698871374,,0.9094650205761317,AI model laggard flag (short-side top 9%),Open,,running: day 5 of 10; so far +0.7% vs average,,,,,,5.0,2026-10-09,1734.7,0.12120512524529392,-0.6132118014304995,0.7344169266757934,2,2026-10-09,2026-10-01 14:48:52,2026-10-09 14:54:30
517,2026-10-01,BAJAJHFL,Bajaj Housing Finance Ltd.,ST,AVOID,Avoid (likely underperformer),0,82.91,1.5975211731124992,,,,10,,,-0.0037663541734218597,,0.9567901234567902,AI model laggard flag (short-side top 4%),Open,,running: day 5 of 10; so far -1.1% vs average,,,,,,5.0,2026-10-09,81.51,-1.688577976118677,-0.6132118014304995,-1.0753661746881775,1,2026-10-08,2026-10-01 14:48:52,2026-10-09 14:54:30
521,2026-10-01,CGPOWER,CG Power and Industrial Solutions Ltd.,ST,AVOID,Avoid (likely underperformer),0,879.0,24.792804135201546,,,,10,,,-0.0023604349698871374,,0.8827160493827161,AI model laggard flag (short-side top 12%),Open,,running: day 5 of 10; so far -2.1% vs average,,,,,,5.0,2026-10-09,855.55,-2.667804323094436,-0.6132118014304995,-2.0545925216639365,3,2026-10-07,2026-10-01 14:48:52,2026-10-09 14:54:30
523,2026-10-01,CUMMINSIND,Cummins India Ltd.,ST,AVOID,Avoid (likely underperformer),0,4860.0,112.06192547266151,,,,10,,,-0.0023604349698871374,,0.9382716049382716,AI model laggard flag (short-side top 6%),Open,,running: day 5 of 10; so far -0.0% vs average,,,,,,5.0,2026-10-09,4830.0,-0.6172839506172867,-0.6132118014304995,-0.004072149186787246,2,2026-10-09,2026-10-01 14:48:52,2026-10-09 14:54:30
527,2026-10-01,HDFCBANK,HDFC Bank Ltd.,ST,AVOID,Avoid (likely underperformer),0,721.2,13.972875871356674,,,,10,,,-0.0023604349698871374,,0.9156378600823045,AI model laggard flag (short-side top 8%),Open,,running: day 5 of 10; so far -1.3% vs average,,,,,,5.0,2026-10-09,707.25,-1.9342762063228047,-0.6132118014304995,-1.3210644048923053,2,2026-10-09,2026-10-01 14:48:52,2026-10-09 14:54:30
528,2026-10-01,HFCL,HFCL Ltd.,ST,AVOID,Avoid (likely underperformer),0,238.36,10.95408009850618,,,,10,,,-0.0011346469400450587,,0.8189300411522634,"- Supertrend (10,3) turns up",Open,,running: day 5 of 10; so far +9.9% vs average,,,,,,5.0,2026-10-09,260.4,9.24651787212618,-0.6132118014304995,9.85972967355668,4,2026-10-09,2026-10-01 14:48:52,2026-10-09 14:54:30
531,2026-10-01,LINDEINDIA,Linde India Ltd.,ST,AVOID,Avoid (likely underperformer),0,6247.5,161.4941154822293,,,,10,,,-0.0023604349698871374,,0.8724279835390947,AI model laggard flag (short-side top 13%),Open,,running: day 5 of 10; so far -3.4% vs average,,,,,,5.0,2026-10-09,5996.0,-4.025610244097644,-0.6132118014304995,-3.4123984426671443,0,2026-10-01,2026-10-01 14:48:52,2026-10-09 14:54:30
533,2026-10-01,MGL,Mahanagar Gas Ltd.,ST,AVOID,Avoid (likely underperformer),0,1045.4,26.69032795135365,,,,10,,,-0.0023604349698871374,,0.8518518518518519,AI model laggard flag (short-side top 15%),Open,,running: day 5 of 10; so far +0.4% vs average,,,,,,5.0,2026-10-09,1042.8,-0.24870862827627294,-0.6132118014304995,0.36450317315422653,2,2026-10-09,2026-10-01 14:48:52,2026-10-09 14:54:30
532,2026-10-01,MUTHOOTFIN,Muthoot Finance Ltd.,ST,AVOID,Avoid (likely underperformer),0,2697.1,69.39800614738726,,,,10,,,-0.0023604349698871374,,0.8765432098765432,AI model laggard flag (short-side top 12%),Open,,running: day 5 of 10; so far -2.1% vs average,,,,,,5.0,2026-10-09,2624.7,-2.6843646879982197,-0.6132118014304995,-2.0711528865677202,0,2026-10-01,2026-10-01 14:48:52,2026-10-09 14:54:30
536,2026-10-01,PETRONET,Petronet LNG Ltd.,ST,AVOID,Avoid (likely underperformer),0,285.5,5.975597984539813,,,,10,,,-0.0037663541734218597,,0.9670781893004116,AI model laggard flag (short-side top 3%),Open,,running: day 5 of 10; so far +2.7% vs average,,,,,,5.0,2026-10-09,291.5,2.1015761821365997,-0.6132118014304995,2.714787983567099,5,2026-10-09,2026-10-01 14:48:52,2026-10-09 14:54:30
537,2026-10-01,POWERINDIA,Hitachi Energy India Ltd.,ST,AVOID,Avoid (likely underperformer),0,31290.0,986.9235483449096,,,,10,,,-0.0023604349698871374,,0.8580246913580247,AI model laggard flag (short-side top 14%),Open,,running: day 5 of 10; so far -1.6% vs average,,,,,,5.0,2026-10-09,30605.0,-2.189197826781719,-0.6132118014304995,-1.5759860253512197,4,2026-10-08,2026-10-01 14:48:52,2026-10-09 14:54:30
539,2026-10-01,SAGILITY,Sagility India Ltd.,ST,AVOID,Avoid (likely underperformer),0,43.17,1.1974020681259026,,,,10,,,-0.0023604349698871374,,0.8539094650205762,AI model laggard flag (short-side top 15%),Open,,running: day 5 of 10; so far +2.5% vs average,,,,,,5.0,2026-10-09,44.0,1.9226314570303327,-0.6132118014304995,2.535843258460832,1,2026-10-09,2026-10-01 14:48:52,2026-10-09 14:54:30
543,2026-10-01,ULTRACEMCO,UltraTech Cement Ltd.,ST,AVOID,Avoid (likely underperformer),0,10710.0,201.48829232239527,,,,10,,,-0.0023604349698871374,,0.8847736625514403,AI model laggard flag (short-side top 12%),Open,,running: day 5 of 10; so far +0.3% vs average,,,,,,5.0,2026-10-09,10675.0,-0.32679738562091387,-0.6132118014304995,0.2864144158095856,0,2026-10-01,2026-10-01 14:48:52,2026-10-09 14:54:30
545,2026-10-01,ANANDRATHI,Anand Rathi Wealth Ltd.,MT,AVOID,Avoid (likely underperformer),0,2117.5,54.683037181954376,,,,60,,,-0.010251588188111782,,0.8847736625514403,AI model laggard flag (short-side top 12%); - Wyckoff spring,Open,,running: day 5 of 60; so far -3.1% vs average,,,,,,5.0,2026-10-09,2038.7,-3.7213695395513557,-0.6132118014304995,-3.1081577381208563,2,2026-10-09,2026-10-01 14:48:52,2026-10-09 14:54:30
546,2026-10-01,BANKBARODA,Bank of Baroda,MT,AVOID,Avoid (likely underperformer),0,230.82,4.556656073611386,,,,60,,,-0.010251588188111782,,0.8580246913580247,AI model laggard flag (short-side top 14%); - Wyckoff spring,Open,,running: day 5 of 60; so far +2.8% vs average,,,,,,5.0,2026-10-09,235.8,2.157525344424238,-0.6132118014304995,2.7707371458547376,3,2026-10-09,2026-10-01 14:48:52,2026-10-09 14:54:30
547,2026-10-01,BHEL,Bharat Heavy Electricals Ltd.,MT,AVOID,Avoid (likely underperformer),0,421.0,12.444842090869633,,,,60,,,-0.010251588188111782,,0.911522633744856,AI model laggard flag (short-side top 9%),Open,,running: day 5 of 60; so far +3.6% vs average,,,,,,5.0,2026-10-09,433.6,2.9928741092636546,-0.6132118014304995,3.606085910694154,5,2026-10-09,2026-10-01 14:48:52,2026-10-09 14:54:30
548,2026-10-01,CGPOWER,CG Power and Industrial Solutions Ltd.,MT,AVOID,Avoid (likely underperformer),0,879.0,24.792804135201546,,,,60,,,-0.010251588188111782,,0.9423868312757202,AI model laggard flag (short-side top 6%),Open,,running: day 5 of 60; so far -2.1% vs average,,,,,,5.0,2026-10-09,855.55,-2.667804323094436,-0.6132118014304995,-2.0545925216639365,4,2026-10-08,2026-10-01 14:48:52,2026-10-09 14:54:30
549,2026-10-01,CPPLUS,Aditya Infotech Ltd. (CP Plus),MT,AVOID,Avoid (likely underperformer),0,3799.6,166.0882703001276,,,,60,,,-0.011073315516114235,,0.9588477366255144,AI model laggard flag (short-side top 4%),Open,,running: day 5 of 60; so far +10.8% vs average,,,,,,5.0,2026-10-09,4185.2,10.148436677544993,-0.6132118014304995,10.761648478975491,5,2026-10-09,2026-10-01 14:48:52,2026-10-09 14:54:30
550,2026-10-01,CYIENT,Cyient Ltd.,MT,AVOID,Avoid (likely underperformer),0,1104.6,44.38805802961918,,,,60,,,-0.011073315516114235,,0.9670781893004116,AI model laggard flag (short-side top 3%),Open,,running: day 5 of 60; so far +5.5% vs average,,,,,,5.0,2026-10-09,1158.8,4.906753575955092,-0.6132118014304995,5.519965377385591,2,2026-10-06,2026-10-01 14:48:52,2026-10-09 14:54:30
551,2026-10-01,EMMVEE,Emmvee Photovoltaic Power Ltd.,MT,AVOID,Avoid (likely underperformer),0,305.9,11.929001580377346,,,,60,,,-0.011073315516114235,,1.0,AI model laggard flag (short-side top 1%),Open,,running: day 5 of 60; so far -1.3% vs average,,,,,,5.0,2026-10-09,300.05,-1.9123896698267306,-0.6132118014304995,-1.2991778683962312,5,2026-10-09,2026-10-01 14:48:52,2026-10-09 14:54:30
552,2026-10-01,ENRIN,Siemens Energy India Ltd.,MT,AVOID,Avoid (likely underperformer),0,3334.0,115.50034359776238,,,,60,,,-0.010251588188111782,,0.9300411522633745,"AI model laggard flag (short-side top 7%); - Supertrend (10,3) turns up",Open,,running: day 5 of 60; so far -6.4% vs average,,,,,,5.0,2026-10-09,3101.0,-6.988602279544088,-0.6132118014304995,-6.375390478113588,4,2026-10-08,2026-10-01 14:48:52,2026-10-09 14:54:30
553,2026-10-01,LENSKART,Lenskart Solutions Ltd.,MT,AVOID,Avoid (likely underperformer),0,691.15,22.461726201961852,,,,60,,,-0.011073315516114235,,0.9876543209876543,AI model laggard flag (short-side top 1%),Open,,running: day 5 of 60; so far -1.3% vs average,,,,,,5.0,2026-10-09,677.65,-1.953266295304923,-0.6132118014304995,-1.3400544938744234,2,2026-10-06,2026-10-01 14:48:52,2026-10-09 14:54:30
554,2026-10-01,TCS,Tata Consultancy Services Ltd.,MT,AVOID,Avoid (likely underperformer),0,2075.0,58.78649545672982,,,,60,,,-0.010251588188111782,,0.9382716049382716,AI model laggard flag (short-side top 6%),Open,,running: day 5 of 60; so far +4.5% vs average,,,,,,5.0,2026-10-09,2156.0,3.903614457831317,-0.6132118014304995,4.5168262592618165,5,2026-10-09,2026-10-01 14:48:52,2026-10-09 14:54:30
556,2026-10-01,AIAENG,AIA Engineering Ltd.,LT,AVOID,Reduce / Avoid,0,3824.4,113.29715053077683,,,,250,,,-0.010469918139278889,,0.8868312757201646,AI model laggard flag (short-side top 11%),Open,,running: day 5 of 250; so far -1.7% vs average,,,,,,5.0,2026-10-09,3737.7,-2.2670222780044047,-0.6132118014304995,-1.6538104765739052,5,2026-10-09,2026-10-01 14:48:52,2026-10-09 14:54:30
557,2026-10-01,AJANTPHARM,Ajanta Pharmaceuticals Ltd.,LT,AVOID,Reduce / Avoid,0,3581.0,93.63922332635522,,,,250,,,-0.010469918139278889,,0.9176954732510288,AI model laggard flag (short-side top 8%),Open,,running: day 5 of 250; so far -4.2% vs average,,,,,,5.0,2026-10-09,3410.1,-4.77240994135717,-0.6132118014304995,-4.15919813992667,2,2026-10-07,2026-10-01 14:48:52,2026-10-09 14:54:30
558,2026-10-01,HAL,Hindustan Aeronautics Ltd.,LT,AVOID,Reduce / Avoid,0,4601.0,112.50995940627887,,,,250,,,-0.010469918139278889,,0.8703703703703703,AI model laggard flag (short-side top 13%),Open,,running: day 5 of 250; so far +1.8% vs average,,,,,,5.0,2026-10-09,4655.6,1.1866985437948285,-0.6132118014304995,1.799910345225328,0,2026-10-01,2026-10-01 14:48:52,2026-10-09 14:54:30
559,2026-10-01,HFCL,HFCL Ltd.,LT,AVOID,Reduce / Avoid,0,238.36,10.95408009850618,,,,250,,,-0.010469918139278889,,0.9197530864197531,"AI model laggard flag (short-side top 8%); - Supertrend (10,3) turns up",Open,,running: day 5 of 250; so far +9.9% vs average,,,,,,5.0,2026-10-09,260.4,9.24651787212618,-0.6132118014304995,9.85972967355668,5,2026-10-09,2026-10-01 14:48:52,2026-10-09 14:54:30
560,2026-10-01,HONAUT,Honeywell Automation India Ltd.,LT,AVOID,Reduce / Avoid,0,33470.0,968.2089993807772,,,,250,,,-0.010469918139278889,,0.8518518518518519,AI model laggard flag (short-side top 15%),Open,,running: day 5 of 250; so far -2.3% vs average,,,,,,5.0,2026-10-09,32495.0,-2.913056468479236,-0.6132118014304995,-2.2998446670487365,1,2026-10-05,2026-10-01 14:48:52,2026-10-09 14:54:30
561,2026-10-01,SIEMENS,Siemens Ltd.,LT,AVOID,Reduce / Avoid,0,3804.0,93.97236949370891,,,,250,,,-0.010469918139278889,,0.8621399176954733,AI model laggard flag (short-side top 14%),Open,,running: day 5 of 250; so far -4.9% vs average,,,,,,5.0,2026-10-09,3595.0,-5.49421661409043,-0.6132118014304995,-4.881004812659931,0,2026-10-01,2026-10-01 14:48:52,2026-10-09 14:54:30
469,2026-09-30,CESC,CESC Ltd.,ST,BUY,Strong Buy,1,133.85,3.4312477621444613,137.28124776214446,144.1437432864334,128.7031283567833,10,0.21183930590147448,0.4281951859970783,0.0018773479387164116,0.15396105502196894,0.9504132231404959,AI model top 5%,Stop hit,Loss,,2026-10-01,133.65,2026-10-08,128.7031283567833,-4.001362995298685,5.0,2026-10-08,128.7031283567833,,,,0,2026-09-30,2026-09-30 14:49:48,2026-10-08 14:46:06
470,2026-09-30,CROMPTON,Crompton Greaves Consumer Electricals Ltd.,ST,BUY,Strong Buy,1,208.67,5.610428953669986,214.28042895366997,225.50128686100993,200.254356569495,10,0.21183930590147448,0.4281951859970783,0.0018773479387164116,0.15396105502196894,0.9586776859504132,AI model top 4%,Open,,running: day 6 of 10,2026-10-01,208.71,,,-2.0248814144027567,6.0,2026-10-09,205.11,,,,0,2026-09-30,2026-09-30 14:49:48,2026-10-09 14:54:30
474,2026-09-30,KAJARIACER,Kajaria Ceramics Ltd.,ST,BUY,Strong Buy,1,1235.1,34.42481516003082,1269.5248151600308,1338.3744454800924,1183.4627772599538,10,0.21183930590147448,0.4281951859970783,0.0018773479387164116,0.15396105502196894,0.96900826446281,AI model top 3%,Open,,running: day 6 of 10,2026-10-01,1233.6,,,-1.7753566796368188,6.0,2026-10-09,1215.4,,,,0,2026-09-30,2026-09-30 14:49:49,2026-10-09 14:54:30
481,2026-09-30,RVNL,Rail Vikas Nigam Ltd.,ST,BUY,Strong Buy,1,201.76,5.9858879406204,207.74588794062038,219.71766382186118,192.78116808906938,10,0.21183930590147448,0.4281951859970783,0.0018773479387164116,0.15396105502196894,0.9628099173553719,AI model top 4%,Stop hit,Loss,,2026-10-01,201.5,2026-10-08,192.78116808906938,-4.6269637275089925,5.0,2026-10-08,192.78116808906938,,,,0,2026-09-30,2026-09-30 14:49:49,2026-10-08 14:46:06
486,2026-09-30,SJVN,SJVN Ltd.,ST,BUY,Strong Buy,1,59.32,1.3353177833733652,60.65531778337336,63.325953350120095,57.31702332493995,10,0.21183930590147448,0.4281951859970783,0.0018773479387164116,0.15396105502196894,0.9958677685950413,AI model top 1%,Stop hit,Loss,,2026-10-01,59.25,2026-10-01,57.31702332493995,-3.5624078903967016,1.0,2026-10-01,57.31702332493995,,,,0,2026-09-30,2026-09-30 14:49:49,2026-10-01 14:44:25
487,2026-09-30,TARIL,Transformers and Rectifiers (India) Ltd.,ST,BUY,Strong Buy,1,270.1,8.849546058238445,278.94954605823847,296.64863817471536,256.8256809126424,10,0.21183930590147448,0.4281951859970783,0.0018773479387164116,0.15396105502196894,0.9917355371900827,AI model top 1%,Target hit,Win,,2026-10-01,271.1,2026-10-01,296.64863817471536,9.124064247405139,1.0,2026-10-01,296.64863817471536,,,,0,2026-09-30,2026-09-30 14:49:49,2026-10-01 14:44:25
471,2026-09-30,DIVISLAB,Divi's Laboratories Ltd.,ST,BUY,Buy,1,9291.5,196.50499319027895,9488.00499319028,9881.014979570837,8996.74251021458,10,0.18285432767494184,0.4384850440531749,0.006784176453948021,0.15396105502196894,0.6756198347107438,+ Holy Grail: ADX > 30 and pullback to 20 EMA; + Three lower closes in an uptrend,Open,,running: day 6 of 10,2026-10-01,9277.0,,,0.3790988466099046,6.0,2026-10-09,9340.0,,,,1,2026-10-01,2026-09-30 14:49:48,2026-10-09 14:54:30
480,2026-09-30,PTCIL,PTC Industries Ltd.,ST,BUY,Buy,1,22190.0,824.9280509530508,23014.92805095305,24664.784152859153,20952.607923570424,10,0.1669181829848011,0.43051697170810455,0.0036683082580566406,0.15396105502196894,0.506198347107438,+ Holy Grail: ADX > 30 and pullback to 20 EMA,Target hit,Win,,2026-10-01,22195.0,2026-10-07,24664.784152859153,10.827660071453716,4.0,2026-10-07,24664.784152859153,,,,2,2026-10-05,2026-09-30 14:49:49,2026-10-07 14:43:57
485,2026-09-30,SPLPETRO,Supreme Petrochem Ltd.,ST,BUY,Buy,1,808.2,32.9207622675966,841.1207622675967,906.9622868027899,758.8188565986052,10,0.172256501197956,0.433186130814682,0.0030396573711186647,0.15396105502196894,0.5888429752066116,+ Three lower closes in an uptrend; + RSI(2) below 5 in an uptrend (Connors),Open,,running: day 6 of 10,2026-10-01,808.2,,,-2.7313288789903574,6.0,2026-10-09,788.55,,,,0,2026-09-30,2026-09-30 14:49:49,2026-10-09 14:54:30
488,2026-09-30,TITAN,Titan Company Ltd.,ST,BUY,Buy,1,4587.0,89.73842323315485,4676.738423233155,4856.215269699464,4452.392365150267,10,0.172256501197956,0.433186130814682,0.0030396573711186647,0.15396105502196894,0.6797520661157025,+ Three lower closes in an uptrend; + RSI(2) below 5 in an uptrend (Connors),Stop hit,Loss,,2026-10-01,4574.9,2026-10-07,4439.0,-3.270556733480501,4.0,2026-10-07,4439.0,,,,1,2026-10-01,2026-09-30 14:49:49,2026-10-07 14:43:57
490,2026-09-30,DIVISLAB,Divi's Laboratories Ltd.,MT,BUY,Buy,1,9291.5,196.50499319027895,9586.25748978542,10470.529959141673,8701.985020429163,60,0.3115771528425259,0.5142264948455831,0.05636122450232506,0.27432045741690125,0.6074380165289256,+ Holy Grail: ADX > 30 and pullback to 20 EMA; + Three lower closes in an uptrend,Open,,running: day 6 of 60,2026-10-01,9277.0,,,0.3790988466099046,6.0,2026-10-09,9340.0,,,,3,2026-10-06,2026-09-30 14:49:49,2026-10-09 14:54:30
465,2026-09-30,ACE,Action Construction Equipment Ltd.,ST,AVOID,Avoid (likely underperformer),0,1232.0,38.956787261983976,,,,10,,,-0.0023604349698871374,,0.878099173553719,AI model laggard flag (short-side top 12%),Open,,running: day 6 of 10; so far -2.6% vs average,,,,,,6.0,2026-10-09,1176.9,-4.472402597402592,-1.8596829891599855,-2.6127196082426063,0,2026-09-30,2026-09-30 14:49:48,2026-10-09 14:54:30
466,2026-09-30,ASTRAL,Astral Poly Technik Ltd.,ST,AVOID,Avoid (likely underperformer),0,1370.4,30.634938440266954,,,,10,,,-0.0023604349698871374,,0.9338842975206612,AI model laggard flag (short-side top 7%),Open,,running: day 6 of 10; so far +4.7% vs average,,,,,,6.0,2026-10-09,1409.8,2.8750729713951984,-1.8596829891599855,4.7347559605551846,5,2026-10-09,2026-09-30 14:49:48,2026-10-09 14:54:30
467,2026-09-30,BHEL,Bharat Heavy Electricals Ltd.,ST,AVOID,Avoid (likely underperformer),0,415.5,12.109829944013455,,,,10,,,-0.0023604349698871374,,0.9462809917355371,AI model laggard flag (short-side top 5%),Open,,running: day 6 of 10; so far +6.2% vs average,,,,,,6.0,2026-10-09,433.6,4.356197352587254,-1.8596829891599855,6.215880341747241,6,2026-10-09,2026-09-30 14:49:48,2026-10-09 14:54:30
468,2026-09-30,CHOICEIN,Choice International Ltd.,ST,AVOID,Avoid (likely underperformer),0,726.25,21.82537086832277,,,,10,,,-0.0030570304952561855,,0.1756198347107438,- Weinstein stage-4 breakdown,Open,,running: day 6 of 10; so far +0.0% vs average,,,,,,6.0,2026-10-09,713.1,-1.810671256454388,-1.8596829891599855,0.04901173270559743,3,2026-10-08,2026-09-30 14:49:48,2026-10-09 14:54:30
472,2026-09-30,IRCON,IRCON International Ltd.,ST,AVOID,Avoid (likely underperformer),0,117.09,4.234333671053083,,,,10,,,-0.0009884813334792852,,0.3987603305785124,"- Supertrend (10,3) turns up",Open,,running: day 6 of 10; so far -8.8% vs average,,,,,,6.0,2026-10-09,104.56,-10.701170040140063,-1.8596829891599855,-8.841487050980076,1,2026-10-01,2026-09-30 14:49:49,2026-10-09 14:54:30
473,2026-09-30,JUBLFOOD,Jubilant Foodworks Ltd.,ST,AVOID,Avoid (likely underperformer),0,456.7,13.419064981836527,,,,10,,,-0.0009884813334792852,,0.29132231404958675,- Weinstein stage-4 breakdown,Open,,running: day 6 of 10; so far -5.6% vs average,,,,,,6.0,2026-10-09,422.75,-7.433763958835115,-1.8596829891599855,-5.57408096967513,3,2026-10-09,2026-09-30 14:49:49,2026-10-09 14:54:30
475,2026-09-30,KOTAKBANK,Kotak Mahindra Bank Ltd.,ST,AVOID,Avoid (likely underperformer),0,417.0,8.181527011041299,,,,10,,,-0.0023604349698871374,,0.9235537190082644,AI model laggard flag (short-side top 8%),Open,,running: day 6 of 10; so far +7.6% vs average,,,,,,6.0,2026-10-09,441.0,5.755395683453246,-1.8596829891599855,7.615078672613232,4,2026-10-08,2026-09-30 14:49:49,2026-10-09 14:54:30
476,2026-09-30,LENSKART,Lenskart Solutions Ltd.,ST,AVOID,Avoid (likely underperformer),0,685.05,22.651089755958917,,,,10,,,-0.0023604349698871374,,0.8615702479338843,AI model laggard flag (short-side top 14%),Open,,running: day 6 of 10; so far +0.8% vs average,,,,,,6.0,2026-10-09,677.65,-1.0802131231296919,-1.8596829891599855,0.7794698660302937,3,2026-10-06,2026-09-30 14:49:49,2026-10-09 14:54:30
477,2026-09-30,MINDACORP,Minda Corporation Ltd.,ST,AVOID,Avoid (likely underperformer),0,692.85,18.5180344925283,,,,10,,,-0.0037663541734218597,,0.9566115702479339,AI model laggard flag (short-side top 4%),Open,,running: day 6 of 10; so far -6.3% vs average,,,,,,6.0,2026-10-09,636.3,-8.161939813812523,-1.8596829891599855,-6.302256824652538,0,2026-09-30,2026-09-30 14:49:49,2026-10-09 14:54:30
478,2026-09-30,MRPL,Mangalore Refinery & Petrochemicals Ltd.,ST,AVOID,Avoid (likely underperformer),0,169.29,7.784431099839519,,,,10,,,-0.0030570304952561855,,0.049586776859504134,- Weinstein stage-4 breakdown,Open,,running: day 6 of 10; so far +3.5% vs average,,,,,,6.0,2026-10-09,172.13,1.6775946600507963,-1.8596829891599855,3.537277649210782,1,2026-10-01,2026-09-30 14:49:49,2026-10-09 14:54:30
479,2026-09-30,NLCINDIA,NLC India Ltd.,ST,AVOID,Avoid (likely underperformer),0,261.7,7.023790846044529,,,,10,,,-0.0023604349698871374,,0.8884297520661157,AI model laggard flag (short-side top 11%),Open,,running: day 6 of 10; so far -5.1% vs average,,,,,,6.0,2026-10-09,243.55,-6.935422239205192,-1.8596829891599855,-5.075739250045205,0,2026-09-30,2026-09-30 14:49:49,2026-10-09 14:54:30
482,2026-09-30,RITES,RITES Ltd.,ST,AVOID,Avoid (likely underperformer),0,209.05,6.2461251278539995,,,,10,,,-0.0011346469400450587,,0.8326446280991735,"- Supertrend (10,3) turns up",Open,,running: day 6 of 10; so far -3.1% vs average,,,,,,6.0,2026-10-09,198.66,-4.970102846209046,-1.8596829891599855,-3.1104198570490604,1,2026-10-01,2026-09-30 14:49:49,2026-10-09 14:54:30
483,2026-09-30,SCHNEIDER,Schneider Electric Infrastructure Ltd.,ST,AVOID,Avoid (likely underperformer),0,1203.4,43.51929701896348,,,,10,,,-0.0023604349698871374,,0.9214876033057852,AI model laggard flag (short-side top 8%),Open,,running: day 6 of 10; so far -0.3% vs average,,,,,,6.0,2026-10-09,1176.9,-2.2020940668107003,-1.8596829891599855,-0.34241107765071477,4,2026-10-07,2026-09-30 14:49:49,2026-10-09 14:54:30
484,2026-09-30,SCI,Shipping Corporation of India Ltd.,ST,AVOID,Avoid (likely underperformer),0,270.5,7.9352529970644525,,,,10,,,-0.0023604349698871374,,0.8677685950413223,AI model laggard flag (short-side top 13%),Open,,running: day 6 of 10; so far +4.4% vs average,,,,,,6.0,2026-10-09,277.25,2.4953789279112737,-1.8596829891599855,4.35506191707126,2,2026-10-06,2026-09-30 14:49:49,2026-10-09 14:54:30
489,2026-09-30,AFFLE,Affle (India) Ltd.,MT,AVOID,Avoid (likely underperformer),0,1511.0,47.71816152103666,,,,60,,,-0.010251588188111782,,0.9400826446280992,AI model laggard flag (short-side top 6%),Open,,running: day 6 of 60; so far -4.3% vs average,,,,,,6.0,2026-10-09,1417.5,-6.187954996690936,-1.8596829891599855,-4.32827200753095,3,2026-10-07,2026-09-30 14:49:49,2026-10-09 14:54:30
491,2026-09-30,HFCL,HFCL Ltd.,MT,AVOID,Avoid (likely underperformer),0,227.02,10.923624721468194,,,,60,,,-0.010251588188111782,,0.878099173553719,AI model laggard flag (short-side top 12%),Open,,running: day 6 of 60; so far +16.6% vs average,,,,,,6.0,2026-10-09,260.4,14.703550347986937,-1.8596829891599855,16.563233337146922,6,2026-10-09,2026-09-30 14:49:49,2026-10-09 14:54:30
492,2026-09-30,INDIAMART,Indiamart Intermesh Ltd.,MT,AVOID,Avoid (likely underperformer),0,1629.0,38.670718106329666,,,,60,,,-0.010251588188111782,,0.8801652892561983,AI model laggard flag (short-side top 12%); - Wyckoff spring,Open,,running: day 6 of 60; so far +0.5% vs average,,,,,,6.0,2026-10-09,1606.8,-1.362799263351755,-1.8596829891599855,0.4968837258082306,0,2026-09-30,2026-09-30 14:49:49,2026-10-09 14:54:30
494,2026-09-30,INDUSTOWER,Indus Towers Ltd.,MT,AVOID,Avoid (likely underperformer),0,373.2,9.746733093549178,,,,60,,,-0.010251588188111782,,0.8822314049586777,AI model laggard flag (short-side top 12%),Open,,running: day 6 of 60; so far +3.9% vs average,,,,,,6.0,2026-10-09,380.85,2.0498392282958244,-1.8596829891599855,3.90952221745581,3,2026-10-06,2026-09-30 14:49:49,2026-10-09 14:54:30
493,2026-09-30,IRCON,IRCON International Ltd.,MT,AVOID,Avoid (likely underperformer),0,117.09,4.234333671053083,,,,60,,,-0.0026673786342144012,,0.6425619834710744,"- Supertrend (10,3) turns up; - Volatility stop flips long",Open,,running: day 6 of 60; so far -8.8% vs average,,,,,,6.0,2026-10-09,104.56,-10.701170040140063,-1.8596829891599855,-8.841487050980076,4,2026-10-07,2026-09-30 14:49:49,2026-10-09 14:54:30
495,2026-09-30,KAJARIACER,Kajaria Ceramics Ltd.,MT,AVOID,Avoid (likely underperformer),0,1235.1,34.42481516003082,,,,60,,,-0.010251588188111782,,0.8615702479338843,AI model laggard flag (short-side top 14%),Open,,running: day 6 of 60; so far +0.3% vs average,,,,,,6.0,2026-10-09,1215.4,-1.5950125495911127,-1.8596829891599855,0.2646704395688728,1,2026-10-01,2026-09-30 14:49:49,2026-10-09 14:54:30
496,2026-09-30,OFSS,Oracle Financial Services Software Ltd.,MT,AVOID,Avoid (likely underperformer),0,10630.0,394.4935511567131,,,,60,,,-0.010251588188111782,,0.8884297520661157,AI model laggard flag (short-side top 11%); - Wyckoff spring,Open,,running: day 6 of 60; so far +0.7% vs average,,,,,,6.0,2026-10-09,10510.0,-1.1288805268109159,-1.8596829891599855,0.7308024623490696,5,2026-10-09,2026-09-30 14:49:49,2026-10-09 14:54:30
497,2026-09-30,PRESTIGE,Prestige Estates Projects Ltd.,MT,AVOID,Avoid (likely underperformer),0,1481.9,47.909350123577326,,,,60,,,-0.010251588188111782,,0.859504132231405,AI model laggard flag (short-side top 14%),Open,,running: day 6 of 60; so far -3.2% vs average,,,,,,6.0,2026-10-09,1406.8,-5.067818341318587,-1.8596829891599855,-3.2081353521586005,2,2026-10-06,2026-09-30 14:49:49,2026-10-09 14:54:30
499,2026-09-30,REDINGTON,Redington (India) Ltd.,MT,AVOID,Avoid (likely underperformer),0,407.0,14.49156672507387,,,,60,,,-0.010251588188111782,,0.8553719008264463,AI model laggard flag (short-side top 14%),Open,,running: day 6 of 60; so far -4.8% vs average,,,,,,6.0,2026-10-09,380.0,-6.633906633906639,-1.8596829891599855,-4.774223644746653,1,2026-10-07,2026-09-30 14:49:49,2026-10-09 14:54:30
498,2026-09-30,RITES,RITES Ltd.,MT,AVOID,Avoid (likely underperformer),0,209.05,6.2461251278539995,,,,60,,,-0.010251588188111782,,0.9028925619834711,"AI model laggard flag (short-side top 10%); - Supertrend (10,3) turns up",Open,,running: day 6 of 60; so far -3.1% vs average,,,,,,6.0,2026-10-09,198.66,-4.970102846209046,-1.8596829891599855,-3.1104198570490604,4,2026-10-07,2026-09-30 14:49:49,2026-10-09 14:54:30
500,2026-09-30,TATACOMM,Tata Communications Ltd.,MT,AVOID,Avoid (likely underperformer),0,1656.2,45.1620353118508,,,,60,,,-0.010251588188111782,,0.8574380165289256,AI model laggard flag (short-side top 14%); - Wyckoff spring,Open,,running: day 6 of 60; so far +1.9% vs average,,,,,,6.0,2026-10-09,1656.7,0.030189590629148277,-1.8596829891599855,1.8898725797891338,2,2026-10-08,2026-09-30 14:49:49,2026-10-09 14:54:30
501,2026-09-30,TBOTEK,TBO Tek Ltd.,MT,AVOID,Avoid (likely underperformer),0,1685.2,54.20358922300715,,,,60,,,-0.010251588188111782,,0.8657024793388429,AI model laggard flag (short-side top 13%),Open,,running: day 6 of 60; so far +0.7% vs average,,,,,,6.0,2026-10-09,1666.4,-1.1155945881794471,-1.8596829891599855,0.7440884009805384,0,2026-09-30,2026-09-30 14:49:49,2026-10-09 14:54:30
502,2026-09-30,DEEPAKNTR,Deepak Nitrite Ltd.,LT,AVOID,Reduce / Avoid,0,1529.8,43.58070473713181,,,,250,,,-0.010469918139278889,,0.8512396694214877,AI model laggard flag (short-side top 15%),Open,,running: day 6 of 250; so far +7.9% vs average,,,,,,6.0,2026-10-09,1621.9,6.020394822852659,-1.8596829891599855,7.880077812012646,6,2026-10-09,2026-09-30 14:49:49,2026-10-09 14:54:30
503,2026-09-30,HSCL,Himadri Speciality Chemical Ltd.,LT,AVOID,Reduce / Avoid,0,677.8,19.309915705015598,,,,250,,,-0.010469918139278889,,0.871900826446281,AI model laggard flag (short-side top 13%),Open,,running: day 6 of 250; so far -0.8% vs average,,,,,,6.0,2026-10-09,659.95,-2.633520212452034,-1.8596829891599855,-0.7738372232920485,6,2026-10-09,2026-09-30 14:49:49,2026-10-09 14:54:30
504,2026-09-30,IRCON,IRCON International Ltd.,LT,AVOID,Reduce / Avoid,0,117.09,4.234333671053083,,,,250,,,-0.009146535769104958,,0.7128099173553719,"- Supertrend (10,3) turns up; - RSI(14) rises back above 30",Open,,running: day 6 of 250; so far -8.8% vs average,,,,,,6.0,2026-10-09,104.56,-10.701170040140063,-1.8596829891599855,-8.841487050980076,6,2026-10-09,2026-09-30 14:49:49,2026-10-09 14:54:30
505,2026-09-30,JKTYRE,JK Tyre & Industries Ltd.,LT,AVOID,Reduce / Avoid,0,347.0,8.702630217750828,,,,250,,,-0.01975449174642563,,0.17355371900826447,- Elliott 5-wave decline complete; - RSI(14) rises back above 30,Open,,running: day 6 of 250; so far -2.1% vs average,,,,,,6.0,2026-10-09,333.4,-3.9193083573487053,-1.8596829891599855,-2.05962536818872,6,2026-10-09,2026-09-30 14:49:49,2026-10-09 14:54:30
506,2026-09-30,LGEINDIA,LG Electronics India Ltd.,LT,AVOID,Reduce / Avoid,0,1723.5,41.21579192641911,,,,250,,,-0.021375585347414017,,0.9566115702479339,AI model laggard flag (short-side top 4%),Open,,running: day 6 of 250; so far +3.8% vs average,,,,,,6.0,2026-10-09,1757.0,1.9437191760951489,-1.8596829891599855,3.8034021652551346,6,2026-10-09,2026-09-30 14:49:49,2026-10-09 14:54:30
507,2026-09-30,MAPMYINDIA,C.E. Info Systems Ltd. (MapmyIndia),LT,AVOID,Reduce / Avoid,0,858.1,34.349007499051375,,,,250,,,-0.010469918139278889,,0.8677685950413223,AI model laggard flag (short-side top 13%); - RSI(14) rises back above 30,Open,,running: day 6 of 250; so far +3.6% vs average,,,,,,6.0,2026-10-09,873.1,1.7480480130520837,-1.8596829891599855,3.6077310022120694,0,2026-09-30,2026-09-30 14:49:49,2026-10-09 14:54:30
508,2026-09-30,RITES,RITES Ltd.,LT,AVOID,Reduce / Avoid,0,209.05,6.2461251278539995,,,,250,,,-0.009146535769104958,,0.8388429752066116,"- Supertrend (10,3) turns up; - RSI(14) rises back above 30",Open,,running: day 6 of 250; so far -3.1% vs average,,,,,,6.0,2026-10-09,198.66,-4.970102846209046,-1.8596829891599855,-3.1104198570490604,6,2026-10-09,2026-09-30 14:49:49,2026-10-09 14:54:30
509,2026-09-30,SHREECEM,Shree Cement Ltd.,LT,AVOID,Reduce / Avoid,0,22345.0,523.6776074745975,,,,250,,,-0.000637742574326694,,0.3243801652892562,- Elliott 5-wave decline complete; - RSI(14) rises back above 30,Open,,running: day 6 of 250; so far +0.7% vs average,,,,,,6.0,2026-10-09,22080.0,-1.1859476392929058,-1.8596829891599855,0.6737353498670797,6,2026-10-09,2026-09-30 14:49:49,2026-10-09 14:54:30
510,2026-09-30,TATACAP,Tata Capital Ltd.,LT,AVOID,Reduce / Avoid,0,327.95,9.22420720076917,,,,250,,,-0.009146535769104958,,0.7148760330578512,- Elliott 5-wave decline complete,Open,,running: day 6 of 250; so far -1.0% vs average,,,,,,6.0,2026-10-09,318.7,-2.8205519134014367,-1.8596829891599855,-0.9608689242414512,4,2026-10-07,2026-09-30 14:49:49,2026-10-09 14:54:30
511,2026-09-30,WELSPUNLIV,Welspun Living Ltd.,LT,AVOID,Reduce / Avoid,0,227.33,7.73012188784589,,,,250,,,-0.010469918139278889,,0.8533057851239669,AI model laggard flag (short-side top 15%),Open,,running: day 6 of 250; so far +0.3% vs average,,,,,,6.0,2026-10-09,223.75,-1.5748031496063075,-1.8596829891599855,0.284879839553678,0,2026-09-30,2026-09-30 14:49:49,2026-10-09 14:54:30
407,2026-09-29,ABFRL,Aditya Birla Fashion and Retail Ltd.,ST,BUY,Strong Buy,1,46.24,1.5240437116312613,47.76404371163126,50.81213113489379,43.95393443255311,10,0.21183930590147448,0.4281951859970783,0.0018773479387164116,0.15396105502196894,0.9937888198757764,AI model top 1%,Stop hit,Loss,,2026-09-30,46.6,2026-10-08,43.95393443255311,-5.978252290658559,6.0,2026-10-08,43.95393443255311,,,,2,2026-10-01,2026-09-29 14:47:56,2026-10-08 14:46:06
408,2026-09-29,ABLBL,Aditya Birla Lifestyle Brands Ltd.,ST,BUY,Strong Buy,1,76.98,2.427218218198692,79.4072182181987,84.26165465459609,73.33917267270196,10,0.21183930590147448,0.4281951859970783,0.0018773479387164116,0.15396105502196894,0.9834368530020704,AI model top 2%,Stop hit,Loss,,2026-09-30,77.39,2026-10-05,73.33917267270196,-5.534303304429566,3.0,2026-10-05,73.33917267270196,,,,2,2026-10-01,2026-09-29 14:47:56,2026-10-05 14:49:20
411,2026-09-29,ASAHIINDIA,Asahi India Glass Ltd.,ST,BUY,Strong Buy,1,957.95,26.640768967500932,984.5907689675009,1037.872306902503,917.9888465487486,10,0.21652252246339057,0.4305367942780363,0.003883612807840109,0.15396105502196894,0.9565217391304348,AI model top 4%; + Three lower closes in an uptrend,Open,,running: day 7 of 10,2026-09-30,956.1,,,-1.3616044346825613,7.0,2026-10-09,945.95,,,,4,2026-10-09,2026-09-29 14:47:56,2026-10-09 14:54:30
420,2026-09-29,HUDCO,Housing & Urban Development Corporation Ltd.,ST,BUY,Strong Buy,1,165.57,4.761251000481,170.331251000481,179.85375300144298,158.42812349927848,10,0.21183930590147448,0.4281951859970783,0.0018773479387164116,0.15396105502196894,0.9751552795031055,AI model top 2%,Stop hit,Loss,,2026-09-30,166.47,2026-10-06,158.42812349927848,-5.1308262754379275,4.0,2026-10-06,158.42812349927848,,,,2,2026-10-05,2026-09-29 14:47:56,2026-10-06 14:43:53
423,2026-09-29,IRB,IRB Infrastructure Developers Ltd.,ST,BUY,Strong Buy,1,16.98,0.5018733858883163,17.481873385888317,18.48562015766495,16.227189921167525,10,0.21183930590147448,0.4281951859970783,0.0018773479387164116,0.15396105502196894,0.9648033126293996,AI model top 4%,Open,,running: day 7 of 10,2026-09-30,16.98,,,2.644640753828032,7.0,2026-10-09,17.48,,,,0,2026-09-29,2026-09-29 14:47:56,2026-10-09 14:54:30
424,2026-09-29,J&KBANK,Jammu & Kashmir Bank Ltd.,ST,BUY,Strong Buy,1,138.52,4.085492320557377,142.60549232055737,150.77647696167213,132.39176151916394,10,0.22777545059161522,0.43616325834214864,0.005632828921079636,0.15396105502196894,0.9627329192546584,AI model top 4%; + Three lower closes in an uptrend; + RSI(2) below 5 in an uptrend (Connors),Open,,running: day 7 of 10,2026-09-30,139.0,,,-0.8539568345323764,7.0,2026-10-09,138.23,,,,4,2026-10-09,2026-09-29 14:47:56,2026-10-09 14:54:30
425,2026-09-29,JKTYRE,JK Tyre & Industries Ltd.,ST,BUY,Strong Buy,1,334.8,8.279755619116278,343.07975561911627,359.63926685734884,322.38036657132557,10,0.21183930590147448,0.4281951859970783,0.0018773479387164116,0.15396105502196894,0.9875776397515528,AI model top 1%,Open,,running: day 7 of 10,2026-09-30,337.0,,,-1.3682492581602475,7.0,2026-10-09,333.4,,,,2,2026-10-05,2026-09-29 14:47:56,2026-10-09 14:54:30
426,2026-09-29,JSWCEMENT,JSW Cement Ltd.,ST,BUY,Strong Buy,1,112.58,2.57352705476956,115.15352705476955,120.30058116430868,108.71970941784566,10,0.21183930590147448,0.4281951859970783,0.0018773479387164116,0.15396105502196894,0.9730848861283644,AI model top 3%,Open,,running: day 7 of 10,2026-09-30,113.6,,,-1.329929577464783,7.0,2026-10-09,112.43,,,,0,2026-09-29,2026-09-29 14:47:56,2026-10-09 14:54:30
427,2026-09-29,JWL,Jupiter Wagons Ltd.,ST,BUY,Strong Buy,1,219.82,6.111579028299287,225.93157902829927,238.15473708489785,210.65263145755105,10,0.21183930590147448,0.4281951859970783,0.0018773479387164116,0.15396105502196894,0.9710144927536232,AI model top 3%,Target hit,Win,,2026-09-30,221.5,2026-09-30,238.15473708489785,7.219068661353434,1.0,2026-09-30,238.15473708489785,,,,0,2026-09-29,2026-09-29 14:47:56,2026-09-30 14:45:02
429,2026-09-29,KEC,Kec International Ltd.,ST,BUY,Strong Buy,1,378.35,11.965572382380916,390.31557238238094,414.24671714714276,360.4016414264286,10,0.21183930590147448,0.4281951859970783,0.0018773479387164116,0.15396105502196894,0.979296066252588,AI model top 2%,Stop hit,Loss,,2026-09-30,380.0,2026-10-08,360.4016414264286,-5.457462782518785,6.0,2026-10-08,360.4016414264286,,,,4,2026-10-07,2026-09-29 14:47:56,2026-10-08 14:46:06
434,2026-09-29,MAPMYINDIA,C.E. Info Systems Ltd. (MapmyIndia),ST,BUY,Strong Buy,1,845.2,34.822008075901486,880.0220080759016,949.6660242277045,792.9669878861478,10,0.21183930590147448,0.4281951859970783,0.0018773479387164116,0.15396105502196894,0.9544513457556936,AI model top 5%,Open,,running: day 7 of 10,2026-09-30,854.0,,,1.9365339578454437,7.0,2026-10-09,873.1,,,,1,2026-09-30,2026-09-29 14:47:56,2026-10-09 14:54:30
440,2026-09-29,RPOWER,Reliance Power Ltd.,ST,BUY,Strong Buy,1,19.77,0.6279297827988136,20.397929782798812,21.65378934839644,18.82810532580178,10,0.21183930590147448,0.4281951859970783,0.0018773479387164116,0.15396105502196894,0.989648033126294,AI model top 1%,Open,,running: day 7 of 10,2026-09-30,19.77,,,0.9139605462822668,7.0,2026-10-09,20.01,,,,1,2026-10-01,2026-09-29 14:47:56,2026-10-09 14:54:30
443,2026-09-29,SUZLON,Suzlon Energy Ltd.,ST,BUY,Strong Buy,1,39.5,1.198981035997351,40.69898103599735,43.096943107992054,37.70152844600398,10,0.21183930590147448,0.4281951859970783,0.0018773479387164116,0.15396105502196894,0.9606625258799172,AI model top 4%,Stop hit,Loss,,2026-09-30,39.51,2026-10-08,37.70152844600398,-4.87725019993931,6.0,2026-10-08,37.70152844600398,,,,0,2026-09-29,2026-09-29 14:47:56,2026-10-08 14:46:06
445,2026-09-29,THERMAX,Thermax Ltd.,ST,BUY,Strong Buy,1,3291.0,108.3450907131819,3399.345090713182,3616.0352721395457,3128.482363930227,10,0.21183930590147448,0.4281951859970783,0.0018773479387164116,0.15396105502196894,1.0,AI model top 1%,Stop hit,Loss,,2026-09-30,3280.0,2026-10-08,3128.482363930227,-4.919440124078445,6.0,2026-10-08,3128.482363930227,,,,5,2026-10-07,2026-09-29 14:47:56,2026-10-08 14:46:06
410,2026-09-29,ABB,ABB India Ltd.,ST,BUY,Buy,1,6660.5,174.41750547252366,6834.917505472524,7183.752516417571,6398.873741791214,10,0.172256501197956,0.433186130814682,0.0030396573711186647,0.15396105502196894,0.5859213250517599,+ Three lower closes in an uptrend; + RSI(2) below 5 in an uptrend (Connors),Open,,running: day 7 of 10,2026-09-30,6801.0,,,-0.6087781208645835,7.0,2026-10-09,6780.0,,,,0,2026-09-29,2026-09-29 14:47:56,2026-10-09 14:54:30
417,2026-09-29,EXIDEIND,Exide Industries Ltd.,ST,BUY,Buy,1,407.0,12.33433073616352,419.3343307361635,444.0029922084906,388.4985038957547,10,0.172256501197956,0.433186130814682,0.0030396573711186647,0.15396105502196894,0.6459627329192547,+ Three lower closes in an uptrend; + RSI(2) below 5 in an uptrend (Connors),Open,,running: day 7 of 10,2026-09-30,407.75,,,-3.574064990803194,7.0,2026-10-09,394.4,,,,1,2026-10-09,2026-09-29 14:47:56,2026-10-09 14:54:30
419,2026-09-29,GVT&D,GE Vernova T&D India Ltd.,ST,BUY,Buy,1,4130.3,147.7040798444792,4278.00407984448,4573.412239533438,3908.7438802332813,10,0.18398048578773046,0.4280182267041745,0.002607944654300809,0.15396105502196894,0.8178053830227743,+ Three lower closes in an uptrend; + RSI(2) below 5 in an uptrend (Connors),Open,,running: day 7 of 10,2026-09-30,4190.0,,,-0.19498806682577394,7.0,2026-10-09,4194.4,,,,0,2026-09-29,2026-09-29 14:47:56,2026-10-09 14:54:30
431,2026-09-29,KPIL,Kalpataru Projects International Ltd.,ST,BUY,Buy,1,1365.1,41.15843488941165,1406.2584348894115,1488.5753046682348,1303.3623476658825,10,0.172256501197956,0.433186130814682,0.0030396573711186647,0.15396105502196894,0.6625258799171843,+ Three lower closes in an uptrend; + RSI(2) below 5 in an uptrend (Connors),Target hit,Win,,2026-09-30,1366.9,2026-10-06,1488.5753046682348,8.601551296234888,4.0,2026-10-06,1488.5753046682348,,,,0,2026-09-29,2026-09-29 14:47:56,2026-10-06 14:43:53
433,2026-09-29,KPRMILL,K.P.R. Mill Ltd.,ST,BUY,Buy,1,1081.5,34.48449824222285,1115.9844982422228,1184.9534947266686,1029.7732526366658,10,0.1634232170714887,0.43804556699236435,0.003749104216694832,0.15396105502196894,0.4575569358178054,+ Three lower closes in an uptrend; + RSI(2) below 5 in an uptrend (Connors),Stop hit,Loss,,2026-09-30,1081.5,2026-10-09,1029.7732526366658,-5.082870768685543,7.0,2026-10-09,1029.7732526366658,,,,0,2026-09-29,2026-09-29 14:47:56,2026-10-09 14:47:30
432,2026-09-29,LICHSGFIN,LIC Housing Finance Ltd.,ST,BUY,Buy,1,548.5,15.222140113141123,563.7221401131411,594.1664203394233,525.6667898302883,10,0.1669181829848011,0.43051697170810455,0.0036683082580566406,0.15396105502196894,0.5072463768115942,+ Holy Grail: ADX > 30 and pullback to 20 EMA,Stop hit,Loss,,2026-09-30,555.1,2026-10-01,525.6667898302883,-5.602325737652992,2.0,2026-10-01,525.6667898302883,,,,0,2026-09-29,2026-09-29 14:47:56,2026-10-01 14:44:25
437,2026-09-29,MEDANTA,Global Health Ltd. (Medanta),ST,BUY,Buy,1,1415.1,46.79446326786815,1461.894463267868,1555.4833898036045,1344.9083050981976,10,0.172256501197956,0.433186130814682,0.0030396573711186647,0.15396105502196894,0.5817805383022774,+ Three lower closes in an uptrend; + RSI(2) below 5 in an uptrend (Connors),Stop hit,Loss,,2026-09-30,1426.7,2026-10-01,1344.9083050981976,-6.03292877982774,2.0,2026-10-01,1344.9083050981976,,,,0,2026-09-29,2026-09-29 14:47:56,2026-10-01 14:44:25
439,2026-09-29,SAILIFE,Sai Life Sciences Ltd.,ST,BUY,Buy,1,1559.9,49.715552284921266,1609.6155522849213,1709.0466568547638,1485.3266715726181,10,0.18398048578773046,0.4280182267041745,0.002607944654300809,0.15396105502196894,0.7515527950310559,+ Three lower closes in an uptrend; + RSI(2) below 5 in an uptrend (Connors),Stop hit,Loss,,2026-09-30,1565.7,2026-10-09,1485.3266715726181,-5.433379857404475,7.0,2026-10-09,1485.3266715726181,,,,0,2026-09-29,2026-09-29 14:47:56,2026-10-09 14:47:30
450,2026-09-29,LICHSGFIN,LIC Housing Finance Ltd.,MT,BUY,Buy,1,548.5,15.222140113141123,571.3332101697117,639.8328406788468,502.8335796605766,60,0.29193671587322806,0.5102858249502928,0.05380639433860779,0.27432045741690125,0.484472049689441,+ Holy Grail: ADX > 30 and pullback to 20 EMA,Stop hit,Loss,,2026-09-30,555.1,2026-10-01,502.8335796605766,-9.7156765158392,2.0,2026-10-01,502.8335796605766,,,,0,2026-09-29,2026-09-29 14:47:56,2026-10-01 14:44:25
409,2026-09-29,ACC,ACC Ltd.,ST,AVOID,Avoid (likely underperformer),0,1202.6,23.725501821411854,,,,10,,,-0.0023604349698871374,,0.865424430641822,AI model laggard flag (short-side top 13%),Open,,running: day 7 of 10; so far -4.0% vs average,,,,,,7.0,2026-10-09,1133.0,-5.787460502245123,-1.7691645989257248,-4.018295903319398,4,2026-10-08,2026-09-29 14:47:56,2026-10-09 14:54:30
412,2026-09-29,AXISBANK,Axis Bank Ltd.,ST,AVOID,Avoid (likely underperformer),0,1212.1,24.882075096990295,,,,10,,,-0.0023604349698871374,,0.917184265010352,AI model laggard flag (short-side top 8%),Open,,running: day 7 of 10; so far +5.6% vs average,,,,,,7.0,2026-10-09,1259.1,3.877567857437514,-1.7691645989257248,5.646732456363239,5,2026-10-09,2026-09-29 14:47:56,2026-10-09 14:54:30
413,2026-09-29,CENTRALBK,Central Bank of India,ST,AVOID,Avoid (likely underperformer),0,30.04,0.5674202024853366,,,,10,,,-0.0023604349698871374,,0.8716356107660456,AI model laggard flag (short-side top 13%),Open,,running: day 7 of 10; so far +2.0% vs average,,,,,,7.0,2026-10-09,30.1,0.1997336884154599,-1.7691645989257248,1.9688982873411847,6,2026-10-09,2026-09-29 14:47:56,2026-10-09 14:54:30
415,2026-09-29,CIPLA,Cipla Ltd.,ST,AVOID,Avoid (likely underperformer),0,1379.3,25.41381972648872,,,,10,,,-0.0023604349698871374,,0.8964803312629399,AI model laggard flag (short-side top 10%),Open,,running: day 7 of 10; so far -3.9% vs average,,,,,,7.0,2026-10-09,1301.0,-5.676792575944312,-1.7691645989257248,-3.9076279770185867,0,2026-09-29,2026-09-29 14:47:56,2026-10-09 14:54:30
416,2026-09-29,COALINDIA,Coal India Ltd.,ST,AVOID,Avoid (likely underperformer),0,425.0,7.7861846079469395,,,,10,,,-0.0023604349698871374,,0.8695652173913043,AI model laggard flag (short-side top 13%),Open,,running: day 7 of 10; so far -1.4% vs average,,,,,,7.0,2026-10-09,411.55,-3.164705882352936,-1.7691645989257248,-1.3955412834272114,2,2026-10-05,2026-09-29 14:47:56,2026-10-09 14:54:30
414,2026-09-29,CPPLUS,Aditya Infotech Ltd. (CP Plus),ST,AVOID,Avoid (likely underperformer),0,3817.6,169.8538519457101,,,,10,,,-0.0023604349698871374,,0.9006211180124224,AI model laggard flag (short-side top 10%),Open,,running: day 7 of 10; so far +11.4% vs average,,,,,,7.0,2026-10-09,4185.2,9.62908633696562,-1.7691645989257248,11.398250935891346,7,2026-10-09,2026-09-29 14:47:56,2026-10-09 14:54:30
418,2026-09-29,FSL,Firstsource Solutions Ltd.,ST,AVOID,Avoid (likely underperformer),0,248.9,9.082042013764829,,,,10,,,-0.0030570304952561855,,0.043478260869565216,- Weinstein stage-4 breakdown,Open,,running: day 7 of 10; so far +9.5% vs average,,,,,,7.0,2026-10-09,268.1,7.713941341904396,-1.7691645989257248,9.483105940830121,1,2026-09-30,2026-09-29 14:47:56,2026-10-09 14:54:30
421,2026-09-29,ICICIBANK,ICICI Bank Ltd.,ST,AVOID,Avoid (likely underperformer),0,1292.2,20.204305813706423,,,,10,,,-0.0023604349698871374,,0.8923395445134575,AI model laggard flag (short-side top 11%),Open,,running: day 7 of 10; so far +6.6% vs average,,,,,,7.0,2026-10-09,1355.0,4.859928803590763,-1.7691645989257248,6.629093402516488,6,2026-10-09,2026-09-29 14:47:56,2026-10-09 14:54:30
422,2026-09-29,INDIGO,InterGlobe Aviation Ltd.,ST,AVOID,Avoid (likely underperformer),0,4872.0,105.33753847914186,,,,10,,,-0.0023604349698871374,,0.9213250517598344,AI model laggard flag (short-side top 8%),Open,,running: day 7 of 10; so far +1.0% vs average,,,,,,7.0,2026-10-09,4833.0,-0.8004926108374333,-1.7691645989257248,0.9686719880882915,6,2026-10-09,2026-09-29 14:47:56,2026-10-09 14:54:30
428,2026-09-29,KAYNES,Kaynes Technology India Ltd.,ST,AVOID,Avoid (likely underperformer),0,3511.5,145.3693373386613,,,,10,,,-0.0009884813334792852,,0.20082815734989648,- Weinstein stage-4 breakdown,Open,,running: day 7 of 10; so far -5.3% vs average,,,,,,7.0,2026-10-09,3264.0,-7.048269970098254,-1.7691645989257248,-5.279105371172528,1,2026-09-30,2026-09-29 14:47:56,2026-10-09 14:54:30
430,2026-09-29,KIRLOSENG,Kirloskar Oil Eng Ltd.,ST,AVOID,Avoid (likely underperformer),0,2402.0,108.74531662634041,,,,10,,,-0.0011346469400450587,,0.7515527950310559,"- Supertrend (10,3) turns up",Open,,running: day 7 of 10; so far -6.2% vs average,,,,,,7.0,2026-10-09,2210.4,-7.976686094920893,-1.7691645989257248,-6.2075214959951674,1,2026-09-30,2026-09-29 14:47:56,2026-10-09 14:54:30
436,2026-09-29,LT,Larsen & Toubro Ltd.,ST,AVOID,Avoid (likely underperformer),0,3749.1,64.36728625833784,,,,10,,,-0.0023604349698871374,,0.8902691511387164,AI model laggard flag (short-side top 11%),Open,,running: day 7 of 10; so far +0.5% vs average,,,,,,7.0,2026-10-09,3703.3,-1.2216265236990154,-1.7691645989257248,0.5475380752267094,3,2026-10-08,2026-09-29 14:47:56,2026-10-09 14:54:30
435,2026-09-29,MARUTI,Maruti Suzuki India Ltd.,ST,AVOID,Avoid (likely underperformer),0,11877.0,213.74416772379413,,,,10,,,-0.0023604349698871374,,0.8509316770186336,AI model laggard flag (short-side top 15%),Open,,running: day 7 of 10; so far -2.1% vs average,,,,,,7.0,2026-10-09,11420.0,-3.8477730066515115,-1.7691645989257248,-2.0786084077257865,4,2026-10-09,2026-09-29 14:47:56,2026-10-09 14:54:30
438,2026-09-29,PRESTIGE,Prestige Estates Projects Ltd.,ST,AVOID,Avoid (likely underperformer),0,1417.5,45.786992440775585,,,,10,,,-0.0013291765935719013,,0.5238095238095238,- Weinstein stage-4 breakdown,Open,,running: day 7 of 10; so far +1.0% vs average,,,,,,7.0,2026-10-09,1406.8,-0.754850088183423,-1.7691645989257248,1.0143145107423017,5,2026-10-08,2026-09-29 14:47:56,2026-10-09 14:54:30
441,2026-09-29,SBIN,State Bank of India,ST,AVOID,Avoid (likely underperformer),0,964.7,16.97651052758927,,,,10,,,-0.0023604349698871374,,0.8799171842650103,AI model laggard flag (short-side top 12%),Open,,running: day 7 of 10; so far +1.2% vs average,,,,,,7.0,2026-10-09,959.1,-0.5804913444594217,-1.7691645989257248,1.188673254466303,5,2026-10-09,2026-09-29 14:47:56,2026-10-09 14:54:30
442,2026-09-29,SONACOMS,Sona BLW Precision Forgings Ltd.,ST,AVOID,Avoid (likely underperformer),0,815.65,23.009395740497816,,,,10,,,-0.0023604349698871374,,0.8819875776397516,AI model laggard flag (short-side top 12%),Open,,running: day 7 of 10; so far -2.2% vs average,,,,,,7.0,2026-10-09,783.3,-3.9661619567216366,-1.7691645989257248,-2.1969973577959117,1,2026-09-30,2026-09-29 14:47:56,2026-10-09 14:54:30
444,2026-09-29,TATACONSUM,Tata Consumer Products Ltd.,ST,AVOID,Avoid (likely underperformer),0,967.7,18.06609141077152,,,,10,,,-0.0023604349698871374,,0.8633540372670807,AI model laggard flag (short-side top 14%),Open,,running: day 7 of 10; so far +0.5% vs average,,,,,,7.0,2026-10-09,955.0,-1.3123902035754975,-1.7691645989257248,0.4567743953502273,2,2026-10-08,2026-09-29 14:47:56,2026-10-09 14:54:30
446,2026-09-29,BHARTIARTL,Bharti Airtel Ltd.,MT,AVOID,Avoid (likely underperformer),0,1771.2,31.302526808665817,,,,60,,,-0.010251588188111782,,0.8633540372670807,AI model laggard flag (short-side top 14%); - Wyckoff spring,Open,,running: day 7 of 60; so far +3.7% vs average,,,,,,7.0,2026-10-09,1805.1,1.9139566395663943,-1.7691645989257248,3.6831212384921193,2,2026-10-06,2026-09-29 14:47:56,2026-10-09 14:54:30
447,2026-09-29,COHANCE,Cohance Lifesciences Ltd.,MT,AVOID,Avoid (likely underperformer),0,457.9,17.41268214715082,,,,60,,,-0.010251588188111782,,0.855072463768116,AI model laggard flag (short-side top 14%),Open,,running: day 7 of 60; so far -1.9% vs average,,,,,,7.0,2026-10-09,441.0,-3.6907621751474107,-1.7691645989257248,-1.921597576221686,0,2026-09-29,2026-09-29 14:47:56,2026-10-09 14:54:30
448,2026-09-29,JSWDULUX,JSW Dulux Ltd.,MT,AVOID,Avoid (likely underperformer),0,3034.4,90.03394949568631,,,,60,,,-0.0028767113108187914,,0.4451345755693582,"- Supertrend (10,3) turns up",Open,,running: day 7 of 60; so far +0.8% vs average,,,,,,7.0,2026-10-09,3005.1,-0.9655945162140855,-1.7691645989257248,0.8035700827116392,2,2026-10-01,2026-09-29 14:47:56,2026-10-09 14:54:30
449,2026-09-29,KIRLOSENG,Kirloskar Oil Eng Ltd.,MT,AVOID,Avoid (likely underperformer),0,2402.0,108.74531662634041,,,,60,,,-0.012906179763376713,,0.12422360248447205,"- Supertrend (10,3) turns up; - Volatility stop flips long",Open,,running: day 7 of 60; so far -6.2% vs average,,,,,,7.0,2026-10-09,2210.4,-7.976686094920893,-1.7691645989257248,-6.2075214959951674,4,2026-10-06,2026-09-29 14:47:56,2026-10-09 14:54:30
451,2026-09-29,NAVA,Nava Ltd.,MT,AVOID,Avoid (likely underperformer),0,545.95,14.972214028455955,,,,60,,,-0.010251588188111782,,0.9006211180124224,AI model laggard flag (short-side top 10%),Open,,running: day 7 of 60; so far +2.3% vs average,,,,,,7.0,2026-10-09,549.1,0.5769759135451968,-1.7691645989257248,2.346140512470922,0,2026-09-29,2026-09-29 14:47:56,2026-10-09 14:54:30
452,2026-09-29,ONGC,Oil & Natural Gas Corporation Ltd.,MT,AVOID,Avoid (likely underperformer),0,230.0,4.161809209896685,,,,60,,,-0.007604382932186127,,0.7349896480331263,- Wyckoff spring; - RSI(2) above 95 in a downtrend,Open,,running: day 7 of 60; so far -2.0% vs average,,,,,,7.0,2026-10-09,221.27,-3.7956521739130444,-1.7691645989257248,-2.0264875749873195,1,2026-09-30,2026-09-29 14:47:56,2026-10-09 14:54:30
453,2026-09-29,RHIM,RHI Magnesita India Ltd.,MT,AVOID,Avoid (likely underperformer),0,393.2,11.992611274704819,,,,60,,,-0.010251588188111782,,0.9213250517598344,"AI model laggard flag (short-side top 8%); - Supertrend (10,3) turns up; - RSI(2) above 95 in a downtrend",Open,,running: day 7 of 60; so far -4.4% vs average,,,,,,7.0,2026-10-09,369.1,-6.129196337741593,-1.7691645989257248,-4.360031738815868,7,2026-10-09,2026-09-29 14:47:56,2026-10-09 14:54:30
454,2026-09-29,SWANCORP,Swan Corp Ltd.,MT,AVOID,Avoid (likely underperformer),0,284.05,9.280104574148098,,,,60,,,-0.010251588188111782,,0.8819875776397516,AI model laggard flag (short-side top 12%),Open,,running: day 7 of 60; so far -6.2% vs average,,,,,,7.0,2026-10-09,261.5,-7.9387431790177825,-1.7691645989257248,-6.169578580092057,0,2026-09-29,2026-09-29 14:47:56,2026-10-09 14:54:30
455,2026-09-29,TARIL,Transformers and Rectifiers (India) Ltd.,MT,AVOID,Avoid (likely underperformer),0,272.85,8.761049601179865,,,,60,,,-0.010251588188111782,,0.8592132505175983,AI model laggard flag (short-side top 14%),Open,,running: day 7 of 60; so far +8.3% vs average,,,,,,7.0,2026-10-09,290.65,6.523730987722165,-1.7691645989257248,8.29289558664789,5,2026-10-09,2026-09-29 14:47:56,2026-10-09 14:54:30
456,2026-09-29,TITAGARH,Titagarh Rail Systems Ltd.,MT,AVOID,Avoid (likely underperformer),0,819.35,26.10864119554088,,,,60,,,-0.010251588188111782,,0.865424430641822,AI model laggard flag (short-side top 13%),Open,,running: day 7 of 60; so far -3.4% vs average,,,,,,7.0,2026-10-09,777.2,-5.144321718435341,-1.7691645989257248,-3.3751571195096157,0,2026-09-29,2026-09-29 14:47:56,2026-10-09 14:54:30
457,2026-09-29,WELCORP,Welspun Corp Ltd.,MT,AVOID,Avoid (likely underperformer),0,2842.0,138.73751615037696,,,,60,,,-0.010251588188111782,,0.8799171842650103,AI model laggard flag (short-side top 12%),Open,,running: day 7 of 60; so far -5.3% vs average,,,,,,7.0,2026-10-09,2640.4,-7.093596059113294,-1.7691645989257248,-5.324431460187569,0,2026-09-29,2026-09-29 14:47:56,2026-10-09 14:54:30
458,2026-09-29,BELRISE,Belrise Industries Ltd.,LT,AVOID,Reduce / Avoid,0,240.52,7.266629551669953,,,,250,,,-0.0038028121925890446,,0.6997929606625258,"- Supertrend (10,3) turns up",Open,,running: day 7 of 250; so far -0.9% vs average,,,,,,7.0,2026-10-09,234.17,-2.640113088308671,-1.7691645989257248,-0.8709484893829462,1,2026-09-30,2026-09-29 14:47:56,2026-10-09 14:54:30
459,2026-09-29,BIOCON,Biocon Ltd.,LT,AVOID,Reduce / Avoid,0,377.0,8.936998144512017,,,,250,,,-0.010469918139278889,,0.8612836438923396,AI model laggard flag (short-side top 14%); - RSI(14) rises back above 30,Open,,running: day 7 of 250; so far -5.6% vs average,,,,,,7.0,2026-10-09,349.4,-7.3209549071618145,-1.7691645989257248,-5.551790308236089,2,2026-10-08,2026-09-29 14:47:56,2026-10-09 14:54:30
460,2026-09-29,EIHOTEL,EIH Ltd.,LT,AVOID,Reduce / Avoid,0,301.85,8.81393895054555,,,,250,,,-0.01975449174642563,,0.19875776397515527,"- RSI(2) above 95 in a downtrend; - Supertrend (10,3) turns up",Open,,running: day 7 of 250; so far -1.7% vs average,,,,,,7.0,2026-10-09,291.3,-3.495113466953792,-1.7691645989257248,-1.7259488680280672,2,2026-10-01,2026-09-29 14:47:56,2026-10-09 14:54:30
461,2026-09-29,JSWDULUX,JSW Dulux Ltd.,LT,AVOID,Reduce / Avoid,0,3034.4,90.03394949568631,,,,250,,,-0.010469918139278889,,0.9254658385093167,"AI model laggard flag (short-side top 7%); - Supertrend (10,3) turns up",Open,,running: day 7 of 250; so far +0.8% vs average,,,,,,7.0,2026-10-09,3005.1,-0.9655945162140855,-1.7691645989257248,0.8035700827116392,2,2026-10-01,2026-09-29 14:47:56,2026-10-09 14:54:30
462,2026-09-29,KIRLOSENG,Kirloskar Oil Eng Ltd.,LT,AVOID,Reduce / Avoid,0,2402.0,108.74531662634041,,,,250,,,-0.000637742574326694,,0.4140786749482402,"- Supertrend (10,3) turns up",Open,,running: day 7 of 250; so far -6.2% vs average,,,,,,7.0,2026-10-09,2210.4,-7.976686094920893,-1.7691645989257248,-6.2075214959951674,7,2026-10-09,2026-09-29 14:47:56,2026-10-09 14:54:30
463,2026-09-29,PCBL,PCBL Chemical Ltd.,LT,AVOID,Reduce / Avoid,0,330.45,10.957829319490092,,,,250,,,-0.010469918139278889,,0.9213250517598344,AI model laggard flag (short-side top 8%),Open,,running: day 7 of 250; so far -3.7% vs average,,,,,,7.0,2026-10-09,312.4,-5.4622484490845835,-1.7691645989257248,-3.6930838501588585,5,2026-10-08,2026-09-29 14:47:56,2026-10-09 14:54:30
464,2026-09-29,TENNIND,Tenneco Clean Air India Ltd.,LT,AVOID,Reduce / Avoid,0,508.6,15.438158539590242,,,,250,,,-0.010469918139278889,,0.8695652173913043,AI model laggard flag (short-side top 13%),Open,,running: day 7 of 250; so far -5.1% vs average,,,,,,7.0,2026-10-09,473.7,-6.8619740464018975,-1.7691645989257248,-5.0928094474761725,6,2026-10-09,2026-09-29 14:47:56,2026-10-09 14:54:30
339,2026-09-28,BHEL,Bharat Heavy Electricals Ltd.,ST,BUY,Strong Buy,1,411.9,12.261696266429807,424.1616962664298,448.6850887992894,393.5074556003553,10,0.21183930590147448,0.4281951859970783,0.0018773479387164116,0.15396105502196894,0.9771309771309772,AI model top 2%,Target hit,Win,,2026-09-29,410.3,2026-10-06,448.6850887992894,9.055371386616972,5.0,2026-10-06,448.6850887992894,,,,0,2026-09-28,2026-09-28 14:50:34,2026-10-06 14:43:53
368,2026-09-28,LATENTVIEW,Latent View Analytics Ltd.,ST,BUY,Strong Buy,1,241.6,7.012332902471251,248.61233290247125,262.63699870741374,231.0815006462931,10,0.21183930590147448,0.4281951859970783,0.0018773479387164116,0.15396105502196894,0.9501039501039501,AI model top 5%,Stop hit,Loss,,2026-09-29,241.5,2026-10-01,231.0815006462931,-4.614078407332045,3.0,2026-10-01,231.0815006462931,,,,1,2026-09-30,2026-09-28 14:50:34,2026-10-01 14:44:24
370,2026-09-28,NAVINFLUOR,Navin Fluorine International Ltd.,ST,BUY,Strong Buy,1,8432.5,220.465288823453,8652.965288823452,9093.895866470359,8101.802066764821,10,0.21183930590147448,0.4281951859970783,0.0018773479387164116,0.15396105502196894,0.9667359667359667,AI model top 3%,Stop hit,Loss,,2026-09-29,8434.5,2026-10-01,8101.802066764821,-4.244489101134386,3.0,2026-10-01,8101.802066764821,,,,0,2026-09-28,2026-09-28 14:50:34,2026-10-01 14:44:25
371,2026-09-28,RADICO,Radico Khaitan Ltd,ST,BUY,Strong Buy,1,4478.3,111.71078710762289,4590.010787107623,4813.432361322869,4310.733819338566,10,0.21183930590147448,0.4281951859970783,0.0018773479387164116,0.15396105502196894,0.9708939708939709,AI model top 3%,Stop hit,Loss,,2026-09-29,4478.0,2026-10-01,4310.733819338566,-4.0352876431762885,3.0,2026-10-01,4310.733819338566,,,,0,2026-09-28,2026-09-28 14:50:34,2026-10-01 14:44:25
372,2026-09-28,RKFORGE,Ramkrishna Forgings Ltd.,ST,BUY,Strong Buy,1,703.1,24.262318093810798,727.3623180938108,775.8869542814324,666.7065228592838,10,0.21183930590147448,0.4281951859970783,0.0018773479387164116,0.15396105502196894,0.9521829521829522,AI model top 5%,Open,,running: day 8 of 10,2026-09-29,703.0,,,-2.796443812233284,8.0,2026-10-09,685.45,,,,6,2026-10-08,2026-09-28 14:50:34,2026-10-09 14:54:30
374,2026-09-28,SJVN,SJVN Ltd.,ST,BUY,Strong Buy,1,61.06,1.293327133379761,62.353327133379764,64.93998140013929,59.12000929993036,10,0.21183930590147448,0.4281951859970783,0.0018773479387164116,0.15396105502196894,0.9646569646569647,AI model top 4%,Stop hit,Loss,,2026-09-29,61.1,2026-09-30,59.12000929993036,-3.5405739772007228,2.0,2026-09-30,59.12000929993036,,,,1,2026-09-29,2026-09-28 14:50:34,2026-09-30 14:45:02
379,2026-09-28,VIJAYA,Vijaya Diagnostic Centre Ltd.,ST,BUY,Strong Buy,1,1501.4,53.842277162874964,1555.242277162875,1662.9268314886249,1420.6365842556877,10,0.21652252246339057,0.4305367942780363,0.003883612807840109,0.15396105502196894,0.9688149688149689,AI model top 3%; + Three lower closes in an uptrend,Stop hit,Loss,,2026-09-29,1497.7,2026-10-01,1420.6365842556877,-5.445450740756652,3.0,2026-10-01,1420.6365842556877,,,,0,2026-09-28,2026-09-28 14:50:34,2026-10-01 14:44:25
341,2026-09-28,BLUEJET,Blue Jet Healthcare Ltd.,ST,BUY,Buy,1,557.3,17.420592195651952,574.7205921956519,609.5617765869558,531.169111706522,10,0.18398048578773046,0.4280182267041745,0.002607944654300809,0.15396105502196894,0.841995841995842,+ Three lower closes in an uptrend; + RSI(2) below 5 in an uptrend (Connors),Stop hit,Loss,,2026-09-29,558.95,2026-10-01,531.169111706522,-5.270192019586373,3.0,2026-10-01,531.169111706522,,,,0,2026-09-28,2026-09-28 14:50:34,2026-10-01 14:44:24
344,2026-09-28,CANHLIFE,Canara HSBC Life Insurance Company Ltd.,ST,BUY,Buy,1,147.78,5.924598468166301,153.7045984681663,165.5537954044989,138.89310229775054,10,0.1634232170714887,0.43804556699236435,0.003749104216694832,0.15396105502196894,0.2494802494802495,+ Three lower closes in an uptrend; + RSI(2) below 5 in an uptrend (Connors),Stop hit,Loss,,2026-09-29,146.55,2026-10-07,138.89310229775054,-5.524768135277702,6.0,2026-10-07,138.89310229775054,,,,0,2026-09-28,2026-09-28 14:50:34,2026-10-07 14:43:57
349,2026-09-28,DEVYANI,Devyani International Ltd.,ST,BUY,Buy,1,131.09,4.76072155714982,135.85072155714983,145.37216467144947,123.94891766427527,10,0.18398048578773046,0.4280182267041745,0.002607944654300809,0.15396105502196894,0.814968814968815,+ Three lower closes in an uptrend; + RSI(2) below 5 in an uptrend (Connors),Stop hit,Loss,,2026-09-29,131.0,2026-10-08,123.94891766427527,-5.682505599789867,7.0,2026-10-08,123.94891766427527,,,,0,2026-09-28,2026-09-28 14:50:34,2026-10-08 14:46:06
357,2026-09-28,GLENMARK,Glenmark Pharmaceuticals Ltd.,ST,BUY,Buy,1,2325.7,58.255194366689686,2383.9551943666893,2500.4655831000687,2238.317208449965,10,0.1634232170714887,0.43804556699236435,0.003749104216694832,0.15396105502196894,0.38461538461538464,+ Three lower closes in an uptrend; + RSI(2) below 5 in an uptrend (Connors),Stop hit,Loss,,2026-09-29,2330.4,2026-10-08,2238.317208449965,-4.251372792226005,7.0,2026-10-08,2238.317208449965,,,,1,2026-09-29,2026-09-28 14:50:34,2026-10-08 14:46:06
366,2026-09-28,KALYANKJIL,Kalyan Jewellers India Ltd.,ST,BUY,Buy,1,564.0,17.93288549537825,581.9328854953783,617.7986564861347,537.1006717569326,10,0.1634232170714887,0.43804556699236435,0.003749104216694832,0.15396105502196894,0.44490644490644493,+ Three lower closes in an uptrend; + RSI(2) below 5 in an uptrend (Connors),Stop hit,Loss,,2026-09-29,566.0,2026-10-01,537.1006717569326,-5.40588838216739,3.0,2026-10-01,537.1006717569326,,,,1,2026-09-29,2026-09-28 14:50:34,2026-10-01 14:44:24
367,2026-09-28,KOTAKBANK,Kotak Mahindra Bank Ltd.,ST,BUY,Buy,1,401.55,7.275912983219495,408.8259129832195,423.3777389496585,390.63613052517076,10,0.18398048578773046,0.4280182267041745,0.002607944654300809,0.15396105502196894,0.7920997920997921,+ Three lower closes in an uptrend; + RSI(2) below 5 in an uptrend (Connors),Target hit,Win,,2026-09-29,401.25,2026-10-01,426.0,5.868224299065428,3.0,2026-10-01,426.0,,,,0,2026-09-28,2026-09-28 14:50:34,2026-10-01 14:44:24
390,2026-09-28,KPIL,Kalpataru Projects International Ltd.,MT,BUY,Buy,1,1375.6,40.87062218859716,1436.9059332828956,1620.823733131583,1252.9881334342085,60,0.29806023619985134,0.5133475851136046,0.05883948504924774,0.27432045741690125,0.3367983367983368,+ Holy Grail: ADX > 30 and pullback to 20 EMA; + Three lower closes in an uptrend,Open,,running: day 8 of 60,2026-09-29,1378.0,,,0.7087082728592156,8.0,2026-10-09,1391.9,,,,0,2026-09-28,2026-09-28 14:50:34,2026-10-09 14:54:30
402,2026-09-28,PTCIL,PTC Industries Ltd.,LT,BUY,Accumulate (buy on dips),1,21685.0,769.1769111644851,23223.35382232897,29376.76911164485,17839.115444177572,250,0.42260948917423863,0.5536027867121668,0.17754365503787994,0.3753534794381895,0.21205821205821207,+ Holy Grail: ADX > 30 and pullback to 20 EMA; + Three lower closes in an uptrend,Open,,running: day 8 of 250,2026-09-29,21685.0,,,12.842725386211661,8.0,2026-10-09,24535.0,,,,5,2026-10-09,2026-09-28 14:50:35,2026-10-09 14:54:30
333,2026-09-28,3MINDIA,3M India Ltd.,ST,AVOID,Avoid (likely underperformer),0,33415.0,890.1586553471608,,,,10,,,-0.0009884813334792852,,0.2681912681912682,- Weinstein stage-4 breakdown,Open,,running: day 8 of 10; so far -7.2% vs average,,,,,,8.0,2026-10-09,30170.0,-9.71120754152327,-2.499413440846676,-7.2117941006765935,1,2026-09-29,2026-09-28 14:50:34,2026-10-09 14:54:30
334,2026-09-28,AJANTPHARM,Ajanta Pharmaceuticals Ltd.,ST,AVOID,Avoid (likely underperformer),0,3525.2,81.7182652742461,,,,10,,,-0.0023604349698871374,,0.8586278586278586,AI model laggard flag (short-side top 14%),Open,,running: day 8 of 10; so far -0.8% vs average,,,,,,8.0,2026-10-09,3410.1,-3.2650629751503457,-2.499413440846676,-0.7656495343036696,4,2026-10-05,2026-09-28 14:50:34,2026-10-09 14:54:30
335,2026-09-28,ASIANPAINT,Asian Paints Ltd.,ST,AVOID,Avoid (likely underperformer),0,2420.0,44.87749351489219,,,,10,,,-0.0023604349698871374,,0.9334719334719335,AI model laggard flag (short-side top 7%),Open,,running: day 8 of 10; so far -0.8% vs average,,,,,,8.0,2026-10-09,2339.1,-3.342975206611576,-2.499413440846676,-0.8435617657648997,6,2026-10-08,2026-09-28 14:50:34,2026-10-09 14:54:30
336,2026-09-28,BATAINDIA,Bata India Ltd.,ST,AVOID,Avoid (likely underperformer),0,624.7,14.369579404347919,,,,10,,,-0.0037663541734218597,,0.9771309771309772,AI model laggard flag (short-side top 2%),Open,,running: day 8 of 10; so far +0.7% vs average,,,,,,8.0,2026-10-09,613.25,-1.8328797822955045,-2.499413440846676,0.6665336585511716,2,2026-10-01,2026-09-28 14:50:34,2026-10-09 14:54:30
337,2026-09-28,BAYERCROP,Bayer Cropscience Ltd.,ST,AVOID,Avoid (likely underperformer),0,3671.8,65.16546297875097,,,,10,,,-0.0023604349698871374,,0.9022869022869023,AI model laggard flag (short-side top 10%),Open,,running: day 8 of 10; so far -2.4% vs average,,,,,,8.0,2026-10-09,3492.0,-4.896780870417783,-2.499413440846676,-2.3973674295711067,1,2026-09-29,2026-09-28 14:50:34,2026-10-09 14:54:30
338,2026-09-28,BEL,Bharat Electronics Ltd.,ST,AVOID,Avoid (likely underperformer),0,385.5,7.310216951344179,,,,10,,,-0.0023604349698871374,,0.9002079002079002,AI model laggard flag (short-side top 10%),Open,,running: day 8 of 10; so far -2.0% vs average,,,,,,8.0,2026-10-09,368.15,-4.500648508430616,-2.499413440846676,-2.0012350675839397,8,2026-10-09,2026-09-28 14:50:34,2026-10-09 14:54:30
340,2026-09-28,BLS,BLS International Services Ltd.,ST,AVOID,Avoid (likely underperformer),0,221.22,6.917063955609778,,,,10,,,-0.0023604349698871374,,0.9376299376299376,AI model laggard flag (short-side top 6%),Open,,running: day 8 of 10; so far +0.2% vs average,,,,,,8.0,2026-10-09,216.23,-2.255673085616128,-2.499413440846676,0.24374035523054838,3,2026-10-09,2026-09-28 14:50:34,2026-10-09 14:54:30
342,2026-09-28,BLUESTARCO,Blue Star Ltd.,ST,AVOID,Avoid (likely underperformer),0,1575.4,46.345958766661965,,,,10,,,-0.0011346469400450587,,0.7006237006237006,"- Supertrend (10,3) turns up",Open,,running: day 8 of 10; so far +2.4% vs average,,,,,,8.0,2026-10-09,1574.0,-0.0888663196648487,-2.499413440846676,2.4105471211818275,1,2026-09-29,2026-09-28 14:50:34,2026-10-09 14:54:30
343,2026-09-28,BRITANNIA,Britannia Industries Ltd.,ST,AVOID,Avoid (likely underperformer),0,4915.0,83.83143862753838,,,,10,,,-0.0023604349698871374,,0.9438669438669439,AI model laggard flag (short-side top 6%),Open,,running: day 8 of 10; so far +0.7% vs average,,,,,,8.0,2026-10-09,4825.0,-1.831129196337744,-2.499413440846676,0.6682842445089321,7,2026-10-09,2026-09-28 14:50:34,2026-10-09 14:54:30
345,2026-09-28,CEATLTD,Ceat Ltd.,ST,AVOID,Avoid (likely underperformer),0,3274.7,81.79282274221676,,,,10,,,-0.0023604349698871374,,0.8711018711018711,AI model laggard flag (short-side top 13%),Open,,running: day 8 of 10; so far +2.1% vs average,,,,,,8.0,2026-10-09,3262.3,-0.37866064066935934,-2.499413440846676,2.120752800177317,6,2026-10-09,2026-09-28 14:50:34,2026-10-09 14:54:30
346,2026-09-28,COLPAL,Colgate Palmolive (India) Ltd.,ST,AVOID,Avoid (likely underperformer),0,1845.9,39.89506902788218,,,,10,,,-0.0023604349698871374,,0.8523908523908524,AI model laggard flag (short-side top 15%),Open,,running: day 8 of 10; so far +1.0% vs average,,,,,,8.0,2026-10-09,1817.8,-1.5222926485725208,-2.499413440846676,0.9771207922741554,1,2026-10-08,2026-09-28 14:50:34,2026-10-09 14:54:30
347,2026-09-28,CROMPTON,Crompton Greaves Consumer Electricals Ltd.,ST,AVOID,Avoid (likely underperformer),0,218.8,5.431917603072883,,,,10,,,-0.0023604349698871374,,0.896049896049896,AI model laggard flag (short-side top 10%),Open,,running: day 8 of 10; so far -3.8% vs average,,,,,,8.0,2026-10-09,205.11,-6.25685557586837,-2.499413440846676,-3.7574421350216936,0,2026-09-28,2026-09-28 14:50:34,2026-10-09 14:54:30
348,2026-09-28,DABUR,Dabur India Ltd.,ST,AVOID,Avoid (likely underperformer),0,385.75,6.742394677008473,,,,10,,,-0.0023604349698871374,,0.8856548856548857,AI model laggard flag (short-side top 11%),Open,,running: day 8 of 10; so far +2.7% vs average,,,,,,8.0,2026-10-09,386.7,0.24627349319508163,-2.499413440846676,2.745686934041758,3,2026-10-01,2026-09-28 14:50:34,2026-10-09 14:54:30
350,2026-09-28,DIVISLAB,Divi's Laboratories Ltd.,ST,AVOID,Avoid (likely underperformer),0,9550.0,195.03833529760163,,,,10,,,-0.0023604349698871374,,0.8565488565488566,AI model laggard flag (short-side top 14%),Open,,running: day 8 of 10; so far +0.3% vs average,,,,,,8.0,2026-10-09,9340.0,-2.198952879581151,-2.499413440846676,0.30046056126552534,0,2026-09-28,2026-09-28 14:50:34,2026-10-09 14:54:30
351,2026-09-28,DRREDDY,Dr. Reddy's Laboratories Ltd.,ST,AVOID,Avoid (likely underperformer),0,1221.0,22.87318198672915,,,,10,,,-0.0037663541734218597,,0.9875259875259875,AI model laggard flag (short-side top 1%),Open,,running: day 8 of 10; so far +0.5% vs average,,,,,,8.0,2026-10-09,1197.0,-1.9656019656019708,-2.499413440846676,0.5338114752447054,6,2026-10-09,2026-09-28 14:50:34,2026-10-09 14:54:30
352,2026-09-28,EICHERMOT,Eicher Motors Ltd.,ST,AVOID,Avoid (likely underperformer),0,7213.5,124.13172225009804,,,,10,,,-0.0023604349698871374,,0.9147609147609148,AI model laggard flag (short-side top 9%),Open,,running: day 8 of 10; so far +0.2% vs average,,,,,,8.0,2026-10-09,7050.0,-2.2665834892909076,-2.499413440846676,0.23282995155576858,3,2026-10-08,2026-09-28 14:50:34,2026-10-09 14:54:30
353,2026-09-28,FIRSTCRY,Brainbees Solutions Ltd. (FirstCry),ST,AVOID,Avoid (likely underperformer),0,184.72,8.627172117284431,,,,10,,,-0.0030570304952561855,,0.1600831600831601,- RSI(2) above 95 in a downtrend,Open,,running: day 8 of 10; so far -5.9% vs average,,,,,,8.0,2026-10-09,169.17,-8.418146383715897,-2.499413440846676,-5.91873294286922,1,2026-09-29,2026-09-28 14:50:34,2026-10-09 14:54:30
354,2026-09-28,GILLETTE,Gillette India Ltd.,ST,AVOID,Avoid (likely underperformer),0,6925.5,136.4678288081516,,,,10,,,-0.0023604349698871374,,0.8669438669438669,AI model laggard flag (short-side top 13%),Open,,running: day 8 of 10; so far +5.0% vs average,,,,,,8.0,2026-10-09,7100.5,2.5268933650999914,-2.499413440846676,5.026306805946668,8,2026-10-09,2026-09-28 14:50:34,2026-10-09 14:54:30
355,2026-09-28,GODIGIT,Go Digit General Insurance Ltd.,ST,AVOID,Avoid (likely underperformer),0,263.25,8.927573920658372,,,,10,,,-0.0009884813334792852,,0.32224532224532226,- RSI(2) above 95 in a downtrend,Open,,running: day 8 of 10; so far +6.1% vs average,,,,,,8.0,2026-10-09,272.85,3.6467236467236486,-2.499413440846676,6.146137087570325,1,2026-09-29,2026-09-28 14:50:34,2026-10-09 14:54:30
356,2026-09-28,GODREJCP,Godrej Consumer Products Ltd.,ST,AVOID,Avoid (likely underperformer),0,868.0,17.901584664601337,,,,10,,,-0.0023604349698871374,,0.8544698544698545,AI model laggard flag (short-side top 15%),Open,,running: day 8 of 10; so far +1.6% vs average,,,,,,8.0,2026-10-09,860.5,-0.8640552995391682,-2.499413440846676,1.635358141307508,6,2026-10-09,2026-09-28 14:50:34,2026-10-09 14:54:30
358,2026-09-28,GROWW,Billionbrains Garage Ventures Ltd. (Groww),ST,AVOID,Avoid (likely underperformer),0,183.39,5.311760126364158,,,,10,,,-0.0023604349698871374,,0.9230769230769231,AI model laggard flag (short-side top 8%),Open,,running: day 8 of 10; so far +7.4% vs average,,,,,,8.0,2026-10-09,192.39,4.907574022574845,-2.499413440846676,7.406987463421522,8,2026-10-09,2026-09-28 14:50:34,2026-10-09 14:54:30
359,2026-09-28,HAL,Hindustan Aeronautics Ltd.,ST,AVOID,Avoid (likely underperformer),0,4738.0,100.91453282240754,,,,10,,,-0.0023604349698871374,,0.9106029106029107,AI model laggard flag (short-side top 9%),Open,,running: day 8 of 10; so far +0.8% vs average,,,,,,8.0,2026-10-09,4655.6,-1.7391304347825987,-2.499413440846676,0.7602830060640775,6,2026-10-09,2026-09-28 14:50:34,2026-10-09 14:54:30
360,2026-09-28,HAVELLS,Havells India Ltd.,ST,AVOID,Avoid (likely underperformer),0,1085.0,24.794036329876924,,,,10,,,-0.0023604349698871374,,0.8648648648648649,AI model laggard flag (short-side top 14%),Open,,running: day 8 of 10; so far -1.5% vs average,,,,,,8.0,2026-10-09,1041.5,-4.009216589861753,-2.499413440846676,-1.5098031490150765,0,2026-09-28,2026-09-28 14:50:34,2026-10-09 14:54:30
361,2026-09-28,HEROMOTOCO,Hero MotoCorp Ltd.,ST,AVOID,Avoid (likely underperformer),0,5390.0,111.76992286683294,,,,10,,,-0.0023604349698871374,,0.9085239085239085,AI model laggard flag (short-side top 9%),Open,,running: day 8 of 10; so far -6.7% vs average,,,,,,8.0,2026-10-09,4895.5,-9.174397031539893,-2.499413440846676,-6.674983590693218,4,2026-10-05,2026-09-28 14:50:34,2026-10-09 14:54:30
363,2026-09-28,IEX,Indian Energy Exchange Ltd.,ST,AVOID,Avoid (likely underperformer),0,111.35,2.198834015860233,,,,10,,,-0.0023604349698871374,,0.8877338877338877,AI model laggard flag (short-side top 11%),Open,,running: day 8 of 10; so far -3.4% vs average,,,,,,8.0,2026-10-09,104.78,-5.900314324202959,-2.499413440846676,-3.4009008833562837,1,2026-09-29,2026-09-28 14:50:34,2026-10-09 14:54:30
362,2026-09-28,IGL,Indraprastha Gas Ltd.,ST,AVOID,Avoid (likely underperformer),0,143.44,2.8907452375070544,,,,10,,,-0.0037663541734218597,,0.9584199584199584,AI model laggard flag (short-side top 4%),Open,,running: day 8 of 10; so far +4.4% vs average,,,,,,8.0,2026-10-09,146.15,1.8892916899051926,-2.499413440846676,4.388705130751869,6,2026-10-07,2026-09-28 14:50:34,2026-10-09 14:54:30
364,2026-09-28,INTELLECT,Intellect Design Arena Ltd.,ST,AVOID,Avoid (likely underperformer),0,631.55,19.84756316648105,,,,10,,,-0.0023604349698871374,,0.8794178794178794,AI model laggard flag (short-side top 12%),Open,,running: day 8 of 10; so far -5.0% vs average,,,,,,8.0,2026-10-09,584.1,-7.513261024463613,-2.499413440846676,-5.013847583616937,0,2026-09-28,2026-09-28 14:50:34,2026-10-09 14:54:30
365,2026-09-28,IOC,Indian Oil Corporation Ltd.,ST,AVOID,Avoid (likely underperformer),0,133.32,2.3952532339415806,,,,10,,,-0.0023604349698871374,,0.8690228690228691,AI model laggard flag (short-side top 13%),Open,,running: day 8 of 10; so far -2.7% vs average,,,,,,8.0,2026-10-09,126.35,-5.22802280228023,-2.499413440846676,-2.728609361433554,1,2026-09-30,2026-09-28 14:50:34,2026-10-09 14:54:30
369,2026-09-28,NAVA,Nava Ltd.,ST,AVOID,Avoid (likely underperformer),0,547.0,15.096999722952575,,,,10,,,-0.0023604349698871374,,0.8607068607068608,AI model laggard flag (short-side top 14%),Open,,running: day 8 of 10; so far +2.9% vs average,,,,,,8.0,2026-10-09,549.1,0.3839122486288815,-2.499413440846676,2.8833256894755577,5,2026-10-07,2026-09-28 14:50:34,2026-10-09 14:54:30
373,2026-09-28,RHIM,RHI Magnesita India Ltd.,ST,AVOID,Avoid (likely underperformer),0,386.6,11.357427526605191,,,,10,,,-0.0023604349698871374,,0.9043659043659044,AI model laggard flag (short-side top 10%),Open,,running: day 8 of 10; so far -2.0% vs average,,,,,,8.0,2026-10-09,369.1,-4.526642524573199,-2.499413440846676,-2.0272290837265228,3,2026-10-01,2026-09-28 14:50:34,2026-10-09 14:54:30
375,2026-09-28,SOBHA,Sobha Ltd.,ST,AVOID,Avoid (likely underperformer),0,1218.7,33.39330867991199,,,,10,,,-0.0023604349698871374,,0.8752598752598753,AI model laggard flag (short-side top 12%),Open,,running: day 8 of 10; so far -2.2% vs average,,,,,,8.0,2026-10-09,1161.7,-4.677114958562401,-2.499413440846676,-2.1777015177157244,1,2026-09-30,2026-09-28 14:50:34,2026-10-09 14:54:30
376,2026-09-28,TENNIND,Tenneco Clean Air India Ltd.,ST,AVOID,Avoid (likely underperformer),0,502.15,15.471863042635645,,,,10,,,-0.0023604349698871374,,0.9293139293139293,AI model laggard flag (short-side top 7%),Open,,running: day 8 of 10; so far -3.2% vs average,,,,,,8.0,2026-10-09,473.7,-5.6656377576421395,-2.499413440846676,-3.166224316795463,7,2026-10-08,2026-09-28 14:50:34,2026-10-09 14:54:30
377,2026-09-28,UPL,UPL Ltd.,ST,AVOID,Avoid (likely underperformer),0,549.5,11.496394088071112,,,,10,,,-0.0023604349698871374,,0.9251559251559252,AI model laggard flag (short-side top 7%),Open,,running: day 8 of 10; so far -8.6% vs average,,,,,,8.0,2026-10-09,488.45,-11.110100090991814,-2.499413440846676,-8.610686650145139,1,2026-09-30,2026-09-28 14:50:34,2026-10-09 14:54:30
378,2026-09-28,VBL,Varun Beverages Ltd.,ST,AVOID,Avoid (likely underperformer),0,430.0,9.730327009335912,,,,10,,,-0.0023604349698871374,,0.918918918918919,AI model laggard flag (short-side top 8%),Open,,running: day 8 of 10; so far +5.1% vs average,,,,,,8.0,2026-10-09,441.0,2.55813953488373,-2.499413440846676,5.057552975730406,8,2026-10-09,2026-09-28 14:50:34,2026-10-09 14:54:30
380,2026-09-28,WAAREEENER,Waaree Energies Ltd.,ST,AVOID,Avoid (likely underperformer),0,2455.0,59.919199101456954,,,,10,,,-0.0023604349698871374,,0.8731808731808732,AI model laggard flag (short-side top 13%),Open,,running: day 8 of 10; so far -2.9% vs average,,,,,,8.0,2026-10-09,2323.0,-5.376782077393072,-2.499413440846676,-2.8773686365463957,1,2026-10-06,2026-09-28 14:50:34,2026-10-09 14:54:30
381,2026-09-28,ZYDUSLIFE,Zydus Lifesciences Ltd.,ST,AVOID,Avoid (likely underperformer),0,1215.0,28.52743244398077,,,,10,,,-0.0037663541734218597,,0.9792099792099792,AI model laggard flag (short-side top 2%),Open,,running: day 8 of 10; so far -5.5% vs average,,,,,,8.0,2026-10-09,1117.5,-8.024691358024693,-2.499413440846676,-5.525277917178018,0,2026-09-28,2026-09-28 14:50:34,2026-10-09 14:54:30
382,2026-09-28,ABFRL,Aditya Birla Fashion and Retail Ltd.,MT,AVOID,Avoid (likely underperformer),0,47.59,1.5089701509875122,,,,60,,,-0.010251588188111782,,0.8503118503118503,AI model laggard flag (short-side top 15%),Open,,running: day 8 of 60; so far -5.8% vs average,,,,,,8.0,2026-10-09,43.65,-8.279050220634598,-2.499413440846676,-5.779636779787922,0,2026-09-28,2026-09-28 14:50:34,2026-10-09 14:54:30
383,2026-09-28,ASHOKLEY,Ashok Leyland Ltd.,MT,AVOID,Avoid (likely underperformer),0,155.22,4.202054443154394,,,,60,,,-0.0026673786342144012,,0.5883575883575883,- Wyckoff spring; - Fibonacci 38-62% rally failure (downtrend),Open,,running: day 8 of 60; so far -4.0% vs average,,,,,,8.0,2026-10-09,145.06,-6.54554825409096,-2.499413440846676,-4.046134813244285,2,2026-09-30,2026-09-28 14:50:34,2026-10-09 14:54:30
384,2026-09-28,BLUESTARCO,Blue Star Ltd.,MT,AVOID,Avoid (likely underperformer),0,1575.4,46.345958766661965,,,,60,,,-0.010251588188111782,,0.8669438669438669,"AI model laggard flag (short-side top 13%); - Supertrend (10,3) turns up",Open,,running: day 8 of 60; so far +2.4% vs average,,,,,,8.0,2026-10-09,1574.0,-0.0888663196648487,-2.499413440846676,2.4105471211818275,4,2026-10-05,2026-09-28 14:50:34,2026-10-09 14:54:30
385,2026-09-28,COLPAL,Colgate Palmolive (India) Ltd.,MT,AVOID,Avoid (likely underperformer),0,1845.9,39.89506902788218,,,,60,,,-0.010251588188111782,,0.8918918918918919,AI model laggard flag (short-side top 11%),Open,,running: day 8 of 60; so far +1.0% vs average,,,,,,8.0,2026-10-09,1817.8,-1.5222926485725208,-2.499413440846676,0.9771207922741554,0,2026-09-28,2026-09-28 14:50:34,2026-10-09 14:54:30
386,2026-09-28,DABUR,Dabur India Ltd.,MT,AVOID,Avoid (likely underperformer),0,385.75,6.742394677008473,,,,60,,,-0.010251588188111782,,0.8648648648648649,AI model laggard flag (short-side top 14%),Open,,running: day 8 of 60; so far +2.7% vs average,,,,,,8.0,2026-10-09,386.7,0.24627349319508163,-2.499413440846676,2.745686934041758,4,2026-10-05,2026-09-28 14:50:34,2026-10-09 14:54:30
387,2026-09-28,ENGINERSIN,Engineers India Ltd.,MT,AVOID,Avoid (likely underperformer),0,313.9,12.35285138407405,,,,60,,,-0.010251588188111782,,0.9438669438669439,AI model laggard flag (short-side top 6%),Open,,running: day 8 of 60; so far -4.1% vs average,,,,,,8.0,2026-10-09,293.1,-6.626314112774756,-2.499413440846676,-4.12690067192808,0,2026-09-28,2026-09-28 14:50:34,2026-10-09 14:54:30
388,2026-09-28,INFY,Infosys Ltd.,MT,AVOID,Avoid (likely underperformer),0,1003.2,25.903874241972446,,,,60,,,-0.010251588188111782,,0.9126819126819127,AI model laggard flag (short-side top 9%); - Wyckoff spring,Open,,running: day 8 of 60; so far +4.5% vs average,,,,,,8.0,2026-10-09,1023.4,2.0135566188197673,-2.499413440846676,4.5129700596664435,8,2026-10-09,2026-09-28 14:50:34,2026-10-09 14:54:30
389,2026-09-28,JAINREC,Jain Resource Recycling Ltd.,MT,AVOID,Avoid (likely underperformer),0,281.75,11.463399607284526,,,,60,,,-0.010251588188111782,,0.9168399168399168,AI model laggard flag (short-side top 8%),Open,,running: day 8 of 60; so far +5.0% vs average,,,,,,8.0,2026-10-09,288.7,2.4667258207630827,-2.499413440846676,4.966139261609759,6,2026-10-07,2026-09-28 14:50:34,2026-10-09 14:54:30
391,2026-09-28,PWL,PhysicsWallah Ltd.,MT,AVOID,Avoid (likely underperformer),0,128.07,5.742592944437678,,,,60,,,-0.010251588188111782,,0.896049896049896,AI model laggard flag (short-side top 10%),Open,,running: day 8 of 60; so far +14.7% vs average,,,,,,8.0,2026-10-09,143.69,12.196455063637067,-2.499413440846676,14.695868504483744,2,2026-10-08,2026-09-28 14:50:34,2026-10-09 14:54:30
392,2026-09-28,SYRMA,Syrma SGS Technology Ltd.,MT,AVOID,Avoid (likely underperformer),0,1746.4,69.24060892316832,,,,60,,,-0.011073315516114235,,0.9584199584199584,AI model laggard flag (short-side top 4%),Open,,running: day 8 of 60; so far +1.0% vs average,,,,,,8.0,2026-10-09,1719.9,-1.5174072377462156,-2.499413440846676,0.9820062031004606,1,2026-09-30,2026-09-28 14:50:34,2026-10-09 14:54:30
393,2026-09-28,WELSPUNLIV,Welspun Living Ltd.,MT,AVOID,Avoid (likely underperformer),0,227.95,7.893159112531326,,,,60,,,-0.011073315516114235,,0.9646569646569647,AI model laggard flag (short-side top 4%),Open,,running: day 8 of 60; so far +0.7% vs average,,,,,,8.0,2026-10-09,223.75,-1.8425093222197764,-2.499413440846676,0.6569041186268998,3,2026-10-01,2026-09-28 14:50:34,2026-10-09 14:54:30
394,2026-09-28,ZENSARTECH,Zensar Technolgies Ltd.,MT,AVOID,Avoid (likely underperformer),0,436.7,15.795197858156925,,,,60,,,-0.010251588188111782,,0.8627858627858628,AI model laggard flag (short-side top 14%),Open,,running: day 8 of 60; so far +5.2% vs average,,,,,,8.0,2026-10-09,448.55,2.7135333180673182,-2.499413440846676,5.212946758913994,6,2026-10-09,2026-09-28 14:50:34,2026-10-09 14:54:30
395,2026-09-28,BLUESTARCO,Blue Star Ltd.,LT,AVOID,Reduce / Avoid,0,1575.4,46.345958766661965,,,,250,,,-0.010469918139278889,,0.8586278586278586,"AI model laggard flag (short-side top 14%); - Supertrend (10,3) turns up",Open,,running: day 8 of 250; so far +2.4% vs average,,,,,,8.0,2026-10-09,1574.0,-0.0888663196648487,-2.499413440846676,2.4105471211818275,8,2026-10-09,2026-09-28 14:50:34,2026-10-09 14:54:30
396,2026-09-28,CASTROLIND,Castrol India Ltd.,LT,AVOID,Reduce / Avoid,0,201.04,3.4927436446556643,,,,250,,,-0.000637742574326694,,0.3970893970893971,"- Supertrend (10,3) turns up",Open,,running: day 8 of 250; so far -0.7% vs average,,,,,,8.0,2026-10-09,194.67,-3.1685236768802305,-2.499413440846676,-0.6691102360335544,3,2026-10-01,2026-09-28 14:50:34,2026-10-09 14:54:30
397,2026-09-28,DIVISLAB,Divi's Laboratories Ltd.,LT,AVOID,Reduce / Avoid,0,9550.0,195.03833529760163,,,,250,,,-0.010469918139278889,,0.8503118503118503,AI model laggard flag (short-side top 15%),Open,,running: day 8 of 250; so far +0.3% vs average,,,,,,8.0,2026-10-09,9340.0,-2.198952879581151,-2.499413440846676,0.30046056126552534,1,2026-09-29,2026-09-28 14:50:35,2026-10-09 14:54:30
398,2026-09-28,ECLERX,eClerx Services Ltd.,LT,AVOID,Reduce / Avoid,0,1816.2,71.37975710772223,,,,250,,,-0.021375585347414017,,0.9604989604989606,AI model laggard flag (short-side top 4%),Open,,running: day 8 of 250; so far +5.3% vs average,,,,,,8.0,2026-10-09,1866.8,2.786036780090284,-2.499413440846676,5.28545022093696,8,2026-10-09,2026-09-28 14:50:35,2026-10-09 14:54:30
399,2026-09-28,FIRSTCRY,Brainbees Solutions Ltd. (FirstCry),LT,AVOID,Reduce / Avoid,0,184.72,8.627172117284431,,,,250,,,-0.01975449174642563,,0.02702702702702703,- RSI(2) above 95 in a downtrend; - RSI(14) rises back above 30,Open,,running: day 8 of 250; so far -5.9% vs average,,,,,,8.0,2026-10-09,169.17,-8.418146383715897,-2.499413440846676,-5.91873294286922,8,2026-10-09,2026-09-28 14:50:35,2026-10-09 14:54:30
400,2026-09-28,GODIGIT,Go Digit General Insurance Ltd.,LT,AVOID,Reduce / Avoid,0,263.25,8.927573920658372,,,,250,,,-0.000637742574326694,,0.29313929313929316,- RSI(2) above 95 in a downtrend,Open,,running: day 8 of 250; so far +6.1% vs average,,,,,,8.0,2026-10-09,272.85,3.6467236467236486,-2.499413440846676,6.146137087570325,3,2026-10-01,2026-09-28 14:50:35,2026-10-09 14:54:30
401,2026-09-28,ITC,ITC Ltd.,LT,AVOID,Reduce / Avoid,0,265.2,4.6568244347944034,,,,250,,,-0.010469918139278889,,0.8835758835758836,AI model laggard flag (short-side top 12%),Open,,running: day 8 of 250; so far +2.8% vs average,,,,,,8.0,2026-10-09,266.0,0.3016591251885359,-2.499413440846676,2.801072566035212,7,2026-10-09,2026-09-28 14:50:35,2026-10-09 14:54:30
403,2026-09-28,TATATECH,Tata Technologies Ltd.,LT,AVOID,Reduce / Avoid,0,707.05,24.87023186975993,,,,250,,,-0.021375585347414017,,0.9542619542619543,AI model laggard flag (short-side top 5%); - RSI(14) rises back above 30,Open,,running: day 8 of 250; so far +3.7% vs average,,,,,,8.0,2026-10-09,715.85,1.2446078778021397,-2.499413440846676,3.744021318648816,8,2026-10-09,2026-09-28 14:50:35,2026-10-09 14:54:30
404,2026-09-28,UPL,UPL Ltd.,LT,AVOID,Reduce / Avoid,0,549.5,11.496394088071112,,,,250,,,-0.010469918139278889,,0.8752598752598753,AI model laggard flag (short-side top 12%),Open,,running: day 8 of 250; so far -8.6% vs average,,,,,,8.0,2026-10-09,488.45,-11.110100090991814,-2.499413440846676,-8.610686650145139,1,2026-09-30,2026-09-28 14:50:35,2026-10-09 14:54:30
405,2026-09-28,VOLTAS,Voltas Ltd.,LT,AVOID,Reduce / Avoid,0,1135.5,29.761997055939364,,,,250,,,-0.010469918139278889,,0.8607068607068608,AI model laggard flag (short-side top 14%); - RSI(14) rises back above 30,Open,,running: day 8 of 250; so far -6.5% vs average,,,,,,8.0,2026-10-09,1033.7,-8.965213562307351,-2.499413440846676,-6.465800121460674,0,2026-09-28,2026-09-28 14:50:35,2026-10-09 14:54:30
406,2026-09-28,ZYDUSWELL,Zydus Wellness Ltd.,LT,AVOID,Reduce / Avoid,0,524.4,17.059691544979813,,,,250,,,-0.010469918139278889,,0.8711018711018711,AI model laggard flag (short-side top 13%),Open,,running: day 8 of 250; so far -3.9% vs average,,,,,,8.0,2026-10-09,490.7,-6.426392067124331,-2.499413440846676,-3.926978626277655,1,2026-09-30,2026-09-28 14:50:35,2026-10-09 14:54:30
3,2026-09-25,ABFRL,Aditya Birla Fashion and Retail Ltd.,ST,BUY,Strong Buy,1,49.14,1.4442755472173208,50.584275547217324,53.47282664165196,46.97358667917402,10,0.21183930590147448,0.4281951859970783,0.0018773479387164116,0.15396105502196894,0.975051975051975,AI model top 2%,Stop hit,Loss,,2026-09-28,49.24,2026-09-29,46.97358667917402,-4.902789034983723,2.0,2026-09-29,46.97358667917402,,,,1,2026-09-28,2026-09-28 06:16:52,2026-09-29 14:43:30
6,2026-09-25,AJANTPHARM,Ajanta Pharmaceuticals Ltd.,ST,BUY,Strong Buy,1,3547.8,83.85043952611117,3631.6504395261113,3799.3513185783336,3422.0243407108333,10,0.21183930590147448,0.4281951859970783,0.0018773479387164116,0.15396105502196894,0.9792099792099792,AI model top 2%,Stop hit,Loss,,2026-09-28,3546.0,2026-10-08,3422.0243407108333,-3.796211485876111,8.0,2026-10-08,3422.0243407108333,,,,0,2026-09-25,2026-09-28 06:16:52,2026-10-08 14:46:06
13,2026-09-25,BATAINDIA,Bata India Ltd.,ST,BUY,Strong Buy,1,629.8,14.498008589297754,644.2980085892978,673.2940257678932,608.0529871160534,10,0.21183930590147448,0.4281951859970783,0.0018773479387164116,0.15396105502196894,1.0,AI model top 1%,Stop hit,Loss,,2026-09-28,631.5,2026-10-01,608.0529871160534,-4.012907820102396,4.0,2026-10-01,608.0529871160534,,,,0,2026-09-25,2026-09-28 06:16:52,2026-10-01 14:44:24
14,2026-09-25,BAYERCROP,Bayer Cropscience Ltd.,ST,BUY,Strong Buy,1,3717.6,64.97819090019335,3782.5781909001935,3912.53457270058,3620.13271364971,10,0.21183930590147448,0.4281951859970783,0.0018773479387164116,0.15396105502196894,0.9896049896049897,AI model top 1%,Stop hit,Loss,,2026-09-28,3714.9,2026-09-29,3620.13271364971,-2.8510050432122065,2.0,2026-09-29,3620.13271364971,,,,0,2026-09-25,2026-09-28 06:16:52,2026-09-29 14:43:30
19,2026-09-25,CARTRADE,CarTrade Tech Ltd.,ST,BUY,Strong Buy,1,3002.6,127.13219394630957,3129.7321939463095,3383.9965818389287,2811.9017090805355,10,0.21183930590147448,0.4281951859970783,0.0018773479387164116,0.15396105502196894,0.9937629937629938,AI model top 1%,Stop hit,Loss,,2026-09-28,2992.0,2026-10-01,2811.9017090805355,-6.319327905062311,4.0,2026-10-01,2811.9017090805355,,,,0,2026-09-25,2026-09-28 06:16:52,2026-10-01 14:44:24
20,2026-09-25,CEMPRO,Cemindia Projects Ltd.,ST,BUY,Strong Buy,1,1257.2,50.08883360133131,1307.2888336013314,1407.466500803994,1182.066749598003,10,0.21652252246339057,0.4305367942780363,0.003883612807840109,0.15396105502196894,0.9854469854469855,AI model top 1%; + Three lower closes in an uptrend,Stop hit,Loss,,2026-09-28,1243.0,2026-10-01,1182.066749598003,-5.202111858567737,4.0,2026-10-01,1182.066749598003,,,,2,2026-09-29,2026-09-28 06:16:52,2026-10-01 14:44:24
25,2026-09-25,EMCURE,Emcure Pharmaceuticals Ltd.,ST,BUY,Strong Buy,1,1950.6,57.63337825380275,2008.2333782538026,2123.500134761408,1864.1499326192957,10,0.21183930590147448,0.4281951859970783,0.0018773479387164116,0.15396105502196894,0.9584199584199584,AI model top 4%,Stop hit,Loss,,2026-09-28,1935.0,2026-10-08,1864.1499326192957,-3.961502190217281,8.0,2026-10-08,1864.1499326192957,,,,0,2026-09-25,2026-09-28 06:16:52,2026-10-08 14:46:06
32,2026-09-25,GLAND,Gland Pharma Ltd.,ST,BUY,Strong Buy,1,2917.2,83.32384950468612,3000.523849504686,3167.171548514058,2792.2142257429705,10,0.21183930590147448,0.4281951859970783,0.0018773479387164116,0.15396105502196894,0.9521829521829522,AI model top 5%,Target hit,Win,,2026-09-28,2910.0,2026-10-07,3167.171548514058,8.537510258215042,7.0,2026-10-07,3167.171548514058,,,,1,2026-09-28,2026-09-28 06:16:52,2026-10-07 14:43:57
38,2026-09-25,HONASA,Honasa Consumer Ltd.,ST,BUY,Strong Buy,1,465.5,15.895131147199823,481.39513114719983,513.1853934415994,441.6573032792003,10,0.21183930590147448,0.4281951859970783,0.0018773479387164116,0.15396105502196894,0.9916839916839917,AI model top 1%,Stop hit,Loss,,2026-09-28,475.95,2026-09-29,441.6573032792003,-7.505104889337055,2.0,2026-09-29,441.6573032792003,,,,1,2026-09-28,2026-09-28 06:16:52,2026-09-29 14:43:30
43,2026-09-25,INOXWIND,Inox Wind Ltd.,ST,BUY,Strong Buy,1,74.75,2.3557156490320006,77.105715649032,81.817146947096,71.216426526452,10,0.21183930590147448,0.4281951859970783,0.0018773479387164116,0.15396105502196894,0.9542619542619543,AI model top 5%,Stop hit,Loss,,2026-09-28,74.81,2026-09-29,71.216426526452,-5.103600419125797,2.0,2026-09-29,71.216426526452,,,,0,2026-09-25,2026-09-28 06:16:52,2026-09-29 14:43:30
44,2026-09-25,IRCON,IRCON International Ltd.,ST,BUY,Strong Buy,1,105.95,2.9878933060398984,108.9378933060399,114.9136799181197,101.46816004094015,10,0.21183930590147448,0.4281951859970783,0.0018773479387164116,0.15396105502196894,0.9958419958419958,AI model top 1%,Target hit,Win,,2026-09-28,105.95,2026-09-30,114.9136799181197,8.160292513562705,3.0,2026-09-30,114.9136799181197,,,,2,2026-09-29,2026-09-28 06:16:52,2026-09-30 14:45:02
50,2026-09-25,J&KBANK,Jammu & Kashmir Bank Ltd.,ST,BUY,Strong Buy,1,146.1,3.9556005611198,150.0556005611198,157.9668016833594,140.16659915832028,10,0.21183930590147448,0.4281951859970783,0.0018773479387164116,0.15396105502196894,0.997920997920998,AI model top 1%,Stop hit,Loss,,2026-09-28,145.51,2026-09-29,140.16659915832028,-3.9721880569580814,2.0,2026-09-29,140.16659915832028,,,,1,2026-09-28,2026-09-28 06:16:52,2026-09-29 14:43:30
76,2026-09-25,NLCINDIA,NLC India Ltd.,ST,BUY,Strong Buy,1,262.55,6.627734220093847,269.17773422009384,282.43320266028155,252.60839866985924,10,0.21183930590147448,0.4281951859970783,0.0018773479387164116,0.15396105502196894,0.9708939708939709,AI model top 3%,Stop hit,Loss,,2026-09-28,261.65,2026-09-29,252.60839866985924,-3.755609145859251,2.0,2026-09-29,252.60839866985924,,,,0,2026-09-25,2026-09-28 06:16:52,2026-09-29 14:43:30
92,2026-09-25,SCHNEIDER,Schneider Electric Infrastructure Ltd.,ST,BUY,Strong Buy,1,1209.5,46.253778343211565,1255.7537783432115,1348.2613350296347,1140.1193324851827,10,0.21183930590147448,0.4281951859970783,0.0018773479387164116,0.15396105502196894,0.9875259875259875,AI model top 1%,Open,,running: day 9 of 10,2026-09-28,1209.5,,,-2.9953286482017334,9.0,2026-10-09,1176.9,,,,1,2026-09-28,2026-09-28 06:16:52,2026-10-09 14:54:29
100,2026-09-25,TBOTEK,TBO Tek Ltd.,ST,BUY,Strong Buy,1,1696.9,51.53816514698753,1748.4381651469876,1851.5144954409627,1619.592752279519,10,0.21183930590147448,0.4281951859970783,0.0018773479387164116,0.15396105502196894,0.9667359667359667,AI model top 3%,Open,,running: day 9 of 10,2026-09-28,1681.0,,,-1.168530636525877,9.0,2026-10-09,1666.4,,,,5,2026-10-07,2026-09-28 06:16:52,2026-10-09 14:54:29
102,2026-09-25,THERMAX,Thermax Ltd.,ST,BUY,Strong Buy,1,3447.2,108.33986851942991,3555.5398685194295,3772.2196055582895,3284.6901972208548,10,0.21183930590147448,0.4281951859970783,0.0018773479387164116,0.15396105502196894,0.9771309771309772,AI model top 2%,Stop hit,Loss,,2026-09-28,3451.9,2026-09-29,3284.6901972208548,-5.143993243696087,2.0,2026-09-29,3284.6901972208548,,,,1,2026-09-28,2026-09-28 06:16:52,2026-09-29 14:43:30
103,2026-09-25,TRITURBINE,Triveni Turbine Ltd.,ST,BUY,Strong Buy,1,554.2,17.99046682647452,572.1904668264746,608.1714004794236,527.2142997602882,10,0.21183930590147448,0.4281951859970783,0.0018773479387164116,0.15396105502196894,0.9833679833679834,AI model top 2%,Stop hit,Loss,,2026-09-28,555.35,2026-10-01,527.2142997602882,-5.366300574360638,4.0,2026-10-01,527.2142997602882,,,,3,2026-09-30,2026-09-28 06:16:52,2026-10-01 14:44:24
104,2026-09-25,TTML,Tata Teleservices (Maharashtra) Ltd.,ST,BUY,Strong Buy,1,34.44,1.1261295794460762,35.56612957944608,37.81838873833823,32.75080563083088,10,0.21183930590147448,0.4281951859970783,0.0018773479387164116,0.15396105502196894,0.9812889812889813,AI model top 2%,Target hit,Win,,2026-09-28,35.01,2026-09-28,37.81838873833823,7.721675916418825,1.0,2026-09-28,37.81838873833823,,,,0,2026-09-25,2026-09-28 06:16:52,2026-09-28 14:43:34
107,2026-09-25,WELCORP,Welspun Corp Ltd.,ST,BUY,Strong Buy,1,2832.4,130.91155719215317,2963.3115571921535,3225.1346715764594,2636.03266421177,10,0.21183930590147448,0.4281951859970783,0.0018773479387164116,0.15396105502196894,0.9688149688149689,AI model top 3%,Stop hit,Loss,,2026-09-28,2830.0,2026-10-01,2636.03266421177,-7.153969462481613,4.0,2026-10-01,2636.03266421177,,,,0,2026-09-25,2026-09-28 06:16:52,2026-10-01 14:44:24
22,2026-09-25,CYIENT,Cyient Ltd.,ST,BUY,Buy,1,1094.7,40.838382313849316,1135.5383823138493,1217.215146941548,1033.4424265292262,10,0.15808489885833382,0.4353764078857869,0.004377755336463451,0.15396105502196894,0.2681912681912682,+ Holy Grail: ADX > 30 and pullback to 20 EMA,Open,,running: day 9 of 10,2026-09-28,1095.8,,,5.449224311005663,9.0,2026-10-09,1158.8,,,,0,2026-09-25,2026-09-28 06:16:52,2026-10-09 14:54:29
64,2026-09-25,LENSKART,Lenskart Solutions Ltd.,ST,BUY,Buy,1,680.25,20.771866313314177,701.0218663133141,742.5655989399426,649.0922005300288,10,0.17864216757457557,0.42534906759759705,0.003236595541238785,0.15396105502196894,0.7484407484407485,+ Holy Grail: ADX > 30 and pullback to 20 EMA,Stop hit,Loss,,2026-09-28,680.0,2026-09-29,649.0922005300288,-4.84526462793694,2.0,2026-09-29,649.0922005300288,,,,0,2026-09-25,2026-09-28 06:16:52,2026-09-29 14:43:30
83,2026-09-25,PAYTM,One 97 Communications Ltd. (Paytm),ST,BUY,Buy,1,1674.0,63.6236133735127,1737.6236133735126,1864.870840120538,1578.564579939731,10,0.1634232170714887,0.43804556699236435,0.003749104216694832,0.15396105502196894,0.20582120582120583,+ Three lower closes in an uptrend; + RSI(2) below 5 in an uptrend (Connors),Stop hit,Loss,,2026-09-28,1668.0,2026-10-08,1578.564579939731,-5.66183573502812,8.0,2026-10-08,1578.564579939731,,,,1,2026-09-28,2026-09-28 06:16:52,2026-10-08 14:46:06
84,2026-09-25,PFOCUS,Prime Focus Ltd.,ST,BUY,Buy,1,315.45,16.195027397603287,331.64502739760326,364.03508219280985,291.15745890359506,10,0.1716013995467172,0.4328585799890626,0.005674572661519051,0.15396105502196894,0.5987525987525988,+ Holy Grail: ADX > 30 and pullback to 20 EMA; + Three lower closes in an uptrend,Stop hit,Loss,,2026-09-28,316.5,2026-10-05,291.15745890359506,-8.307121989385447,5.0,2026-10-05,291.15745890359506,,,,0,2026-09-25,2026-09-28 06:16:52,2026-10-05 14:49:19
115,2026-09-25,ANTHEM,Anthem Biosciences Ltd.,MT,BUY,Buy,1,873.6,28.867680857862023,916.901521286793,1046.806085147172,786.9969574264139,60,0.29806023619985134,0.5133475851136046,0.05883948504924774,0.27432045741690125,0.2515592515592516,+ Holy Grail: ADX > 30 and pullback to 20 EMA; + Three lower closes in an uptrend,Open,,running: day 9 of 60,2026-09-28,868.0,,,-0.9566820276497797,9.0,2026-10-09,862.3,,,,0,2026-09-25,2026-09-28 06:16:52,2026-10-09 14:54:29
130,2026-09-25,CLEAN,Clean Science and Technology Ltd.,MT,BUY,Buy,1,807.25,24.638629990396243,844.2079449855944,955.0817799423775,733.3341100288112,60,0.30545363251590263,0.5111647346822714,0.051328133791685104,0.27432045741690125,0.6299376299376299,+ Holy Grail: ADX > 30 and pullback to 20 EMA,Open,,running: day 9 of 60,2026-09-28,807.25,,,-1.8918240941467985,9.0,2026-10-09,794.4,,,,1,2026-09-28,2026-09-28 06:16:52,2026-10-09 14:54:29
131,2026-09-25,CYIENT,Cyient Ltd.,MT,BUY,Buy,1,1094.7,40.838382313849316,1155.957573470774,1339.730293883096,972.1848530584521,60,0.3169360234730938,0.5071395043218212,0.052371133118867874,0.27432045741690125,0.9106029106029107,+ Holy Grail: ADX > 30 and pullback to 20 EMA,Open,,running: day 9 of 60,2026-09-28,1095.8,,,5.449224311005663,9.0,2026-10-09,1158.8,,,,1,2026-09-29,2026-09-28 06:16:52,2026-10-09 14:54:29
181,2026-09-25,PFOCUS,Prime Focus Ltd.,MT,BUY,Buy,1,315.45,16.195027397603287,339.7425410964049,412.6201643856197,266.8649178071901,60,0.3127924902213387,0.5046081694368633,0.05424133315682411,0.27432045741690125,0.8045738045738046,+ Holy Grail: ADX > 30 and pullback to 20 EMA; + Three lower closes in an uptrend,Stop hit,Loss,,2026-09-28,316.5,2026-10-07,266.8649178071901,-15.982490424268525,7.0,2026-10-07,266.8649178071901,,,,3,2026-09-30,2026-09-28 06:16:52,2026-10-07 14:43:57
185,2026-09-25,PTCIL,PTC Industries Ltd.,MT,BUY,Buy,1,21810.0,787.5751351002148,22991.362702650324,26535.450810601287,19447.274594699356,60,0.29193671587322806,0.5102858249502928,0.05380639433860779,0.27432045741690125,0.23284823284823286,+ Holy Grail: ADX > 30 and pullback to 20 EMA,Open,,running: day 9 of 60,2026-09-28,21820.0,,,12.142713107241054,9.0,2026-10-09,24535.0,,,,5,2026-10-07,2026-09-28 06:16:52,2026-10-09 14:54:29
192,2026-09-25,SUNDARMFIN,Sundaram Finance Ltd.,MT,BUY,Buy,1,4508.0,120.15543610268192,4688.2331541540225,5228.932616616092,4147.533691691954,60,0.29193671587322806,0.5102858249502928,0.05380639433860779,0.27432045741690125,0.49272349272349275,+ Holy Grail: ADX > 30 and pullback to 20 EMA,Stop hit,Loss,,2026-09-28,4508.0,2026-10-08,4147.533691691954,-8.296147034339974,8.0,2026-10-08,4147.533691691954,,,,0,2026-09-25,2026-09-28 06:16:52,2026-10-08 14:46:06
212,2026-09-25,ANANDRATHI,Anand Rathi Wealth Ltd.,LT,BUY,Accumulate (buy on dips),1,2126.8,52.70083877952315,2232.2016775590464,2653.8083877952317,1863.2958061023844,250,0.43114182573881427,0.5490338865638718,0.17462129890918732,0.3753534794381895,0.6216216216216216,+ Holy Grail: ADX > 30 and pullback to 20 EMA; + Three lower closes in an uptrend,Open,,running: day 9 of 250,2026-09-28,2145.1,,,-5.260141718334799,9.0,2026-10-09,2038.7,,,,1,2026-09-28,2026-09-28 06:16:52,2026-10-09 14:54:30
217,2026-09-25,APLAPOLLO,APL Apollo Tubes Ltd.,LT,BUY,Accumulate (buy on dips),1,2214.7,58.7593871932342,2332.2187743864683,2802.293871932342,1920.9030640338287,250,0.41803543236630286,0.542480689877616,0.15673835575580597,0.3753534794381895,0.6444906444906445,+ Holy Grail: ADX > 30 and pullback to 20 EMA,Open,,running: day 9 of 250,2026-09-28,2210.2,,,-4.648022803366203,9.0,2026-10-09,2114.1,,,,0,2026-09-25,2026-09-28 06:16:52,2026-10-09 14:54:30
229,2026-09-25,CANHLIFE,Canara HSBC Life Insurance Company Ltd.,LT,BUY,Accumulate (buy on dips),1,150.7,5.997259888794477,162.69451977758894,210.67259888794476,120.7137005560276,250,0.4114930499434294,0.5367693489963361,0.16483008861541748,0.3753534794381895,0.7525987525987526,+ Holy Grail: ADX > 30 and pullback to 20 EMA; + Three lower closes in an uptrend,Open,,running: day 9 of 250,2026-09-28,150.7,,,-7.917783676177825,9.0,2026-10-09,139.22,,,,4,2026-10-01,2026-09-28 06:16:52,2026-10-09 14:54:30
231,2026-09-25,CARTRADE,CarTrade Tech Ltd.,LT,BUY,Accumulate (buy on dips),1,3002.6,127.13219394630957,3256.864387892619,4273.921939463095,2366.939030268452,250,0.398386656570918,0.5302161523100803,0.14694714546203613,0.3753534794381895,0.8461538461538461,+ Holy Grail: ADX > 30 and pullback to 20 EMA,Open,,running: day 9 of 250,2026-09-28,2992.0,,,-1.6703208556149702,9.0,2026-10-09,2951.0,,,,1,2026-09-28,2026-09-28 06:16:52,2026-10-09 14:54:30
234,2026-09-25,CGCL,Capri Global Capital Ltd.,LT,BUY,Accumulate (buy on dips),1,253.7,10.569216062250508,274.838432124501,359.39216062250506,200.85391968874745,250,0.43114182573881427,0.5490338865638718,0.17462129890918732,0.3753534794381895,0.5051975051975052,+ Holy Grail: ADX > 30 and pullback to 20 EMA; + Three lower closes in an uptrend,Open,,running: day 9 of 250,2026-09-28,253.45,,,-4.8886762675083855,9.0,2026-10-09,241.82,,,,1,2026-09-28,2026-09-28 06:16:52,2026-10-09 14:54:30
237,2026-09-25,CLEAN,Clean Science and Technology Ltd.,LT,BUY,Accumulate (buy on dips),1,807.25,24.638629990396243,856.5272599807925,1053.6362999039625,684.0568500480188,250,0.41803543236630286,0.542480689877616,0.15673835575580597,0.3753534794381895,0.5072765072765073,+ Holy Grail: ADX > 30 and pullback to 20 EMA,Open,,running: day 9 of 250,2026-09-28,807.25,,,-1.8918240941467985,9.0,2026-10-09,794.4,,,,6,2026-10-06,2026-09-28 06:16:52,2026-10-09 14:54:30
238,2026-09-25,CRAFTSMAN,Craftsman Automation Ltd.,LT,BUY,Accumulate (buy on dips),1,10735.0,421.71293956732444,11578.42587913465,14952.129395673244,8626.435302163378,250,0.42260948917423863,0.5536027867121668,0.17754365503787994,0.3753534794381895,0.2910602910602911,+ Holy Grail: ADX > 30 and pullback to 20 EMA; + Three lower closes in an uptrend,Open,,running: day 9 of 250,2026-09-28,10735.0,,,-5.442058686539353,9.0,2026-10-09,10183.0,,,,1,2026-09-28,2026-09-28 06:16:52,2026-10-09 14:54:30
254,2026-09-25,GLAND,Gland Pharma Ltd.,LT,BUY,Accumulate (buy on dips),1,2917.2,83.32384950468612,3083.8476990093723,3750.438495046861,2500.580752476569,250,0.42260948917423863,0.5536027867121668,0.17754365503787994,0.3753534794381895,0.36174636174636177,+ Holy Grail: ADX > 30 and pullback to 20 EMA; + Three lower closes in an uptrend,Open,,running: day 9 of 250,2026-09-28,2910.0,,,4.916494845360841,9.0,2026-10-09,3061.8,,,,1,2026-09-28,2026-09-28 06:16:52,2026-10-09 14:54:30
275,2026-09-25,KOTAKBANK,Kotak Mahindra Bank Ltd.,LT,BUY,Accumulate (buy on dips),1,404.0,7.200983212697918,418.4019664253958,476.0098321269792,367.9950839365104,250,0.41173448802383067,0.5481519779168962,0.15597890317440033,0.3753534794381895,0.9646569646569647,+ Holy Grail: ADX > 30 and pullback to 20 EMA,Open,,running: day 9 of 250,2026-09-28,402.0,,,9.401492537313427,9.0,2026-10-09,441.0,,,,4,2026-10-01,2026-09-28 06:16:52,2026-10-09 14:54:30
280,2026-09-25,LICHSGFIN,LIC Housing Finance Ltd.,LT,BUY,Accumulate (buy on dips),1,566.0,15.203783799855973,596.4075675997119,718.0378379985598,489.9810810007201,250,0.41173448802383067,0.5481519779168962,0.15597890317440033,0.3753534794381895,0.972972972972973,+ Holy Grail: ADX > 30 and pullback to 20 EMA,Open,,running: day 9 of 250,2026-09-28,568.0,,,-3.1785211267605695,9.0,2026-10-09,551.65,,,,9,2026-10-09,2026-09-28 06:16:52,2026-10-09 14:54:30
282,2026-09-25,LTFOODS,LT Foods Ltd.,LT,BUY,Accumulate (buy on dips),1,422.35,13.105820556630542,448.5616411132611,553.4082055663055,356.8208972168473,250,0.42260948917423863,0.5536027867121668,0.17754365503787994,0.3753534794381895,0.2515592515592516,+ Holy Grail: ADX > 30 and pullback to 20 EMA; + Three lower closes in an uptrend,Open,,running: day 9 of 250,2026-09-28,422.0,,,-3.6056872037914633,9.0,2026-10-09,408.05,,,,0,2026-09-25,2026-09-28 06:16:52,2026-10-09 14:54:30
305,2026-09-25,RKFORGE,Ramkrishna Forgings Ltd.,LT,BUY,Accumulate (buy on dips),1,704.5,24.182496408719317,752.8649928174386,946.3249640871932,583.5875179564034,250,0.43114182573881427,0.5490338865638718,0.17462129890918732,0.3753534794381895,0.5488565488565489,+ Holy Grail: ADX > 30 and pullback to 20 EMA; + Three lower closes in an uptrend,Open,,running: day 9 of 250,2026-09-28,701.2,,,-2.5461494580718775,9.0,2026-10-09,685.45,,,,0,2026-09-25,2026-09-28 06:16:52,2026-10-09 14:54:30
313,2026-09-25,SUNDARMFIN,Sundaram Finance Ltd.,LT,BUY,Accumulate (buy on dips),1,4508.0,120.15543610268192,4748.310872205364,5709.55436102682,3907.22281948659,250,0.41803543236630286,0.542480689877616,0.15673835575580597,0.3753534794381895,0.6860706860706861,+ Holy Grail: ADX > 30 and pullback to 20 EMA,Open,,running: day 9 of 250,2026-09-28,4508.0,,,-9.048890860692094,9.0,2026-10-09,4113.6,,,,7,2026-10-07,2026-09-28 06:16:52,2026-10-09 14:54:30
323,2026-09-25,THELEELA,Schloss Bangalore Ltd. (The Leela),LT,BUY,Accumulate (buy on dips),1,546.15,18.247637021955303,582.6452740439106,728.626370219553,454.91181489022347,250,0.4095030958017272,0.547049590025911,0.1596607118844986,0.3753534794381895,0.4802494802494803,+ Holy Grail: ADX > 30 and pullback to 20 EMA,Open,,running: day 9 of 250,2026-09-28,546.15,,,7.271180078732964,9.0,2026-10-09,587.5,,,,0,2026-09-25,2026-09-28 06:16:52,2026-10-09 14:54:30
328,2026-09-25,WELCORP,Welspun Corp Ltd.,LT,BUY,Accumulate (buy on dips),1,2832.4,130.91155719215317,3094.2231143843064,4141.515571921532,2177.842214039234,250,0.4095030958017272,0.547049590025911,0.1596607118844986,0.3753534794381895,0.25363825363825365,+ Holy Grail: ADX > 30 and pullback to 20 EMA,Open,,running: day 9 of 250,2026-09-28,2830.0,,,-6.999646643109536,9.0,2026-10-09,2640.4,,,,7,2026-10-09,2026-09-28 06:16:52,2026-10-09 14:54:30
1,2026-09-25,360ONE,360 ONE WAM Ltd.,ST,AVOID,Avoid (likely underperformer),0,1073.0,30.79416942361242,,,,10,,,-0.0009884813334792852,,0.3596673596673597,- Weinstein stage-4 breakdown; - Candle: tasukigap (bullish),Open,,running: day 9 of 10; so far +1.7% vs average,,,,,,9.0,2026-10-09,1048.0,-2.329916123019571,-4.071926380355459,1.7420102573358873,1,2026-10-09,2026-09-28 06:16:52,2026-10-09 14:54:29
2,2026-09-25,ABDL,Allied Blenders and Distillers Ltd.,ST,AVOID,Avoid (likely underperformer),0,715.05,26.597038838368885,,,,10,,,-0.0023604349698871374,,0.8794178794178794,AI model laggard flag (short-side top 12%),Open,,running: day 9 of 10; so far +3.6% vs average,,,,,,9.0,2026-10-09,711.55,-0.48947626040136694,-4.071926380355459,3.5824501199540912,1,2026-09-28,2026-09-28 06:16:52,2026-10-09 14:54:29
4,2026-09-25,ADANIGREEN,Adani Green Energy Ltd.,ST,AVOID,Avoid (likely underperformer),0,1296.6,35.911840136772184,,,,10,,,-0.0037663541734218597,,0.9584199584199584,AI model laggard flag (short-side top 4%),Open,,running: day 9 of 10; so far +0.9% vs average,,,,,,9.0,2026-10-09,1255.8,-3.1466913465987956,-4.071926380355459,0.9252350337566627,5,2026-10-07,2026-09-28 06:16:52,2026-10-09 14:54:29
7,2026-09-25,AMBER,Amber Enterprises India Ltd.,ST,AVOID,Avoid (likely underperformer),0,6960.0,165.97196709256272,,,,10,,,-0.0023604349698871374,,0.9272349272349273,AI model laggard flag (short-side top 7%),Open,,running: day 9 of 10; so far -3.3% vs average,,,,,,9.0,2026-10-09,6445.0,-7.399425287356321,-4.071926380355459,-3.3274989070008623,2,2026-10-07,2026-09-28 06:16:52,2026-10-09 14:54:29
5,2026-09-25,ANANTRAJ,Anant Raj Ltd.,ST,AVOID,Avoid (likely underperformer),0,617.4,19.11631936372464,,,,10,,,-0.0037663541734218597,,0.9501039501039501,AI model laggard flag (short-side top 5%),Open,,running: day 9 of 10; so far -3.5% vs average,,,,,,9.0,2026-10-09,570.75,-7.555879494655004,-4.071926380355459,-3.4839531142995463,3,2026-10-07,2026-09-28 06:16:52,2026-10-09 14:54:29
8,2026-09-25,AUROPHARMA,Aurobindo Pharma Ltd.,ST,AVOID,Avoid (likely underperformer),0,1712.0,37.71563546134276,,,,10,,,-0.0023604349698871374,,0.9002079002079002,AI model laggard flag (short-side top 10%),Open,,running: day 9 of 10; so far +3.0% vs average,,,,,,9.0,2026-10-09,1693.0,-1.1098130841121545,-4.071926380355459,2.9621132962433037,5,2026-10-09,2026-09-28 06:16:52,2026-10-09 14:54:29
9,2026-09-25,BAJAJHLDNG,Bajaj Holdings & Investment Ltd.,ST,AVOID,Avoid (likely underperformer),0,10940.0,259.310079192903,,,,10,,,-0.0023604349698871374,,0.8877338877338877,AI model laggard flag (short-side top 11%),Open,,running: day 9 of 10; so far +3.0% vs average,,,,,,9.0,2026-10-09,10820.0,-1.0968921389396757,-4.071926380355459,2.9750342414157824,8,2026-10-09,2026-09-28 06:16:52,2026-10-09 14:54:29
10,2026-09-25,BANDHANBNK,Bandhan Bank Ltd.,ST,AVOID,Avoid (likely underperformer),0,187.7,5.8081854797335115,,,,10,,,-0.0023604349698871374,,0.8690228690228691,AI model laggard flag (short-side top 13%),Open,,running: day 9 of 10; so far -12.3% vs average,,,,,,9.0,2026-10-09,157.0,-16.35588705380927,-4.071926380355459,-12.283960673453812,0,2026-09-25,2026-09-28 06:16:52,2026-10-09 14:54:29
11,2026-09-25,BANKBARODA,Bank of Baroda,ST,AVOID,Avoid (likely underperformer),0,235.26,3.8278995736793195,,,,10,,,-0.0037663541734218597,,0.9521829521829522,AI model laggard flag (short-side top 5%),Open,,running: day 9 of 10; so far +4.3% vs average,,,,,,9.0,2026-10-09,235.8,0.2295332823259555,-4.071926380355459,4.301459662681414,9,2026-10-09,2026-09-28 06:16:52,2026-10-09 14:54:29
12,2026-09-25,BANKINDIA,Bank of India,ST,AVOID,Avoid (likely underperformer),0,137.94,2.666858735944317,,,,10,,,-0.0037663541734218597,,0.9625779625779626,AI model laggard flag (short-side top 4%),Open,,running: day 9 of 10; so far +1.5% vs average,,,,,,9.0,2026-10-09,134.46,-2.52283601565898,-4.071926380355459,1.549090364696478,2,2026-10-09,2026-09-28 06:16:52,2026-10-09 14:54:29
15,2026-09-25,BELRISE,Belrise Industries Ltd.,ST,AVOID,Avoid (likely underperformer),0,247.92,6.80615024927403,,,,10,,,-0.0037663541734218597,,0.9688149688149689,AI model laggard flag (short-side top 3%),Open,,running: day 9 of 10; so far -1.5% vs average,,,,,,9.0,2026-10-09,234.17,-5.54614391739271,-4.071926380355459,-1.4742175370372514,1,2026-09-28,2026-09-28 06:16:52,2026-10-09 14:54:29
16,2026-09-25,BHARATFORG,Bharat Forge Ltd.,ST,AVOID,Avoid (likely underperformer),0,2008.0,51.1310543763702,,,,10,,,-0.0023604349698871374,,0.8669438669438669,AI model laggard flag (short-side top 13%),Open,,running: day 9 of 10; so far -5.4% vs average,,,,,,9.0,2026-10-09,1816.9,-9.516932270916334,-4.071926380355459,-5.445005890560876,0,2026-09-25,2026-09-28 06:16:52,2026-10-09 14:54:29
17,2026-09-25,BPCL,Bharat Petroleum Corporation Ltd.,ST,AVOID,Avoid (likely underperformer),0,308.5,6.916262184090349,,,,10,,,-0.0023604349698871374,,0.9397089397089398,AI model laggard flag (short-side top 6%); - Weinstein stage-4 breakdown,Open,,running: day 9 of 10; so far -2.6% vs average,,,,,,9.0,2026-10-09,287.8,-6.709886547811994,-4.071926380355459,-2.637960167456536,0,2026-09-25,2026-09-28 06:16:52,2026-10-09 14:54:29
18,2026-09-25,CANBK,Canara Bank,ST,AVOID,Avoid (likely underperformer),0,124.99,2.2053533713768347,,,,10,,,-0.0037663541734218597,,0.9937629937629938,AI model laggard flag (short-side top 1%),Open,,running: day 9 of 10; so far -0.2% vs average,,,,,,9.0,2026-10-09,119.59,-4.320345627650202,-4.071926380355459,-0.24841924729474343,9,2026-10-09,2026-09-28 06:16:52,2026-10-09 14:54:29
21,2026-09-25,CHAMBLFERT,Chambal Fertilizers & Chemicals Ltd.,ST,AVOID,Avoid (likely underperformer),0,417.95,7.637836881570357,,,,10,,,-0.0023604349698871374,,0.8856548856548857,AI model laggard flag (short-side top 11%),Open,,running: day 9 of 10; so far -6.4% vs average,,,,,,9.0,2026-10-09,374.3,-10.443832994377312,-4.071926380355459,-6.371906614021852,7,2026-10-07,2026-09-28 06:16:52,2026-10-09 14:54:29
23,2026-09-25,DLF,DLF Ltd.,ST,AVOID,Avoid (likely underperformer),0,683.0,16.38269894027563,,,,10,,,-0.0037663541734218597,,0.997920997920998,AI model laggard flag (short-side top 1%),Open,,running: day 9 of 10; so far -1.0% vs average,,,,,,9.0,2026-10-09,648.6,-5.036603221083446,-4.071926380355459,-0.9646768407279883,7,2026-10-07,2026-09-28 06:16:52,2026-10-09 14:54:29
24,2026-09-25,DMART,Avenue Supermarts Ltd.,ST,AVOID,Avoid (likely underperformer),0,3834.2,74.65705327952365,,,,10,,,-0.0023604349698871374,,0.9022869022869023,AI model laggard flag (short-side top 10%),Open,,running: day 9 of 10; so far -4.2% vs average,,,,,,9.0,2026-10-09,3516.8,-8.278128423139108,-4.071926380355459,-4.20620204278365,3,2026-10-01,2026-09-28 06:16:52,2026-10-09 14:54:29
26,2026-09-25,ENGINERSIN,Engineers India Ltd.,ST,AVOID,Avoid (likely underperformer),0,315.65,12.349224567464363,,,,10,,,-0.0023604349698871374,,0.8814968814968815,AI model laggard flag (short-side top 12%),Open,,running: day 9 of 10; so far -3.1% vs average,,,,,,9.0,2026-10-09,293.1,-7.143988594962758,-4.071926380355459,-3.0720622146073,0,2026-09-25,2026-09-28 06:16:52,2026-10-09 14:54:29
27,2026-09-25,ENRIN,Siemens Energy India Ltd.,ST,AVOID,Avoid (likely underperformer),0,3313.0,108.31895590671333,,,,10,,,-0.0023604349698871374,,0.8544698544698545,AI model laggard flag (short-side top 15%),Open,,running: day 9 of 10; so far -2.3% vs average,,,,,,9.0,2026-10-09,3101.0,-6.3990341080591655,-4.071926380355459,-2.327107727703707,3,2026-10-07,2026-09-28 06:16:52,2026-10-09 14:54:29
28,2026-09-25,ETERNAL,Eternal Ltd. (Zomato),ST,AVOID,Avoid (likely underperformer),0,335.0,7.837320803131028,,,,10,,,-0.0037663541734218597,,1.0,AI model laggard flag (short-side top 1%),Open,,running: day 9 of 10; so far +0.6% vs average,,,,,,9.0,2026-10-09,323.45,-3.4477611940298525,-4.071926380355459,0.6241651863256058,1,2026-10-09,2026-09-28 06:16:52,2026-10-09 14:54:29
29,2026-09-25,FORCEMOT,Force Motors Ltd.,ST,AVOID,Avoid (likely underperformer),0,17388.0,424.28453657727647,,,,10,,,-0.0037663541734218597,,0.9812889812889813,AI model laggard flag (short-side top 2%),Open,,running: day 9 of 10; so far +1.3% vs average,,,,,,9.0,2026-10-09,16900.0,-2.806533241315845,-4.071926380355459,1.2653931390396131,9,2026-10-09,2026-09-28 06:16:52,2026-10-09 14:54:29
30,2026-09-25,GAIL,GAIL (India) Ltd.,ST,AVOID,Avoid (likely underperformer),0,172.7,2.895887798458047,,,,10,,,-0.0023604349698871374,,0.9043659043659044,AI model laggard flag (short-side top 10%),Open,,running: day 9 of 10; so far +0.6% vs average,,,,,,9.0,2026-10-09,166.64,-3.5089751013317905,-4.071926380355459,0.5629512790236678,4,2026-10-06,2026-09-28 06:16:52,2026-10-09 14:54:29
31,2026-09-25,GESHIP,Great Eastern Shipping Co. Ltd.,ST,AVOID,Avoid (likely underperformer),0,1497.2,37.616796274306274,,,,10,,,-0.0037663541734218597,,0.9896049896049897,AI model laggard flag (short-side top 1%),Open,,running: day 9 of 10; so far +6.5% vs average,,,,,,9.0,2026-10-09,1533.7,2.4378840502270904,-4.071926380355459,6.509810430582549,8,2026-10-09,2026-09-28 06:16:52,2026-10-09 14:54:29
33,2026-09-25,GODFRYPHLP,Godfrey Phillips India Ltd.,ST,AVOID,Avoid (likely underperformer),0,1970.4,45.13164860351608,,,,10,,,-0.0037663541734218597,,0.9771309771309772,AI model laggard flag (short-side top 2%),Open,,running: day 9 of 10; so far -3.9% vs average,,,,,,9.0,2026-10-09,1813.2,-7.978075517661387,-4.071926380355459,-3.906149137305929,5,2026-10-07,2026-09-28 06:16:52,2026-10-09 14:54:29
34,2026-09-25,HBLENGINE,HBL Engineering Ltd.,ST,AVOID,Avoid (likely underperformer),0,806.0,27.23190502222907,,,,10,,,-0.0037663541734218597,,0.975051975051975,AI model laggard flag (short-side top 2%),Open,,running: day 9 of 10; so far -6.7% vs average,,,,,,9.0,2026-10-09,719.05,-10.787841191067004,-4.071926380355459,-6.715914810711546,0,2026-09-25,2026-09-28 06:16:52,2026-10-09 14:54:29
35,2026-09-25,HINDPETRO,Hindustan Petroleum Corporation Ltd.,ST,AVOID,Avoid (likely underperformer),0,351.0,7.989293720358241,,,,10,,,-0.0037663541734218597,,0.9667359667359667,AI model laggard flag (short-side top 3%),Open,,running: day 9 of 10; so far -3.1% vs average,,,,,,9.0,2026-10-09,326.0,-7.122507122507127,-4.071926380355459,-3.0505807421516686,4,2026-10-07,2026-09-28 06:16:52,2026-10-09 14:54:29
36,2026-09-25,HINDUNILVR,Hindustan Unilever Ltd.,ST,AVOID,Avoid (likely underperformer),0,1942.9,29.36935395869019,,,,10,,,-0.0037663541734218597,,0.9563409563409564,AI model laggard flag (short-side top 4%),Open,,running: day 9 of 10; so far -0.4% vs average,,,,,,9.0,2026-10-09,1856.7,-4.436666838231506,-4.071926380355459,-0.36474045787604836,9,2026-10-09,2026-09-28 06:16:52,2026-10-09 14:54:29
37,2026-09-25,HINDZINC,Hindustan Zinc Ltd.,ST,AVOID,Avoid (likely underperformer),0,588.95,15.856707404526949,,,,10,,,-0.0023604349698871374,,0.920997920997921,AI model laggard flag (short-side top 8%),Open,,running: day 9 of 10; so far -3.6% vs average,,,,,,9.0,2026-10-09,543.5,-7.717123694710937,-4.071926380355459,-3.6451973143554786,2,2026-09-29,2026-09-28 06:16:52,2026-10-09 14:54:29
39,2026-09-25,HSCL,Himadri Speciality Chemical Ltd.,ST,AVOID,Avoid (likely underperformer),0,678.75,20.272033998435504,,,,10,,,-0.0023604349698871374,,0.8731808731808732,AI model laggard flag (short-side top 13%),Open,,running: day 9 of 10; so far +1.3% vs average,,,,,,9.0,2026-10-09,659.95,-2.7697974217311128,-4.071926380355459,1.3021289586243454,5,2026-10-09,2026-09-28 06:16:52,2026-10-09 14:54:29
40,2026-09-25,ICICIGI,ICICI Lombard General Insurance Company Ltd.,ST,AVOID,Avoid (likely underperformer),0,1553.7,39.63873270642971,,,,10,,,-0.0013291765935719013,,0.5738045738045738,"- Supertrend (10,3) turns up",Open,,running: day 9 of 10; so far +12.9% vs average,,,,,,9.0,2026-10-09,1690.2,8.785479822359532,-4.071926380355459,12.85740620271499,2,2026-10-09,2026-09-28 06:16:52,2026-10-09 14:54:29
41,2026-09-25,IDBI,IDBI Bank Ltd.,ST,AVOID,Avoid (likely underperformer),0,84.4,2.9007137570304775,,,,10,,,-0.0009884813334792852,,0.25571725571725573,- Weinstein stage-4 breakdown,Open,,running: day 9 of 10; so far +2.5% vs average,,,,,,9.0,2026-10-09,83.09,-1.5521327014218045,-4.071926380355459,2.5197936789336537,2,2026-10-01,2026-09-28 06:16:52,2026-10-09 14:54:29
42,2026-09-25,INDHOTEL,Indian Hotels Co. Ltd.,ST,AVOID,Avoid (likely underperformer),0,726.8,14.825902765746617,,,,10,,,-0.0023604349698871374,,0.8711018711018711,AI model laggard flag (short-side top 13%),Open,,running: day 9 of 10; so far +2.5% vs average,,,,,,9.0,2026-10-09,715.65,-1.5341221794166193,-4.071926380355459,2.537804200938839,0,2026-09-25,2026-09-28 06:16:52,2026-10-09 14:54:29
45,2026-09-25,IRCTC,Indian Railway Catering and Tourism Corp. Ltd.,ST,AVOID,Avoid (likely underperformer),0,458.7,8.252910954401626,,,,10,,,-0.0023604349698871374,,0.9064449064449065,AI model laggard flag (short-side top 9%),Open,,running: day 9 of 10; so far +4.1% vs average,,,,,,9.0,2026-10-09,458.8,0.021800741225197484,-4.071926380355459,4.093727121580656,8,2026-10-09,2026-09-28 06:16:52,2026-10-09 14:54:29
46,2026-09-25,IREDA,Indian Renewable Energy Development Agency Ltd.,ST,AVOID,Avoid (likely underperformer),0,113.22,2.5892071724038024,,,,10,,,-0.0023604349698871374,,0.9417879417879418,AI model laggard flag (short-side top 6%),Open,,running: day 9 of 10; so far -3.7% vs average,,,,,,9.0,2026-10-09,104.4,-7.790143084260725,-4.071926380355459,-3.7182167039052674,0,2026-09-25,2026-09-28 06:16:52,2026-10-09 14:54:29
47,2026-09-25,IRFC,Indian Railway Finance Corp. Ltd.,ST,AVOID,Avoid (likely underperformer),0,79.95,1.4284135771357538,,,,10,,,-0.0023604349698871374,,0.9480249480249481,AI model laggard flag (short-side top 5%),Open,,running: day 9 of 10; so far -2.5% vs average,,,,,,9.0,2026-10-09,74.7,-6.566604127579733,-4.071926380355459,-2.4946777472242756,3,2026-10-01,2026-09-28 06:16:52,2026-10-09 14:54:29
48,2026-09-25,ITC,ITC Ltd.,ST,AVOID,Avoid (likely underperformer),0,269.0,4.684272468240126,,,,10,,,-0.0023604349698871374,,0.8648648648648649,AI model laggard flag (short-side top 14%),Open,,running: day 9 of 10; so far +3.0% vs average,,,,,,9.0,2026-10-09,266.0,-1.115241635687736,-4.071926380355459,2.9566847446677222,4,2026-10-01,2026-09-28 06:16:52,2026-10-09 14:54:29
49,2026-09-25,ITCHOTELS,ITC Hotels Ltd.,ST,AVOID,Avoid (likely underperformer),0,161.9,3.7887300523071836,,,,10,,,-0.0023604349698871374,,0.8565488565488566,"AI model laggard flag (short-side top 14%); - Weinstein stage-4 breakdown; - Supertrend (10,3) turns up",Open,,running: day 9 of 10; so far -0.5% vs average,,,,,,9.0,2026-10-09,154.52,-4.558369363804815,-4.071926380355459,-0.48644298344935677,3,2026-10-05,2026-09-28 06:16:52,2026-10-09 14:54:29
51,2026-09-25,JAINREC,Jain Resource Recycling Ltd.,ST,AVOID,Avoid (likely underperformer),0,286.85,11.829814961691024,,,,10,,,-0.0009884813334792852,,0.41164241164241167,- Candle: tasukigap (bullish),Open,,running: day 9 of 10; so far +4.7% vs average,,,,,,9.0,2026-10-09,288.7,0.6449363778978423,-4.071926380355459,4.716862758253301,1,2026-10-07,2026-09-28 06:16:52,2026-10-09 14:54:29
52,2026-09-25,JINDALSTEL,Jindal Steel & Power Ltd.,ST,AVOID,Avoid (likely underperformer),0,1164.8,30.007519554027606,,,,10,,,-0.0023604349698871374,,0.8523908523908524,AI model laggard flag (short-side top 15%),Open,,running: day 9 of 10; so far -8.6% vs average,,,,,,9.0,2026-10-09,1016.7,-12.714629120879117,-4.071926380355459,-8.642702740523658,3,2026-09-30,2026-09-28 06:16:52,2026-10-09 14:54:29
53,2026-09-25,JIOFIN,Jio Financial Services Ltd.,ST,AVOID,Avoid (likely underperformer),0,227.0,4.097375282907033,,,,10,,,-0.0023604349698871374,,0.893970893970894,AI model laggard flag (short-side top 11%),Open,,running: day 9 of 10; so far -1.4% vs average,,,,,,9.0,2026-10-09,214.62,-5.453744493392065,-4.071926380355459,-1.3818181130366072,0,2026-09-25,2026-09-28 06:16:52,2026-10-09 14:54:29
54,2026-09-25,JKCEMENT,J.K. Cement Ltd.,ST,AVOID,Avoid (likely underperformer),0,5000.0,151.4514419062379,,,,10,,,-0.0009884813334792852,,0.39501039501039503,"- Supertrend (10,3) turns up",Open,,running: day 9 of 10; so far +1.6% vs average,,,,,,9.0,2026-10-09,4874.0,-2.52,-4.071926380355459,1.5519263803554582,0,2026-09-25,2026-09-28 06:16:52,2026-10-09 14:54:29
55,2026-09-25,JKTYRE,JK Tyre & Industries Ltd.,ST,AVOID,Avoid (likely underperformer),0,345.85,8.337172197318289,,,,10,,,-0.0023604349698871374,,0.9126819126819127,AI model laggard flag (short-side top 9%),Open,,running: day 9 of 10; so far +0.5% vs average,,,,,,9.0,2026-10-09,333.4,-3.599826514384863,-4.071926380355459,0.4720998659705954,5,2026-10-09,2026-09-28 06:16:52,2026-10-09 14:54:29
56,2026-09-25,JMFINANCIL,JM Financial Ltd.,ST,AVOID,Avoid (likely underperformer),0,127.68,3.3972913916523915,,,,10,,,-0.0037663541734218597,,0.9875259875259875,AI model laggard flag (short-side top 1%),Open,,running: day 9 of 10; so far -3.7% vs average,,,,,,9.0,2026-10-09,117.82,-7.722431077694248,-4.071926380355459,-3.650504697338789,8,2026-10-08,2026-09-28 06:16:52,2026-10-09 14:54:29
58,2026-09-25,JSWSTEEL,JSW Steel Ltd.,ST,AVOID,Avoid (likely underperformer),0,1277.0,25.16213895910625,,,,10,,,-0.0023604349698871374,,0.9355509355509356,AI model laggard flag (short-side top 6%),Open,,running: day 9 of 10; so far -4.5% vs average,,,,,,9.0,2026-10-09,1168.0,-8.535630383711823,-4.071926380355459,-4.463704003356365,6,2026-10-08,2026-09-28 06:16:52,2026-10-09 14:54:29
57,2026-09-25,JWL,Jupiter Wagons Ltd.,ST,AVOID,Avoid (likely underperformer),0,226.73,6.276860884891479,,,,10,,,-0.0023604349698871374,,0.8773388773388774,AI model laggard flag (short-side top 12%),Open,,running: day 9 of 10; so far -1.4% vs average,,,,,,9.0,2026-10-09,214.4,-5.4381863890971545,-4.071926380355459,-1.3662600087416967,0,2026-09-25,2026-09-28 06:16:52,2026-10-09 14:54:29
59,2026-09-25,KAJARIACER,Kajaria Ceramics Ltd.,ST,AVOID,Avoid (likely underperformer),0,1218.1,29.072095038290648,,,,10,,,-0.0023604349698871374,,0.918918918918919,AI model laggard flag (short-side top 8%),Open,,running: day 9 of 10; so far +3.9% vs average,,,,,,9.0,2026-10-09,1215.4,-0.2216566784336127,-4.071926380355459,3.8502697019218455,1,2026-10-05,2026-09-28 06:16:52,2026-10-09 14:54:29
60,2026-09-25,KFINTECH,KFin Technologies Ltd.,ST,AVOID,Avoid (likely underperformer),0,888.8,24.199227717576978,,,,10,,,-0.0011346469400450587,,0.8274428274428275,- Weinstein stage-4 breakdown,Open,,running: day 9 of 10; so far -1.2% vs average,,,,,,9.0,2026-10-09,842.35,-5.226147614761468,-4.071926380355459,-1.154221234406009,0,2026-09-25,2026-09-28 06:16:52,2026-10-09 14:54:29
61,2026-09-25,LATENTVIEW,Latent View Analytics Ltd.,ST,AVOID,Avoid (likely underperformer),0,243.75,7.220973894969039,,,,10,,,-0.0023604349698871374,,0.8607068607068608,AI model laggard flag (short-side top 14%),Open,,running: day 9 of 10; so far -0.7% vs average,,,,,,9.0,2026-10-09,232.01,-4.816410256410264,-4.071926380355459,-0.7444838760548057,1,2026-09-29,2026-09-28 06:16:52,2026-10-09 14:54:29
62,2026-09-25,LAURUSLABS,Laurus Labs Ltd.,ST,AVOID,Avoid (likely underperformer),0,2007.0,49.538285918798735,,,,10,,,-0.0037663541734218597,,0.9792099792099792,AI model laggard flag (short-side top 2%),Open,,running: day 9 of 10; so far +5.5% vs average,,,,,,9.0,2026-10-09,2036.6,1.4748380667663152,-4.071926380355459,5.546764447121774,9,2026-10-09,2026-09-28 06:16:52,2026-10-09 14:54:29
63,2026-09-25,LEMONTREE,Lemon Tree Hotels Ltd.,ST,AVOID,Avoid (likely underperformer),0,106.15,2.2026336607825594,,,,10,,,-0.0037663541734218597,,0.9854469854469855,AI model laggard flag (short-side top 1%),Open,,running: day 9 of 10; so far +8.1% vs average,,,,,,9.0,2026-10-09,110.43,4.032030146019783,-4.071926380355459,8.103956526375242,9,2026-10-09,2026-09-28 06:16:52,2026-10-09 14:54:29
65,2026-09-25,LGEINDIA,LG Electronics India Ltd.,ST,AVOID,Avoid (likely underperformer),0,1725.4,42.79960539194082,,,,10,,,-0.0023604349698871374,,0.9438669438669439,AI model laggard flag (short-side top 6%),Open,,running: day 9 of 10; so far +5.9% vs average,,,,,,9.0,2026-10-09,1757.0,1.8314593717398742,-4.071926380355459,5.903385752095333,8,2026-10-09,2026-09-28 06:16:52,2026-10-09 14:54:29
66,2026-09-25,LLOYDSME,Lloyds Metals and Energy Ltd.,ST,AVOID,Avoid (likely underperformer),0,1838.0,48.72942192542563,,,,10,,,-0.0037663541734218597,,0.9708939708939709,AI model laggard flag (short-side top 3%),Open,,running: day 9 of 10; so far +2.8% vs average,,,,,,9.0,2026-10-09,1815.5,-1.2241566920565883,-4.071926380355459,2.84776968829887,4,2026-10-06,2026-09-28 06:16:52,2026-10-09 14:54:29
67,2026-09-25,M&MFIN,Mahindra & Mahindra Financial Services Ltd.,ST,AVOID,Avoid (likely underperformer),0,333.1,10.82973589951698,,,,10,,,-0.0009884813334792852,,0.33264033264033266,- Weinstein stage-4 breakdown,Open,,running: day 9 of 10; so far -0.0% vs average,,,,,,9.0,2026-10-09,319.45,-4.097868507955582,-4.071926380355459,-0.02594212760012385,1,2026-09-28,2026-09-28 06:16:52,2026-10-09 14:54:29
68,2026-09-25,MAHABANK,Bank of Maharashtra.,ST,AVOID,Avoid (likely underperformer),0,84.88,2.409715141247476,,,,10,,,-0.0023604349698871374,,0.9230769230769231,AI model laggard flag (short-side top 8%),Open,,running: day 9 of 10; so far +2.0% vs average,,,,,,9.0,2026-10-09,83.16,-2.0263901979264864,-4.071926380355459,2.0455361824289717,1,2026-10-07,2026-09-28 06:16:52,2026-10-09 14:54:29
69,2026-09-25,MCX,Multi Commodity Exchange of India Ltd.,ST,AVOID,Avoid (likely underperformer),0,3324.9,113.50986970447849,,,,10,,,-0.0023604349698871374,,0.8627858627858628,AI model laggard flag (short-side top 14%),Open,,running: day 9 of 10; so far +3.9% vs average,,,,,,9.0,2026-10-09,3318.2,-0.20150981984421446,-4.071926380355459,3.8704165605112437,1,2026-10-09,2026-09-28 06:16:52,2026-10-09 14:54:29
70,2026-09-25,MOTHERSON,Samvardhana Motherson International Ltd.,ST,AVOID,Avoid (likely underperformer),0,165.71,3.951593228198971,,,,10,,,-0.0037663541734218597,,0.972972972972973,AI model laggard flag (short-side top 3%),Open,,running: day 9 of 10; so far -3.6% vs average,,,,,,9.0,2026-10-09,153.0,-7.670025948946957,-4.071926380355459,-3.5980995685914987,1,2026-09-28,2026-09-28 06:16:52,2026-10-09 14:54:29
71,2026-09-25,MOTILALOFS,Motilal Oswal Financial Services Ltd.,ST,AVOID,Avoid (likely underperformer),0,1029.0,29.977178249158758,,,,10,,,-0.0037663541734218597,,0.9916839916839917,AI model laggard flag (short-side top 1%),Open,,running: day 9 of 10; so far +3.8% vs average,,,,,,9.0,2026-10-09,1026.0,-0.2915451895043719,-4.071926380355459,3.7803811908510863,4,2026-10-07,2026-09-28 06:16:52,2026-10-09 14:54:29
72,2026-09-25,MRF,MRF Ltd.,ST,AVOID,Avoid (likely underperformer),0,124035.0,1824.1044207857885,,,,10,,,-0.0023604349698871374,,0.8898128898128899,AI model laggard flag (short-side top 11%),Open,,running: day 9 of 10; so far +2.5% vs average,,,,,,9.0,2026-10-09,122090.0,-1.5681057765953188,-4.071926380355459,2.5038206037601394,9,2026-10-09,2026-09-28 06:16:52,2026-10-09 14:54:29
73,2026-09-25,NATCOPHARM,NATCO Pharma Ltd.,ST,AVOID,Avoid (likely underperformer),0,839.3,20.390359261954195,,,,10,,,-0.0013291765935719013,,0.6756756756756757,- RSI(2) above 95 in a downtrend,Open,,running: day 9 of 10; so far -1.9% vs average,,,,,,9.0,2026-10-09,789.4,-5.945430716072919,-4.071926380355459,-1.873504335717461,1,2026-10-07,2026-09-28 06:16:52,2026-10-09 14:54:29
74,2026-09-25,NAVINFLUOR,Navin Fluorine International Ltd.,ST,AVOID,Avoid (likely underperformer),0,8584.5,222.11646488679554,,,,10,,,-0.0023604349698871374,,0.9147609147609148,AI model laggard flag (short-side top 9%),Open,,running: day 9 of 10; so far +1.4% vs average,,,,,,9.0,2026-10-09,8352.5,-2.702545285106883,-4.071926380355459,1.369381095248575,5,2026-10-08,2026-09-28 06:16:52,2026-10-09 14:54:29
75,2026-09-25,NBCC,NBCC (India) Ltd.,ST,AVOID,Avoid (likely underperformer),0,82.86,1.8981747851704713,,,,10,,,-0.0037663541734218597,,0.9833679833679834,AI model laggard flag (short-side top 2%),Open,,running: day 9 of 10; so far -6.1% vs average,,,,,,9.0,2026-10-09,74.46,-10.137581462708189,-4.071926380355459,-6.065655082352731,3,2026-09-30,2026-09-28 06:16:52,2026-10-09 14:54:29
77,2026-09-25,NEWGEN,Newgen Software Technologies Ltd.,ST,AVOID,Avoid (likely underperformer),0,485.3,16.701204239648135,,,,10,,,-0.0009884813334792852,,0.3991683991683992,- Weinstein stage-4 breakdown,Open,,running: day 9 of 10; so far -3.3% vs average,,,,,,9.0,2026-10-09,449.3,-7.418091901916335,-4.071926380355459,-3.3461655215608768,1,2026-09-28,2026-09-28 06:16:52,2026-10-09 14:54:29
78,2026-09-25,NHPC,NHPC Ltd.,ST,AVOID,Avoid (likely underperformer),0,76.0,1.300683628684907,,,,10,,,-0.0023604349698871374,,0.8835758835758836,AI model laggard flag (short-side top 12%),Open,,running: day 9 of 10; so far +0.1% vs average,,,,,,9.0,2026-10-09,72.99,-3.960526315789481,-4.071926380355459,0.11140006456597726,7,2026-10-09,2026-09-28 06:16:52,2026-10-09 14:54:29
79,2026-09-25,NTPC,NTPC Ltd.,ST,AVOID,Avoid (likely underperformer),0,326.6,4.983999456460429,,,,10,,,-0.0023604349698871374,,0.8586278586278586,AI model laggard flag (short-side top 14%),Open,,running: day 9 of 10; so far -0.4% vs average,,,,,,9.0,2026-10-09,312.0,-4.470300061236998,-4.071926380355459,-0.3983736808815398,3,2026-10-01,2026-09-28 06:16:52,2026-10-09 14:54:29
80,2026-09-25,ONGC,Oil & Natural Gas Corporation Ltd.,ST,AVOID,Avoid (likely underperformer),0,235.86,4.041329024495564,,,,10,,,-0.0011346469400450587,,0.7796257796257796,- RSI(2) above 95 in a downtrend,Open,,running: day 9 of 10; so far -2.1% vs average,,,,,,9.0,2026-10-09,221.27,-6.1858729754939334,-4.071926380355459,-2.1139465951384753,2,2026-10-05,2026-09-28 06:16:52,2026-10-09 14:54:29
81,2026-09-25,PAGEIND,Page Industries Ltd.,ST,AVOID,Avoid (likely underperformer),0,37695.0,867.589365704754,,,,10,,,-0.0037663541734218597,,0.9542619542619543,AI model laggard flag (short-side top 5%),Open,,running: day 9 of 10; so far +1.9% vs average,,,,,,9.0,2026-10-09,36875.0,-2.1753548215943774,-4.071926380355459,1.8965715587610807,5,2026-10-09,2026-09-28 06:16:52,2026-10-09 14:54:29
82,2026-09-25,PARADEEP,Paradeep Phosphates Ltd.,ST,AVOID,Avoid (likely underperformer),0,155.49,4.753234585326454,,,,10,,,-0.0023604349698871374,,0.8981288981288982,AI model laggard flag (short-side top 10%),Open,,running: day 9 of 10; so far -1.5% vs average,,,,,,9.0,2026-10-09,146.75,-5.6209402533925035,-4.071926380355459,-1.5490138730370453,6,2026-10-07,2026-09-28 06:16:52,2026-10-09 14:54:29
85,2026-09-25,PHOENIXLTD,Phoenix Mills Ltd.,ST,AVOID,Avoid (likely underperformer),0,1978.4,51.95181859633409,,,,10,,,-0.0013291765935719013,,0.683991683991684,- Candle: tasukigap (bullish),Open,,running: day 9 of 10; so far -4.3% vs average,,,,,,9.0,2026-10-09,1813.1,-8.355236554791755,-4.071926380355459,-4.283310174436298,4,2026-10-05,2026-09-28 06:16:52,2026-10-09 14:54:29
86,2026-09-25,PNB,Punjab National Bank,ST,AVOID,Avoid (likely underperformer),0,116.6,2.125345841507705,,,,10,,,-0.0023604349698871374,,0.9085239085239085,AI model laggard flag (short-side top 9%),Open,,running: day 9 of 10; so far +4.4% vs average,,,,,,9.0,2026-10-09,116.98,0.3259005145797689,-4.071926380355459,4.3978268949352275,3,2026-10-08,2026-09-28 06:16:52,2026-10-09 14:54:29
87,2026-09-25,POWERGRID,Power Grid Corporation of India Ltd.,ST,AVOID,Avoid (likely underperformer),0,269.5,4.564109733062473,,,,10,,,-0.0023604349698871374,,0.9313929313929314,AI model laggard flag (short-side top 7%),Open,,running: day 9 of 10; so far -3.5% vs average,,,,,,9.0,2026-10-09,249.15,-7.551020408163267,-4.071926380355459,-3.479094027807809,0,2026-09-25,2026-09-28 06:16:52,2026-10-09 14:54:29
88,2026-09-25,RBLBANK,RBL Bank Ltd.,ST,AVOID,Avoid (likely underperformer),0,415.05,10.74595429100995,,,,10,,,-0.0023604349698871374,,0.8752598752598753,AI model laggard flag (short-side top 12%),Open,,running: day 9 of 10; so far +4.8% vs average,,,,,,9.0,2026-10-09,418.0,0.7107577400313092,-4.071926380355459,4.782684120386768,2,2026-10-06,2026-09-28 06:16:52,2026-10-09 14:54:29
89,2026-09-25,RECLTD,REC Ltd.,ST,AVOID,Avoid (likely underperformer),0,312.95,5.92505898539586,,,,10,,,-0.0023604349698871374,,0.9168399168399168,AI model laggard flag (short-side top 8%),Open,,running: day 9 of 10; so far -0.1% vs average,,,,,,9.0,2026-10-09,300.0,-4.1380412206422745,-4.071926380355459,-0.06611484028681627,1,2026-09-28,2026-09-28 06:16:52,2026-10-09 14:54:29
90,2026-09-25,RPOWER,Reliance Power Ltd.,ST,AVOID,Avoid (likely underperformer),0,20.57,0.6110309907015827,,,,10,,,-0.0023604349698871374,,0.9334719334719335,AI model laggard flag (short-side top 7%),Open,,running: day 9 of 10; so far +1.3% vs average,,,,,,9.0,2026-10-09,20.01,-2.72241127856101,-4.071926380355459,1.3495151017944482,1,2026-09-30,2026-09-28 06:16:52,2026-10-09 14:54:29
91,2026-09-25,SIEMENS,Siemens Ltd.,ST,AVOID,Avoid (likely underperformer),0,3877.0,93.51980485523343,,,,10,,,-0.0023604349698871374,,0.8503118503118503,AI model laggard flag (short-side top 15%),Open,,running: day 9 of 10; so far -3.2% vs average,,,,,,9.0,2026-10-09,3595.0,-7.273665205055457,-4.071926380355459,-3.201738824699999,4,2026-10-06,2026-09-28 06:16:52,2026-10-09 14:54:29
93,2026-09-25,SONATSOFTW,Sonata Software Ltd.,ST,AVOID,Avoid (likely underperformer),0,279.9,11.188462927827938,,,,10,,,-0.0030570304952561855,,0.08316008316008316,- Weinstein stage-4 breakdown,Open,,running: day 9 of 10; so far -10.5% vs average,,,,,,9.0,2026-10-09,239.15,-14.558770989639147,-4.071926380355459,-10.486844609283688,2,2026-09-29,2026-09-28 06:16:52,2026-10-09 14:54:29
94,2026-09-25,SPLPETRO,Supreme Petrochem Ltd.,ST,AVOID,Avoid (likely underperformer),0,880.0,29.211002122114284,,,,10,,,-0.0023604349698871374,,0.896049896049896,AI model laggard flag (short-side top 10%),Open,,running: day 9 of 10; so far -6.3% vs average,,,,,,9.0,2026-10-09,788.55,-10.392045454545462,-4.071926380355459,-6.3201190741900035,0,2026-09-25,2026-09-28 06:16:52,2026-10-09 14:54:29
95,2026-09-25,SRF,SRF Ltd.,ST,AVOID,Avoid (likely underperformer),0,2540.0,46.44548619191712,,,,10,,,-0.0023604349698871374,,0.9459459459459459,AI model laggard flag (short-side top 5%),Open,,running: day 9 of 10; so far +3.3% vs average,,,,,,9.0,2026-10-09,2519.5,-0.8070866141732247,-4.071926380355459,3.2648397661822335,3,2026-10-09,2026-09-28 06:16:52,2026-10-09 14:54:29
96,2026-09-25,SUNTV,Sun TV Network Ltd.,ST,AVOID,Avoid (likely underperformer),0,513.2,17.186204899887876,,,,10,,,-0.0009884813334792852,,0.4781704781704782,- RSI(2) above 95 in a downtrend,Open,,running: day 9 of 10; so far +28.0% vs average,,,,,,9.0,2026-10-09,635.9,23.908807482462958,-4.071926380355459,27.980733862818415,0,2026-09-25,2026-09-28 06:16:52,2026-10-09 14:54:29
97,2026-09-25,SWIGGY,Swiggy Ltd.,ST,AVOID,Avoid (likely underperformer),0,264.85,9.30543129642602,,,,10,,,-0.0009884813334792852,,0.20582120582120583,- Weinstein stage-4 breakdown,Open,,running: day 9 of 10; so far -7.5% vs average,,,,,,9.0,2026-10-09,234.2,-11.572588257504258,-4.071926380355459,-7.500661877148798,0,2026-09-25,2026-09-28 06:16:52,2026-10-09 14:54:29
98,2026-09-25,SYRMA,Syrma SGS Technology Ltd.,ST,AVOID,Avoid (likely underperformer),0,1732.6,70.10527114802743,,,,10,,,-0.0037663541734218597,,0.9604989604989606,AI model laggard flag (short-side top 4%),Open,,running: day 9 of 10; so far +3.3% vs average,,,,,,9.0,2026-10-09,1719.9,-0.7330024241024913,-4.071926380355459,3.338923956252967,5,2026-10-09,2026-09-28 06:16:52,2026-10-09 14:54:29
99,2026-09-25,TARIL,Transformers and Rectifiers (India) Ltd.,ST,AVOID,Avoid (likely underperformer),0,277.65,8.748317880658307,,,,10,,,-0.0023604349698871374,,0.9293139293139293,AI model laggard flag (short-side top 7%),Open,,running: day 9 of 10; so far +8.8% vs average,,,,,,9.0,2026-10-09,290.65,4.682153790743748,-4.071926380355459,8.754080171099208,2,2026-09-29,2026-09-28 06:16:52,2026-10-09 14:54:29
101,2026-09-25,TMCV,Tata Motors Ltd. (commercial vehicles),ST,AVOID,Avoid (likely underperformer),0,441.5,13.835434062167943,,,,10,,,-0.0023604349698871374,,0.9376299376299376,AI model laggard flag (short-side top 6%),Open,,running: day 9 of 10; so far -3.0% vs average,,,,,,9.0,2026-10-09,410.3,-7.066817667044168,-4.071926380355459,-2.994891286688709,8,2026-10-09,2026-09-28 06:16:52,2026-10-09 14:54:29
105,2026-09-25,UNIONBANK,Union Bank of India,ST,AVOID,Avoid (likely underperformer),0,180.2,3.980344194109541,,,,10,,,-0.0037663541734218597,,0.9646569646569647,AI model laggard flag (short-side top 4%),Open,,running: day 9 of 10; so far +0.1% vs average,,,,,,9.0,2026-10-09,173.06,-3.9622641509433842,-4.071926380355459,0.10966222941207401,0,2026-09-25,2026-09-28 06:16:52,2026-10-09 14:54:29
106,2026-09-25,UTIAMC,UTI Asset Management Company Ltd.,ST,AVOID,Avoid (likely underperformer),0,901.85,17.965594596462903,,,,10,,,-0.0023604349698871374,,0.9251559251559252,AI model laggard flag (short-side top 7%),Open,,running: day 9 of 10; so far +1.4% vs average,,,,,,9.0,2026-10-09,877.7,-2.677828907246216,-4.071926380355459,1.3940974731092424,3,2026-09-30,2026-09-28 06:16:52,2026-10-09 14:54:29
108,2026-09-25,WELSPUNLIV,Welspun Living Ltd.,ST,AVOID,Avoid (likely underperformer),0,224.68,7.946479044264506,,,,10,,,-0.0037663541734218597,,0.9958419958419958,AI model laggard flag (short-side top 1%),Open,,running: day 9 of 10; so far +3.7% vs average,,,,,,9.0,2026-10-09,223.75,-0.4139220224319007,-4.071926380355459,3.6580043579235575,7,2026-10-07,2026-09-28 06:16:52,2026-10-09 14:54:29
109,2026-09-25,3MINDIA,3M India Ltd.,MT,AVOID,Avoid (likely underperformer),0,33925.0,900.1708596046346,,,,60,,,-0.0026673786342144012,,0.577962577962578,"- Supertrend (10,3) turns up; - Volatility stop flips long",Open,,running: day 9 of 60; so far -7.0% vs average,,,,,,9.0,2026-10-09,30170.0,-11.068533529845247,-4.071926380355459,-6.9966071494897895,0,2026-09-25,2026-09-28 06:16:52,2026-10-09 14:54:29
110,2026-09-25,ABDL,Allied Blenders and Distillers Ltd.,MT,AVOID,Avoid (likely underperformer),0,715.05,26.597038838368885,,,,60,,,-0.007604382932186127,,0.7713097713097713,- Volatility stop flips long,Open,,running: day 9 of 60; so far +3.6% vs average,,,,,,9.0,2026-10-09,711.55,-0.48947626040136694,-4.071926380355459,3.5824501199540912,8,2026-10-09,2026-09-28 06:16:52,2026-10-09 14:54:29
111,2026-09-25,ADANIGREEN,Adani Green Energy Ltd.,MT,AVOID,Avoid (likely underperformer),0,1296.6,35.911840136772184,,,,60,,,-0.011073315516114235,,0.9542619542619543,AI model laggard flag (short-side top 5%),Open,,running: day 9 of 60; so far +0.9% vs average,,,,,,9.0,2026-10-09,1255.8,-3.1466913465987956,-4.071926380355459,0.9252350337566627,8,2026-10-09,2026-09-28 06:16:52,2026-10-09 14:54:29
112,2026-09-25,ADANIPORTS,Adani Ports and Special Economic Zone Ltd.,MT,AVOID,Avoid (likely underperformer),0,1788.0,38.35049832896005,,,,60,,,-0.010251588188111782,,0.9417879417879418,AI model laggard flag (short-side top 6%),Open,,running: day 9 of 60; so far +2.6% vs average,,,,,,9.0,2026-10-09,1761.0,-1.5100671140939603,-4.071926380355459,2.561859266261498,4,2026-10-01,2026-09-28 06:16:52,2026-10-09 14:54:29
113,2026-09-25,ADANIPOWER,Adani Power Ltd.,MT,AVOID,Avoid (likely underperformer),0,202.75,5.5884644681362925,,,,60,,,-0.011073315516114235,,0.9833679833679834,AI model laggard flag (short-side top 2%); - Wyckoff spring,Open,,running: day 9 of 60; so far -2.7% vs average,,,,,,9.0,2026-10-09,189.0,-6.781750924784213,-4.071926380355459,-2.709824544428755,9,2026-10-09,2026-09-28 06:16:52,2026-10-09 14:54:29
116,2026-09-25,AMBER,Amber Enterprises India Ltd.,MT,AVOID,Avoid (likely underperformer),0,6960.0,165.97196709256272,,,,60,,,-0.011073315516114235,,0.9667359667359667,AI model laggard flag (short-side top 3%),Open,,running: day 9 of 60; so far -3.3% vs average,,,,,,9.0,2026-10-09,6445.0,-7.399425287356321,-4.071926380355459,-3.3274989070008623,4,2026-10-07,2026-09-28 06:16:52,2026-10-09 14:54:29
114,2026-09-25,ANANTRAJ,Anant Raj Ltd.,MT,AVOID,Avoid (likely underperformer),0,617.4,19.11631936372464,,,,60,,,-0.011073315516114235,,0.9625779625779626,AI model laggard flag (short-side top 4%),Open,,running: day 9 of 60; so far -3.5% vs average,,,,,,9.0,2026-10-09,570.75,-7.555879494655004,-4.071926380355459,-3.4839531142995463,5,2026-10-09,2026-09-28 06:16:52,2026-10-09 14:54:29
117,2026-09-25,AUROPHARMA,Aurobindo Pharma Ltd.,MT,AVOID,Avoid (likely underperformer),0,1712.0,37.71563546134276,,,,60,,,-0.010251588188111782,,0.8565488565488566,AI model laggard flag (short-side top 14%),Open,,running: day 9 of 60; so far +3.0% vs average,,,,,,9.0,2026-10-09,1693.0,-1.1098130841121545,-4.071926380355459,2.9621132962433037,0,2026-09-25,2026-09-28 06:16:52,2026-10-09 14:54:29
118,2026-09-25,AWL,AWL Agri Business Ltd.,MT,AVOID,Avoid (likely underperformer),0,184.34,4.395451212613721,,,,60,,,-0.010251588188111782,,0.9355509355509356,AI model laggard flag (short-side top 6%),Open,,running: day 9 of 60; so far +2.9% vs average,,,,,,9.0,2026-10-09,182.18,-1.171747857220351,-4.071926380355459,2.900178523135107,6,2026-10-08,2026-09-28 06:16:52,2026-10-09 14:54:29
119,2026-09-25,BANDHANBNK,Bandhan Bank Ltd.,MT,AVOID,Avoid (likely underperformer),0,187.7,5.8081854797335115,,,,60,,,-0.0026673786342144012,,0.5945945945945946,- Volatility stop flips long,Open,,running: day 9 of 60; so far -12.3% vs average,,,,,,9.0,2026-10-09,157.0,-16.35588705380927,-4.071926380355459,-12.283960673453812,0,2026-09-25,2026-09-28 06:16:52,2026-10-09 14:54:29
120,2026-09-25,BAYERCROP,Bayer Cropscience Ltd.,MT,AVOID,Avoid (likely underperformer),0,3717.6,64.97819090019335,,,,60,,,-0.010251588188111782,,0.8607068607068608,AI model laggard flag (short-side top 14%); - Wyckoff spring,Open,,running: day 9 of 60; so far -2.0% vs average,,,,,,9.0,2026-10-09,3492.0,-6.068431245965133,-4.071926380355459,-1.9965048656096753,0,2026-09-25,2026-09-28 06:16:52,2026-10-09 14:54:29
121,2026-09-25,BELRISE,Belrise Industries Ltd.,MT,AVOID,Avoid (likely underperformer),0,247.92,6.80615024927403,,,,60,,,-0.0026673786342144012,,0.6860706860706861,"- Supertrend (10,3) turns up; - Volatility stop flips long",Open,,running: day 9 of 60; so far -1.5% vs average,,,,,,9.0,2026-10-09,234.17,-5.54614391739271,-4.071926380355459,-1.4742175370372514,2,2026-09-29,2026-09-28 06:16:52,2026-10-09 14:54:29
122,2026-09-25,BIKAJI,Bikaji Foods International Ltd.,MT,AVOID,Avoid (likely underperformer),0,573.95,19.21111067593262,,,,60,,,-0.0028767113108187914,,0.28274428274428276,"- Supertrend (10,3) turns up",Open,,running: day 9 of 60; so far -13.7% vs average,,,,,,9.0,2026-10-09,472.05,-17.75415977001481,-4.071926380355459,-13.682233389659352,2,2026-09-29,2026-09-28 06:16:52,2026-10-09 14:54:29
123,2026-09-25,BLS,BLS International Services Ltd.,MT,AVOID,Avoid (likely underperformer),0,224.26,7.1983765675797615,,,,60,,,-0.010251588188111782,,0.896049896049896,AI model laggard flag (short-side top 10%),Open,,running: day 9 of 60; so far +0.5% vs average,,,,,,9.0,2026-10-09,216.23,-3.580665299206276,-4.071926380355459,0.4912610811491823,9,2026-10-09,2026-09-28 06:16:52,2026-10-09 14:54:29
124,2026-09-25,BSE,BSE Ltd.,MT,AVOID,Avoid (likely underperformer),0,3191.5,105.19801485119197,,,,60,,,-0.010251588188111782,,0.8523908523908524,AI model laggard flag (short-side top 15%); - Wyckoff spring,Open,,running: day 9 of 60; so far +7.1% vs average,,,,,,9.0,2026-10-09,3287.2,2.9985900046999747,-4.071926380355459,7.070516385055433,1,2026-10-08,2026-09-28 06:16:52,2026-10-09 14:54:29
125,2026-09-25,BSOFT,Birlasoft Ltd.,MT,AVOID,Avoid (likely underperformer),0,274.05,8.014734397220264,,,,60,,,-0.010251588188111782,,0.9438669438669439,AI model laggard flag (short-side top 6%),Open,,running: day 9 of 60; so far +8.2% vs average,,,,,,9.0,2026-10-09,285.3,4.10509031198687,-4.071926380355459,8.17701669234233,9,2026-10-09,2026-09-28 06:16:52,2026-10-09 14:54:29
126,2026-09-25,CANBK,Canara Bank,MT,AVOID,Avoid (likely underperformer),0,124.99,2.2053533713768347,,,,60,,,-0.010251588188111782,,0.8669438669438669,AI model laggard flag (short-side top 13%),Open,,running: day 9 of 60; so far -0.2% vs average,,,,,,9.0,2026-10-09,119.59,-4.320345627650202,-4.071926380355459,-0.24841924729474343,3,2026-10-09,2026-09-28 06:16:52,2026-10-09 14:54:29
127,2026-09-25,CARBORUNIV,Carborundum Universal Ltd.,MT,AVOID,Avoid (likely underperformer),0,1278.5,54.15780626296648,,,,60,,,-0.012906179763376713,,0.1496881496881497,"- Supertrend (10,3) turns up; - Volatility stop flips long",Open,,running: day 9 of 60; so far -1.9% vs average,,,,,,9.0,2026-10-09,1202.6,-5.936644505279631,-4.071926380355459,-1.864718124924173,0,2026-09-25,2026-09-28 06:16:52,2026-10-09 14:54:29
128,2026-09-25,CHAMBLFERT,Chambal Fertilizers & Chemicals Ltd.,MT,AVOID,Avoid (likely underperformer),0,417.95,7.637836881570357,,,,60,,,-0.010251588188111782,,0.8981288981288982,AI model laggard flag (short-side top 10%),Open,,running: day 9 of 60; so far -6.4% vs average,,,,,,9.0,2026-10-09,374.3,-10.443832994377312,-4.071926380355459,-6.371906614021852,5,2026-10-06,2026-09-28 06:16:52,2026-10-09 14:54:29
129,2026-09-25,CHOICEIN,Choice International Ltd.,MT,AVOID,Avoid (likely underperformer),0,751.05,18.753626610231088,,,,60,,,-0.0028767113108187914,,0.27234927234927236,"+ Three lower closes in an uptrend; - Supertrend (10,3) turns up",Open,,running: day 9 of 60; so far -1.0% vs average,,,,,,9.0,2026-10-09,713.1,-5.052925903734762,-4.071926380355459,-0.9809995233793035,0,2026-09-25,2026-09-28 06:16:52,2026-10-09 14:54:29
132,2026-09-25,DIXON,Dixon Technologies (India) Ltd.,MT,AVOID,Avoid (likely underperformer),0,13390.0,364.1335459604281,,,,60,,,-0.011073315516114235,,0.9854469854469855,AI model laggard flag (short-side top 1%),Open,,running: day 9 of 60; so far -0.5% vs average,,,,,,9.0,2026-10-09,12774.0,-4.600448095593723,-4.071926380355459,-0.528521715238265,4,2026-10-09,2026-09-28 06:16:52,2026-10-09 14:54:29
133,2026-09-25,DLF,DLF Ltd.,MT,AVOID,Avoid (likely underperformer),0,683.0,16.38269894027563,,,,60,,,-0.011073315516114235,,0.9771309771309772,"AI model laggard flag (short-side top 2%); - Supertrend (10,3) turns up; - Volatility stop flips long",Open,,running: day 9 of 60; so far -1.0% vs average,,,,,,9.0,2026-10-09,648.6,-5.036603221083446,-4.071926380355459,-0.9646768407279883,7,2026-10-07,2026-09-28 06:16:52,2026-10-09 14:54:29
134,2026-09-25,DRREDDY,Dr. Reddy's Laboratories Ltd.,MT,AVOID,Avoid (likely underperformer),0,1201.0,22.417272908785243,,,,60,,,-0.0028767113108187914,,0.4781704781704782,"- Supertrend (10,3) turns up; - Volatility stop flips long",Open,,running: day 9 of 60; so far +3.7% vs average,,,,,,9.0,2026-10-09,1197.0,-0.33305578684429404,-4.071926380355459,3.738870593511164,2,2026-09-29,2026-09-28 06:16:52,2026-10-09 14:54:29
135,2026-09-25,ECLERX,eClerx Services Ltd.,MT,AVOID,Avoid (likely underperformer),0,1898.8,69.74743073139318,,,,60,,,-0.010251588188111782,,0.8898128898128899,AI model laggard flag (short-side top 11%),Open,,running: day 9 of 60; so far +2.4% vs average,,,,,,9.0,2026-10-09,1866.8,-1.6852749104697695,-4.071926380355459,2.3866514698856887,5,2026-10-09,2026-09-28 06:16:52,2026-10-09 14:54:29
136,2026-09-25,ELECON,Elecon Engineering Company Ltd.,MT,AVOID,Avoid (likely underperformer),0,458.25,16.295320007588327,,,,60,,,-0.010251588188111782,,0.9085239085239085,"AI model laggard flag (short-side top 9%); - Supertrend (10,3) turns up; - Volatility stop flips long",Open,,running: day 9 of 60; so far -5.1% vs average,,,,,,9.0,2026-10-09,416.4,-9.132569558101478,-4.071926380355459,-5.0606431777460195,3,2026-09-30,2026-09-28 06:16:52,2026-10-09 14:54:29
137,2026-09-25,FORCEMOT,Force Motors Ltd.,MT,AVOID,Avoid (likely underperformer),0,17388.0,424.28453657727647,,,,60,,,-0.010251588188111782,,0.918918918918919,AI model laggard flag (short-side top 8%); - Wyckoff spring,Open,,running: day 9 of 60; so far +1.3% vs average,,,,,,9.0,2026-10-09,16900.0,-2.806533241315845,-4.071926380355459,1.2653931390396131,9,2026-10-09,2026-09-28 06:16:52,2026-10-09 14:54:29
138,2026-09-25,GABRIEL,Gabriel India Ltd.,MT,AVOID,Avoid (likely underperformer),0,1386.7,62.9711689868742,,,,60,,,-0.012906179763376713,,0.035343035343035345,"+ Three lower closes in an uptrend; - Supertrend (10,3) turns up",Open,,running: day 9 of 60; so far +2.3% vs average,,,,,,9.0,2026-10-09,1362.2,-1.7667844522968212,-4.071926380355459,2.305141928058637,1,2026-09-28,2026-09-28 06:16:52,2026-10-09 14:54:29
139,2026-09-25,GESHIP,Great Eastern Shipping Co. Ltd.,MT,AVOID,Avoid (likely underperformer),0,1497.2,37.616796274306274,,,,60,,,-0.011073315516114235,,0.972972972972973,AI model laggard flag (short-side top 3%),Open,,running: day 9 of 60; so far +6.5% vs average,,,,,,9.0,2026-10-09,1533.7,2.4378840502270904,-4.071926380355459,6.509810430582549,8,2026-10-09,2026-09-28 06:16:52,2026-10-09 14:54:29
140,2026-09-25,GILLETTE,Gillette India Ltd.,MT,AVOID,Avoid (likely underperformer),0,7072.0,133.77304640877867,,,,60,,,-0.010251588188111782,,0.9147609147609148,AI model laggard flag (short-side top 9%); - Wyckoff spring,Open,,running: day 9 of 60; so far +4.5% vs average,,,,,,9.0,2026-10-09,7100.5,0.4029977375565652,-4.071926380355459,4.474924117912024,9,2026-10-09,2026-09-28 06:16:52,2026-10-09 14:54:29
141,2026-09-25,GODFRYPHLP,Godfrey Phillips India Ltd.,MT,AVOID,Avoid (likely underperformer),0,1970.4,45.13164860351608,,,,60,,,-0.011073315516114235,,0.997920997920998,AI model laggard flag (short-side top 1%),Open,,running: day 9 of 60; so far -3.9% vs average,,,,,,9.0,2026-10-09,1813.2,-7.978075517661387,-4.071926380355459,-3.906149137305929,9,2026-10-09,2026-09-28 06:16:52,2026-10-09 14:54:29
143,2026-09-25,HAL,Hindustan Aeronautics Ltd.,MT,AVOID,Avoid (likely underperformer),0,4800.0,102.57718919336195,,,,60,,,-0.010251588188111782,,0.8503118503118503,AI model laggard flag (short-side top 15%),Open,,running: day 9 of 60; so far +1.1% vs average,,,,,,9.0,2026-10-09,4655.6,-3.008333333333324,-4.071926380355459,1.0635930470221342,0,2026-09-25,2026-09-28 06:16:52,2026-10-09 14:54:29
142,2026-09-25,HCLTECH,HCL Technologies Ltd.,MT,AVOID,Avoid (likely underperformer),0,1258.0,35.37452718086123,,,,60,,,-0.011073315516114235,,0.9708939708939709,AI model laggard flag (short-side top 3%),Open,,running: day 9 of 60; so far +0.8% vs average,,,,,,9.0,2026-10-09,1216.7,-3.2829888712241573,-4.071926380355459,0.788937509131301,9,2026-10-09,2026-09-28 06:16:52,2026-10-09 14:54:29
144,2026-09-25,HSCL,Himadri Speciality Chemical Ltd.,MT,AVOID,Avoid (likely underperformer),0,678.75,20.272033998435504,,,,60,,,-0.010251588188111782,,0.8794178794178794,AI model laggard flag (short-side top 12%),Open,,running: day 9 of 60; so far +1.3% vs average,,,,,,9.0,2026-10-09,659.95,-2.7697974217311128,-4.071926380355459,1.3021289586243454,8,2026-10-09,2026-09-28 06:16:52,2026-10-09 14:54:29
145,2026-09-25,ICICIGI,ICICI Lombard General Insurance Company Ltd.,MT,AVOID,Avoid (likely underperformer),0,1553.7,39.63873270642971,,,,60,,,-0.0026673786342144012,,0.6340956340956341,"- Supertrend (10,3) turns up; - Volatility stop flips long",Open,,running: day 9 of 60; so far +12.9% vs average,,,,,,9.0,2026-10-09,1690.2,8.785479822359532,-4.071926380355459,12.85740620271499,3,2026-09-30,2026-09-28 06:16:52,2026-10-09 14:54:29
146,2026-09-25,IGL,Indraprastha Gas Ltd.,MT,AVOID,Avoid (likely underperformer),0,144.95,2.9515717942383666,,,,60,,,-0.010251588188111782,,0.9126819126819127,AI model laggard flag (short-side top 9%); - Wyckoff spring,Open,,running: day 9 of 60; so far +4.9% vs average,,,,,,9.0,2026-10-09,146.15,0.8278716798896246,-4.071926380355459,4.899798060245083,1,2026-09-28,2026-09-28 06:16:52,2026-10-09 14:54:29
147,2026-09-25,IKS,Inventurus Knowledge Solutions Ltd.,MT,AVOID,Avoid (likely underperformer),0,1815.8,63.054025914620055,,,,60,,,-0.012906179763376713,,0.07276507276507277,"- Supertrend (10,3) turns up; - Volatility stop flips long",Open,,running: day 9 of 60; so far -1.4% vs average,,,,,,9.0,2026-10-09,1716.6,-5.463156735323271,-4.071926380355459,-1.391230354967813,2,2026-09-29,2026-09-28 06:16:52,2026-10-09 14:54:29
148,2026-09-25,INDHOTEL,Indian Hotels Co. Ltd.,MT,AVOID,Avoid (likely underperformer),0,726.8,14.825902765746617,,,,60,,,-0.011073315516114235,,0.9604989604989606,AI model laggard flag (short-side top 4%),Open,,running: day 9 of 60; so far +2.5% vs average,,,,,,9.0,2026-10-09,715.65,-1.5341221794166193,-4.071926380355459,2.537804200938839,3,2026-10-08,2026-09-28 06:16:52,2026-10-09 14:54:29
149,2026-09-25,INDIGO,InterGlobe Aviation Ltd.,MT,AVOID,Avoid (likely underperformer),0,4940.0,110.96542924208168,,,,60,,,-0.010251588188111782,,0.9272349272349273,AI model laggard flag (short-side top 7%),Open,,running: day 9 of 60; so far +1.9% vs average,,,,,,9.0,2026-10-09,4833.0,-2.165991902834008,-4.071926380355459,1.9059344775214502,9,2026-10-09,2026-09-28 06:16:52,2026-10-09 14:54:29
150,2026-09-25,INOXWIND,Inox Wind Ltd.,MT,AVOID,Avoid (likely underperformer),0,74.75,2.3557156490320006,,,,60,,,-0.010251588188111782,,0.9230769230769231,AI model laggard flag (short-side top 8%); - Inverse head & shoulders,Open,,running: day 9 of 60; so far -6.8% vs average,,,,,,9.0,2026-10-09,66.65,-10.83612040133779,-4.071926380355459,-6.764194020982331,1,2026-09-28,2026-09-28 06:16:52,2026-10-09 14:54:29
151,2026-09-25,ITCHOTELS,ITC Hotels Ltd.,MT,AVOID,Avoid (likely underperformer),0,161.9,3.7887300523071836,,,,60,,,-0.007604382932186127,,0.8024948024948025,"- Supertrend (10,3) turns up; - Volatility stop flips long",Open,,running: day 9 of 60; so far -0.5% vs average,,,,,,9.0,2026-10-09,154.52,-4.558369363804815,-4.071926380355459,-0.48644298344935677,6,2026-10-07,2026-09-28 06:16:52,2026-10-09 14:54:29
152,2026-09-25,JKCEMENT,J.K. Cement Ltd.,MT,AVOID,Avoid (likely underperformer),0,5000.0,151.4514419062379,,,,60,,,-0.0028767113108187914,,0.3284823284823285,"- Supertrend (10,3) turns up; - Volatility stop flips long",Open,,running: day 9 of 60; so far +1.6% vs average,,,,,,9.0,2026-10-09,4874.0,-2.52,-4.071926380355459,1.5519263803554582,3,2026-09-30,2026-09-28 06:16:52,2026-10-09 14:54:29
153,2026-09-25,JMFINANCIL,JM Financial Ltd.,MT,AVOID,Avoid (likely underperformer),0,127.68,3.3972913916523915,,,,60,,,-0.011073315516114235,,0.9584199584199584,AI model laggard flag (short-side top 4%),Open,,running: day 9 of 60; so far -3.7% vs average,,,,,,9.0,2026-10-09,117.82,-7.722431077694248,-4.071926380355459,-3.650504697338789,6,2026-10-08,2026-09-28 06:16:52,2026-10-09 14:54:29
154,2026-09-25,JPPOWER,Jaiprakash Power Ventures Ltd.,MT,AVOID,Avoid (likely underperformer),0,15.87,0.5175017539437197,,,,60,,,-0.011073315516114235,,0.975051975051975,AI model laggard flag (short-side top 2%),Open,,running: day 9 of 60; so far -4.4% vs average,,,,,,9.0,2026-10-09,14.53,-8.44360428481411,-4.071926380355459,-4.371677904458652,9,2026-10-09,2026-09-28 06:16:52,2026-10-09 14:54:29
155,2026-09-25,JWL,Jupiter Wagons Ltd.,MT,AVOID,Avoid (likely underperformer),0,226.73,6.276860884891479,,,,60,,,-0.010251588188111782,,0.9106029106029107,AI model laggard flag (short-side top 9%); - Wyckoff spring,Open,,running: day 9 of 60; so far -1.4% vs average,,,,,,9.0,2026-10-09,214.4,-5.4381863890971545,-4.071926380355459,-1.3662600087416967,9,2026-10-09,2026-09-28 06:16:52,2026-10-09 14:54:29
156,2026-09-25,KALYANKJIL,Kalyan Jewellers India Ltd.,MT,AVOID,Avoid (likely underperformer),0,573.0,18.19695361040735,,,,60,,,-0.010251588188111782,,0.9334719334719335,AI model laggard flag (short-side top 7%),Open,,running: day 9 of 60; so far +0.8% vs average,,,,,,9.0,2026-10-09,554.0,-3.315881326352532,-4.071926380355459,0.7560450540029261,0,2026-09-25,2026-09-28 06:16:52,2026-10-09 14:54:29
157,2026-09-25,KPITTECH,KPIT Technologies Ltd.,MT,AVOID,Avoid (likely underperformer),0,519.4,14.965950962729076,,,,60,,,-0.010251588188111782,,0.8752598752598753,AI model laggard flag (short-side top 12%),Open,,running: day 9 of 60; so far -3.7% vs average,,,,,,9.0,2026-10-09,479.0,-7.778205621871381,-4.071926380355459,-3.706279241515923,1,2026-09-30,2026-09-28 06:16:52,2026-10-09 14:54:29
158,2026-09-25,LALPATHLAB,Dr. Lal Path Labs Ltd.,MT,AVOID,Avoid (likely underperformer),0,1952.3,56.85479335860843,,,,60,,,-0.007604382932186127,,0.8066528066528067,- Inverse head & shoulders,Open,,running: day 9 of 60; so far +3.1% vs average,,,,,,9.0,2026-10-09,1933.6,-0.9578445935563229,-4.071926380355459,3.1140817867991353,3,2026-09-30,2026-09-28 06:16:52,2026-10-09 14:54:29
159,2026-09-25,LATENTVIEW,Latent View Analytics Ltd.,MT,AVOID,Avoid (likely underperformer),0,243.75,7.220973894969039,,,,60,,,-0.010251588188111782,,0.8690228690228691,AI model laggard flag (short-side top 13%),Open,,running: day 9 of 60; so far -0.7% vs average,,,,,,9.0,2026-10-09,232.01,-4.816410256410264,-4.071926380355459,-0.7444838760548057,4,2026-10-01,2026-09-28 06:16:52,2026-10-09 14:54:29
160,2026-09-25,LAURUSLABS,Laurus Labs Ltd.,MT,AVOID,Avoid (likely underperformer),0,2007.0,49.538285918798735,,,,60,,,-0.010251588188111782,,0.8586278586278586,AI model laggard flag (short-side top 14%),Open,,running: day 9 of 60; so far +5.5% vs average,,,,,,9.0,2026-10-09,2036.6,1.4748380667663152,-4.071926380355459,5.546764447121774,9,2026-10-09,2026-09-28 06:16:52,2026-10-09 14:54:29
161,2026-09-25,LEMONTREE,Lemon Tree Hotels Ltd.,MT,AVOID,Avoid (likely underperformer),0,106.15,2.2026336607825594,,,,60,,,-0.011073315516114235,,0.9521829521829522,AI model laggard flag (short-side top 5%),Open,,running: day 9 of 60; so far +8.1% vs average,,,,,,9.0,2026-10-09,110.43,4.032030146019783,-4.071926380355459,8.103956526375242,9,2026-10-09,2026-09-28 06:16:52,2026-10-09 14:54:29
162,2026-09-25,LGEINDIA,LG Electronics India Ltd.,MT,AVOID,Avoid (likely underperformer),0,1725.4,42.79960539194082,,,,60,,,-0.011073315516114235,,0.9875259875259875,AI model laggard flag (short-side top 1%),Open,,running: day 9 of 60; so far +5.9% vs average,,,,,,9.0,2026-10-09,1757.0,1.8314593717398742,-4.071926380355459,5.903385752095333,9,2026-10-09,2026-09-28 06:16:52,2026-10-09 14:54:29
163,2026-09-25,LT,Larsen & Toubro Ltd.,MT,AVOID,Avoid (likely underperformer),0,3876.2,61.93010713984743,,,,60,,,-0.010251588188111782,,0.8877338877338877,AI model laggard flag (short-side top 11%),Open,,running: day 9 of 60; so far -0.4% vs average,,,,,,9.0,2026-10-09,3703.3,-4.4605541509725954,-4.071926380355459,-0.38862777061713716,5,2026-10-09,2026-09-28 06:16:52,2026-10-09 14:54:29
164,2026-09-25,LTTS,L&T Technology Services Ltd.,MT,AVOID,Avoid (likely underperformer),0,3206.1,79.26417195097805,,,,60,,,-0.010251588188111782,,0.9397089397089398,AI model laggard flag (short-side top 6%); - Wyckoff spring,Open,,running: day 9 of 60; so far +6.1% vs average,,,,,,9.0,2026-10-09,3270.1,1.9961947537506575,-4.071926380355459,6.068121134106116,9,2026-10-09,2026-09-28 06:16:52,2026-10-09 14:54:29
165,2026-09-25,MANKIND,Mankind Pharma Ltd.,MT,AVOID,Avoid (likely underperformer),0,2474.9,56.53297096657853,,,,60,,,-0.0026673786342144012,,0.5114345114345115,"- Supertrend (10,3) turns up; - Volatility stop flips long",Open,,running: day 9 of 60; so far -0.2% vs average,,,,,,9.0,2026-10-09,2368.5,-4.2991636025698,-4.071926380355459,-0.22723722221434164,0,2026-09-25,2026-09-28 06:16:52,2026-10-09 14:54:29
166,2026-09-25,MAXHEALTH,Max Healthcare Institute Ltd.,MT,AVOID,Avoid (likely underperformer),0,1014.0,24.79467089700282,,,,60,,,-0.0028767113108187914,,0.4698544698544699,"- Supertrend (10,3) turns up; - Volatility stop flips long",Open,,running: day 9 of 60; so far -8.8% vs average,,,,,,9.0,2026-10-09,883.8,-12.840236686390538,-4.071926380355459,-8.76831030603508,0,2026-09-25,2026-09-28 06:16:52,2026-10-09 14:54:29
167,2026-09-25,MCX,Multi Commodity Exchange of India Ltd.,MT,AVOID,Avoid (likely underperformer),0,3324.9,113.50986970447849,,,,60,,,-0.010251588188111782,,0.8544698544698545,AI model laggard flag (short-side top 15%),Open,,running: day 9 of 60; so far +3.9% vs average,,,,,,9.0,2026-10-09,3318.2,-0.20150981984421446,-4.071926380355459,3.8704165605112437,0,2026-09-25,2026-09-28 06:16:52,2026-10-09 14:54:29
168,2026-09-25,MFSL,Max Financial Services Ltd.,MT,AVOID,Avoid (likely underperformer),0,1458.0,54.08186182901904,,,,60,,,-0.012906179763376713,,0.018711018711018712,"- Supertrend (10,3) turns up",Open,,running: day 9 of 60; so far -6.1% vs average,,,,,,9.0,2026-10-09,1309.7,-10.171467764060349,-4.071926380355459,-6.09954138370489,0,2026-09-25,2026-09-28 06:16:52,2026-10-09 14:54:29
169,2026-09-25,MPHASIS,MphasiS Ltd.,MT,AVOID,Avoid (likely underperformer),0,2234.0,62.68940703082495,,,,60,,,-0.010251588188111782,,0.8918918918918919,AI model laggard flag (short-side top 11%); - Wyckoff spring,Open,,running: day 9 of 60; so far +9.7% vs average,,,,,,9.0,2026-10-09,2360.0,5.640107430617736,-4.071926380355459,9.712033810973194,9,2026-10-09,2026-09-28 06:16:52,2026-10-09 14:54:29
170,2026-09-25,NAUKRI,Info Edge (India) Ltd.,MT,AVOID,Avoid (likely underperformer),0,1254.8,40.987587428569064,,,,60,,,-0.010251588188111782,,0.9002079002079002,AI model laggard flag (short-side top 10%); - Wyckoff spring,Open,,running: day 9 of 60; so far +1.2% vs average,,,,,,9.0,2026-10-09,1219.0,-2.8530443098501723,-4.071926380355459,1.2188820705052859,5,2026-10-09,2026-09-28 06:16:52,2026-10-09 14:54:29
171,2026-09-25,NEWGEN,Newgen Software Technologies Ltd.,MT,AVOID,Avoid (likely underperformer),0,485.3,16.701204239648135,,,,60,,,-0.010251588188111782,,0.9043659043659044,AI model laggard flag (short-side top 10%),Open,,running: day 9 of 60; so far -3.3% vs average,,,,,,9.0,2026-10-09,449.3,-7.418091901916335,-4.071926380355459,-3.3461655215608768,2,2026-09-30,2026-09-28 06:16:52,2026-10-09 14:54:29
172,2026-09-25,NTPCGREEN,NTPC Green Energy Ltd.,MT,AVOID,Avoid (likely underperformer),0,93.47,1.9485131822610828,,,,60,,,-0.010251588188111782,,0.8835758835758836,"AI model laggard flag (short-side top 12%); - Supertrend (10,3) turns up; - Volatility stop flips long",Open,,running: day 9 of 60; so far +3.1% vs average,,,,,,9.0,2026-10-09,92.6,-0.9307799293891139,-4.071926380355459,3.1411464509663443,0,2026-09-25,2026-09-28 06:16:52,2026-10-09 14:54:29
173,2026-09-25,NYKAA,FSN E-Commerce Ventures Ltd. (Nykaa),MT,AVOID,Avoid (likely underperformer),0,333.7,8.474217346454449,,,,60,,,-0.011073315516114235,,0.9501039501039501,AI model laggard flag (short-side top 5%),Open,,running: day 9 of 60; so far +6.9% vs average,,,,,,9.0,2026-10-09,343.0,2.786934372190597,-4.071926380355459,6.858860752546056,6,2026-10-09,2026-09-28 06:16:52,2026-10-09 14:54:29
174,2026-09-25,OBEROIRLTY,Oberoi Realty Ltd.,MT,AVOID,Avoid (likely underperformer),0,1858.5,51.27657472604319,,,,60,,,-0.007604382932186127,,0.760914760914761,"- Supertrend (10,3) turns up; - Volatility stop flips long",Open,,running: day 9 of 60; so far -4.5% vs average,,,,,,9.0,2026-10-09,1698.8,-8.59295130481571,-4.071926380355459,-4.521024924460252,1,2026-09-28,2026-09-28 06:16:52,2026-10-09 14:54:29
175,2026-09-25,OLAELEC,Ola Electric Mobility Ltd.,MT,AVOID,Avoid (likely underperformer),0,38.48,2.1379396256788112,,,,60,,,-0.012906179763376713,,0.19334719334719336,"- Supertrend (10,3) turns up; - Volatility stop flips long",Open,,running: day 9 of 60; so far -4.6% vs average,,,,,,9.0,2026-10-09,35.13,-8.705821205821195,-4.071926380355459,-4.633894825465737,2,2026-09-29,2026-09-28 06:16:52,2026-10-09 14:54:29
176,2026-09-25,PAGEIND,Page Industries Ltd.,MT,AVOID,Avoid (likely underperformer),0,37695.0,867.589365704754,,,,60,,,-0.010251588188111782,,0.8627858627858628,"AI model laggard flag (short-side top 14%); - Supertrend (10,3) turns up; - Volatility stop flips long",Open,,running: day 9 of 60; so far +1.9% vs average,,,,,,9.0,2026-10-09,36875.0,-2.1753548215943774,-4.071926380355459,1.8965715587610807,2,2026-10-09,2026-09-28 06:16:52,2026-10-09 14:54:29
177,2026-09-25,PARADEEP,Paradeep Phosphates Ltd.,MT,AVOID,Avoid (likely underperformer),0,155.49,4.753234585326454,,,,60,,,-0.010251588188111782,,0.9313929313929314,AI model laggard flag (short-side top 7%),Open,,running: day 9 of 60; so far -1.5% vs average,,,,,,9.0,2026-10-09,146.75,-5.6209402533925035,-4.071926380355459,-1.5490138730370453,6,2026-10-07,2026-09-28 06:16:52,2026-10-09 14:54:29
178,2026-09-25,PATANJALI,Patanjali Foods Ltd.,MT,AVOID,Avoid (likely underperformer),0,403.95,10.637996882211528,,,,60,,,-0.010251588188111782,,0.9022869022869023,AI model laggard flag (short-side top 10%); - RSI(2) above 95 in a downtrend,Open,,running: day 9 of 60; so far -6.7% vs average,,,,,,9.0,2026-10-09,360.45,-10.768659487560338,-4.071926380355459,-6.696733107204881,1,2026-09-28,2026-09-28 06:16:52,2026-10-09 14:54:29
179,2026-09-25,PCBL,PCBL Chemical Ltd.,MT,AVOID,Avoid (likely underperformer),0,339.6,11.436299092426378,,,,60,,,-0.010251588188111782,,0.8814968814968815,AI model laggard flag (short-side top 12%); - Volatility stop flips long,Open,,running: day 9 of 60; so far -3.9% vs average,,,,,,9.0,2026-10-09,312.4,-8.009422850412262,-4.071926380355459,-3.937496470056804,6,2026-10-07,2026-09-28 06:16:52,2026-10-09 14:54:29
180,2026-09-25,PERSISTENT,Persistent Systems Ltd.,MT,AVOID,Avoid (likely underperformer),0,5372.0,151.3225956811762,,,,60,,,-0.011073315516114235,,0.9916839916839917,AI model laggard flag (short-side top 1%); - Wyckoff spring,Open,,running: day 9 of 60; so far +11.5% vs average,,,,,,9.0,2026-10-09,5770.0,7.408786299329861,-4.071926380355459,11.48071267968532,8,2026-10-09,2026-09-28 06:16:52,2026-10-09 14:54:29
182,2026-09-25,PGEL,PG Electroplast Ltd.,MT,AVOID,Avoid (likely underperformer),0,518.5,14.872834685263891,,,,60,,,-0.011073315516114235,,0.9958419958419958,AI model laggard flag (short-side top 1%),Open,,running: day 9 of 60; so far +2.8% vs average,,,,,,9.0,2026-10-09,511.8,-1.292189006750244,-4.071926380355459,2.7797373736052142,9,2026-10-09,2026-09-28 06:16:52,2026-10-09 14:54:29
183,2026-09-25,PHOENIXLTD,Phoenix Mills Ltd.,MT,AVOID,Avoid (likely underperformer),0,1978.4,51.95181859633409,,,,60,,,-0.007604382932186127,,0.7110187110187111,"- Supertrend (10,3) turns up; - Volatility stop flips long",Open,,running: day 9 of 60; so far -4.3% vs average,,,,,,9.0,2026-10-09,1813.1,-8.355236554791755,-4.071926380355459,-4.283310174436298,2,2026-09-29,2026-09-28 06:16:52,2026-10-09 14:54:29
184,2026-09-25,PNB,Punjab National Bank,MT,AVOID,Avoid (likely underperformer),0,116.6,2.125345841507705,,,,60,,,-0.007604382932186127,,0.735966735966736,- Inverse head & shoulders,Open,,running: day 9 of 60; so far +4.4% vs average,,,,,,9.0,2026-10-09,116.98,0.3259005145797689,-4.071926380355459,4.3978268949352275,0,2026-09-25,2026-09-28 06:16:52,2026-10-09 14:54:29
186,2026-09-25,RADICO,Radico Khaitan Ltd,MT,AVOID,Avoid (likely underperformer),0,4557.1,112.25777073128616,,,,60,,,-0.010251588188111782,,0.893970893970894,AI model laggard flag (short-side top 11%),Open,,running: day 9 of 60; so far +3.9% vs average,,,,,,9.0,2026-10-09,4550.0,-0.15580083825240676,-4.071926380355459,3.9161255421030514,5,2026-10-09,2026-09-28 06:16:52,2026-10-09 14:54:29
187,2026-09-25,RPOWER,Reliance Power Ltd.,MT,AVOID,Avoid (likely underperformer),0,20.57,0.6110309907015827,,,,60,,,-0.011073315516114235,,0.9646569646569647,AI model laggard flag (short-side top 4%),Open,,running: day 9 of 60; so far +1.3% vs average,,,,,,9.0,2026-10-09,20.01,-2.72241127856101,-4.071926380355459,1.3495151017944482,8,2026-10-09,2026-09-28 06:16:52,2026-10-09 14:54:29
188,2026-09-25,RVNL,Rail Vikas Nigam Ltd.,MT,AVOID,Avoid (likely underperformer),0,207.0,5.4278636818672625,,,,60,,,-0.010251588188111782,,0.8856548856548857,AI model laggard flag (short-side top 11%),Open,,running: day 9 of 60; so far -3.8% vs average,,,,,,9.0,2026-10-09,190.65,-7.898550724637676,-4.071926380355459,-3.826624344282218,0,2026-09-25,2026-09-28 06:16:52,2026-10-09 14:54:29
189,2026-09-25,SAGILITY,Sagility India Ltd.,MT,AVOID,Avoid (likely underperformer),0,44.69,1.1662293984497984,,,,60,,,-0.011073315516114235,,1.0,AI model laggard flag (short-side top 1%),Open,,running: day 9 of 60; so far +2.5% vs average,,,,,,9.0,2026-10-09,44.0,-1.5439695681360388,-4.071926380355459,2.5279568122194194,9,2026-10-09,2026-09-28 06:16:52,2026-10-09 14:54:29
190,2026-09-25,SIGNATURE,Signatureglobal (India) Ltd.,MT,AVOID,Avoid (likely underperformer),0,788.85,25.721392463656375,,,,60,,,-0.010251588188111782,,0.9251559251559252,AI model laggard flag (short-side top 7%); - RSI(2) above 95 in a downtrend,Open,,running: day 9 of 60; so far -5.9% vs average,,,,,,9.0,2026-10-09,710.05,-9.989224820941889,-4.071926380355459,-5.91729844058643,4,2026-10-05,2026-09-28 06:16:52,2026-10-09 14:54:29
191,2026-09-25,SRF,SRF Ltd.,MT,AVOID,Avoid (likely underperformer),0,2540.0,46.44548619191712,,,,60,,,-0.010251588188111782,,0.9480249480249481,AI model laggard flag (short-side top 5%),Open,,running: day 9 of 60; so far +3.3% vs average,,,,,,9.0,2026-10-09,2519.5,-0.8070866141732247,-4.071926380355459,3.2648397661822335,3,2026-10-09,2026-09-28 06:16:52,2026-10-09 14:54:29
193,2026-09-25,SUNTV,Sun TV Network Ltd.,MT,AVOID,Avoid (likely underperformer),0,513.2,17.186204899887876,,,,60,,,-0.010251588188111782,,0.8648648648648649,"AI model laggard flag (short-side top 14%); - Supertrend (10,3) turns up; - Volatility stop flips long",Open,,running: day 9 of 60; so far +28.0% vs average,,,,,,9.0,2026-10-09,635.9,23.908807482462958,-4.071926380355459,27.980733862818415,8,2026-10-09,2026-09-28 06:16:52,2026-10-09 14:54:29
194,2026-09-25,SWIGGY,Swiggy Ltd.,MT,AVOID,Avoid (likely underperformer),0,264.85,9.30543129642602,,,,60,,,-0.0026673786342144012,,0.5467775467775468,- Inverse head & shoulders,Open,,running: day 9 of 60; so far -7.5% vs average,,,,,,9.0,2026-10-09,234.2,-11.572588257504258,-4.071926380355459,-7.500661877148798,1,2026-09-28,2026-09-28 06:16:52,2026-10-09 14:54:29
195,2026-09-25,TATAELXSI,Tata Elxsi Ltd.,MT,AVOID,Avoid (likely underperformer),0,3186.9,81.78907763209345,,,,60,,,-0.011073315516114235,,0.9563409563409564,AI model laggard flag (short-side top 4%),Open,,running: day 9 of 60; so far +2.3% vs average,,,,,,9.0,2026-10-09,3130.0,-1.785434120932572,-4.071926380355459,2.2864922594228863,9,2026-10-09,2026-09-28 06:16:52,2026-10-09 14:54:29
196,2026-09-25,TECHM,Tech Mahindra Ltd.,MT,AVOID,Avoid (likely underperformer),0,1548.0,37.655172196569815,,,,60,,,-0.011073315516114235,,0.9792099792099792,AI model laggard flag (short-side top 2%),Open,,running: day 9 of 60; so far +1.9% vs average,,,,,,9.0,2026-10-09,1514.1,-2.1899224806201656,-4.071926380355459,1.8820038997352926,9,2026-10-09,2026-09-28 06:16:52,2026-10-09 14:54:29
197,2026-09-25,TECHNOE,Techno Electric & Engineering Company Ltd.,MT,AVOID,Avoid (likely underperformer),0,1006.2,32.203448685314825,,,,60,,,-0.010251588188111782,,0.9168399168399168,AI model laggard flag (short-side top 8%),Open,,running: day 9 of 60; so far -1.0% vs average,,,,,,9.0,2026-10-09,954.9,-5.098389982110918,-4.071926380355459,-1.0264636017554598,9,2026-10-09,2026-09-28 06:16:52,2026-10-09 14:54:29
198,2026-09-25,TORNTPHARM,Torrent Pharmaceuticals Ltd.,MT,AVOID,Avoid (likely underperformer),0,4988.5,105.3414840057081,,,,60,,,-0.010251588188111782,,0.9376299376299376,AI model laggard flag (short-side top 6%),Open,,running: day 9 of 60; so far -2.6% vs average,,,,,,9.0,2026-10-09,4656.9,-6.647288764157566,-4.071926380355459,-2.575362383802108,0,2026-09-25,2026-09-28 06:16:52,2026-10-09 14:54:30
199,2026-09-25,TTML,Tata Teleservices (Maharashtra) Ltd.,MT,AVOID,Avoid (likely underperformer),0,34.44,1.1261295794460762,,,,60,,,-0.010251588188111782,,0.8731808731808732,AI model laggard flag (short-side top 13%),Open,,running: day 9 of 60; so far -0.4% vs average,,,,,,9.0,2026-10-09,32.89,-4.5005807200929056,-4.071926380355459,-0.4286543397374477,8,2026-10-09,2026-09-28 06:16:52,2026-10-09 14:54:30
200,2026-09-25,UPL,UPL Ltd.,MT,AVOID,Avoid (likely underperformer),0,550.05,11.703809017922739,,,,60,,,-0.010251588188111782,,0.8773388773388774,AI model laggard flag (short-side top 12%); - Wyckoff spring,Open,,running: day 9 of 60; so far -7.1% vs average,,,,,,9.0,2026-10-09,488.45,-11.198981910735384,-4.071926380355459,-7.127055530379925,1,2026-09-28,2026-09-28 06:16:52,2026-10-09 14:54:30
201,2026-09-25,USHAMART,Usha Martin Ltd.,MT,AVOID,Avoid (likely underperformer),0,518.8,16.15674614838964,,,,60,,,-0.0028767113108187914,,0.24532224532224534,"- Supertrend (10,3) turns up",Open,,running: day 9 of 60; so far +0.8% vs average,,,,,,9.0,2026-10-09,502.05,-3.228604471858121,-4.071926380355459,0.8433219084973375,0,2026-09-25,2026-09-28 06:16:52,2026-10-09 14:54:30
203,2026-09-25,UTIAMC,UTI Asset Management Company Ltd.,MT,AVOID,Avoid (likely underperformer),0,901.85,17.965594596462903,,,,60,,,-0.0028767113108187914,,0.4677754677754678,- Inverse head & shoulders,Open,,running: day 9 of 60; so far +1.4% vs average,,,,,,9.0,2026-10-09,877.7,-2.677828907246216,-4.071926380355459,1.3940974731092424,0,2026-09-25,2026-09-28 06:16:52,2026-10-09 14:54:30
204,2026-09-25,VBL,Varun Beverages Ltd.,MT,AVOID,Avoid (likely underperformer),0,434.8,9.817275240823289,,,,60,,,-0.010251588188111782,,0.920997920997921,"AI model laggard flag (short-side top 8%); - Supertrend (10,3) turns up; - Volatility stop flips long",Open,,running: day 9 of 60; so far +5.5% vs average,,,,,,9.0,2026-10-09,441.0,1.4259429622815123,-4.071926380355459,5.497869342636971,8,2026-10-09,2026-09-28 06:16:52,2026-10-09 14:54:30
202,2026-09-25,VMM,Vishal Mega Mart Ltd.,MT,AVOID,Avoid (likely underperformer),0,103.5,2.843471067084909,,,,60,,,-0.010251588188111782,,0.9459459459459459,AI model laggard flag (short-side top 5%),Open,,running: day 9 of 60; so far -1.7% vs average,,,,,,9.0,2026-10-09,97.5,-5.797101449275366,-4.071926380355459,-1.7251750689199077,1,2026-09-28,2026-09-28 06:16:52,2026-10-09 14:54:30
205,2026-09-25,WHIRLPOOL,Whirlpool of India Ltd.,MT,AVOID,Avoid (likely underperformer),0,918.9,39.96577816189092,,,,60,,,-0.012906179763376713,,0.16632016632016633,"- Supertrend (10,3) turns up; - Volatility stop flips long",Open,,running: day 9 of 60; so far -7.0% vs average,,,,,,9.0,2026-10-09,816.75,-11.116552399608226,-4.071926380355459,-7.044626019252767,2,2026-09-29,2026-09-28 06:16:52,2026-10-09 14:54:30
206,2026-09-25,WIPRO,Wipro Ltd.,MT,AVOID,Avoid (likely underperformer),0,164.02,3.431077937190888,,,,60,,,-0.011073315516114235,,0.9896049896049897,AI model laggard flag (short-side top 1%); - Wyckoff spring,Open,,running: day 9 of 60; so far +3.2% vs average,,,,,,9.0,2026-10-09,162.57,-0.8840385318863664,-4.071926380355459,3.187887848469092,9,2026-10-09,2026-09-28 06:16:52,2026-10-09 14:54:30
207,2026-09-25,ZYDUSLIFE,Zydus Lifesciences Ltd.,MT,AVOID,Avoid (likely underperformer),0,1203.9,28.614158016594686,,,,60,,,-0.0026673786342144012,,0.604989604989605,- Volatility stop flips long,Open,,running: day 9 of 60; so far -3.1% vs average,,,,,,9.0,2026-10-09,1117.5,-7.176675803638188,-4.071926380355459,-3.10474942328273,3,2026-09-30,2026-09-28 06:16:52,2026-10-09 14:54:30
208,2026-09-25,3MINDIA,3M India Ltd.,LT,AVOID,Reduce / Avoid,0,33925.0,900.1708596046346,,,,250,,,-0.000637742574326694,,0.2765072765072765,"- Supertrend (10,3) turns up; - RSI(14) rises back above 30",Open,,running: day 9 of 250; so far -7.0% vs average,,,,,,9.0,2026-10-09,30170.0,-11.068533529845247,-4.071926380355459,-6.9966071494897895,4,2026-10-01,2026-09-28 06:16:52,2026-10-09 14:54:30
209,2026-09-25,ABBOTINDIA,Abbott India Ltd.,LT,AVOID,Reduce / Avoid,0,26955.0,530.9506728141372,,,,250,,,-0.000637742574326694,,0.24116424116424118,"- Elliott 5-wave decline complete; - Supertrend (10,3) turns up",Open,,running: day 9 of 250; so far +0.5% vs average,,,,,,9.0,2026-10-09,26000.0,-3.542941940270816,-4.071926380355459,0.5289844400846421,4,2026-10-01,2026-09-28 06:16:52,2026-10-09 14:54:30
210,2026-09-25,ABCAPITAL,Aditya Birla Capital Ltd.,LT,AVOID,Reduce / Avoid,0,390.0,9.908497777703662,,,,250,,,-0.000637742574326694,,0.21205821205821207,"- Supertrend (10,3) turns up",Open,,running: day 9 of 250; so far +1.7% vs average,,,,,,9.0,2026-10-09,380.7,-2.384615384615385,-4.071926380355459,1.6873109957400731,0,2026-09-25,2026-09-28 06:16:52,2026-10-09 14:54:30
211,2026-09-25,ABDL,Allied Blenders and Distillers Ltd.,LT,AVOID,Reduce / Avoid,0,715.05,26.597038838368885,,,,250,,,-0.0038028121925890446,,0.6237006237006237,"- Supertrend (10,3) turns up",Open,,running: day 9 of 250; so far +3.6% vs average,,,,,,9.0,2026-10-09,711.55,-0.48947626040136694,-4.071926380355459,3.5824501199540912,3,2026-09-30,2026-09-28 06:16:52,2026-10-09 14:54:30
215,2026-09-25,ALKEM,Alkem Laboratories Ltd.,LT,AVOID,Reduce / Avoid,0,5274.0,123.02953307452066,,,,250,,,-0.01975449174642563,,0.15384615384615385,"- RSI(2) above 95 in a downtrend; - Supertrend (10,3) turns up",Open,,running: day 9 of 250; so far +4.2% vs average,,,,,,9.0,2026-10-09,5279.0,0.09480470231324478,-4.071926380355459,4.166731082668703,4,2026-10-01,2026-09-28 06:16:52,2026-10-09 14:54:30
216,2026-09-25,AMBER,Amber Enterprises India Ltd.,LT,AVOID,Reduce / Avoid,0,6960.0,165.97196709256272,,,,250,,,-0.010469918139278889,,0.8731808731808732,AI model laggard flag (short-side top 13%),Open,,running: day 9 of 250; so far -3.3% vs average,,,,,,9.0,2026-10-09,6445.0,-7.399425287356321,-4.071926380355459,-3.3274989070008623,4,2026-10-07,2026-09-28 06:16:52,2026-10-09 14:54:30
213,2026-09-25,ANANTRAJ,Anant Raj Ltd.,LT,AVOID,Reduce / Avoid,0,617.4,19.11631936372464,,,,250,,,-0.010469918139278889,,0.9085239085239085,AI model laggard flag (short-side top 9%),Open,,running: day 9 of 250; so far -3.5% vs average,,,,,,9.0,2026-10-09,570.75,-7.555879494655004,-4.071926380355459,-3.4839531142995463,0,2026-09-25,2026-09-28 06:16:52,2026-10-09 14:54:30
214,2026-09-25,ANGELONE,Angel One Ltd.,LT,AVOID,Reduce / Avoid,0,288.0,8.729919062964296,,,,250,,,-0.010469918139278889,,0.8586278586278586,"AI model laggard flag (short-side top 14%); - Supertrend (10,3) turns up",Open,,running: day 9 of 250; so far +5.5% vs average,,,,,,9.0,2026-10-09,292.0,1.388888888888884,-4.071926380355459,5.460815269244343,3,2026-10-09,2026-09-28 06:16:52,2026-10-09 14:54:30
219,2026-09-25,ASIANPAINT,Asian Paints Ltd.,LT,AVOID,Reduce / Avoid,0,2444.0,45.93730070834544,,,,250,,,-0.010469918139278889,,0.896049896049896,AI model laggard flag (short-side top 10%); - RSI(14) rises back above 30,Open,,running: day 9 of 250; so far -0.2% vs average,,,,,,9.0,2026-10-09,2339.1,-4.292144026186584,-4.071926380355459,-0.2202176458311257,6,2026-10-06,2026-09-28 06:16:52,2026-10-09 14:54:30
220,2026-09-25,ASTRAL,Astral Poly Technik Ltd.,LT,AVOID,Reduce / Avoid,0,1399.0,30.75524400550411,,,,250,,,-0.021375585347414017,,0.9501039501039501,AI model laggard flag (short-side top 5%); - RSI(14) rises back above 30,Open,,running: day 9 of 250; so far +4.8% vs average,,,,,,9.0,2026-10-09,1409.8,0.7719799857040632,-4.071926380355459,4.843906366059522,9,2026-10-09,2026-09-28 06:16:52,2026-10-09 14:54:30
218,2026-09-25,ATUL,Atul Ltd.,LT,AVOID,Reduce / Avoid,0,6070.5,135.56198842637613,,,,250,,,-0.010469918139278889,,0.9417879417879418,AI model laggard flag (short-side top 6%),Open,,running: day 9 of 250; so far +1.0% vs average,,,,,,9.0,2026-10-09,5882.5,-3.0969442385305967,-4.071926380355459,0.9749821418248615,9,2026-10-09,2026-09-28 06:16:52,2026-10-09 14:54:30
221,2026-09-25,AWL,AWL Agri Business Ltd.,LT,AVOID,Reduce / Avoid,0,184.34,4.395451212613721,,,,250,,,-0.021375585347414017,,0.9521829521829522,AI model laggard flag (short-side top 5%),Open,,running: day 9 of 250; so far +2.9% vs average,,,,,,9.0,2026-10-09,182.18,-1.171747857220351,-4.071926380355459,2.900178523135107,9,2026-10-09,2026-09-28 06:16:52,2026-10-09 14:54:30
222,2026-09-25,BALKRISIND,Balkrishna Industries Ltd.,LT,AVOID,Reduce / Avoid,0,2185.3,61.28040092354136,,,,250,,,-0.000637742574326694,,0.43451143451143454,- Elliott 5-wave decline complete; - RSI(14) rises back above 30,Open,,running: day 9 of 250; so far -3.9% vs average,,,,,,9.0,2026-10-09,2010.3,-8.008053814121642,-4.071926380355459,-3.9361274337661825,4,2026-10-01,2026-09-28 06:16:52,2026-10-09 14:54:30
223,2026-09-25,BBTC,Bombay Burmah Trading Corporation Ltd.,LT,AVOID,Reduce / Avoid,0,1435.2,41.774187112360586,,,,250,,,-0.010469918139278889,,0.8898128898128899,AI model laggard flag (short-side top 11%),Open,,running: day 9 of 250; so far -10.8% vs average,,,,,,9.0,2026-10-09,1222.1,-14.848104793756978,-4.071926380355459,-10.776178413401519,1,2026-09-28,2026-09-28 06:16:52,2026-10-09 14:54:30
224,2026-09-25,BDL,Bharat Dynamics Ltd.,LT,AVOID,Reduce / Avoid,0,1140.0,35.455454655230305,,,,250,,,-0.009146535769104958,,0.7525987525987526,- Elliott 5-wave decline complete; - RSI(14) rises back above 30,Open,,running: day 9 of 250; so far -1.6% vs average,,,,,,9.0,2026-10-09,1075.9,-5.622807017543852,-4.071926380355459,-1.5508806371883934,4,2026-10-01,2026-09-28 06:16:52,2026-10-09 14:54:30
225,2026-09-25,BERGEPAINT,Berger Paints India Ltd.,LT,AVOID,Reduce / Avoid,0,458.35,12.15506809132993,,,,250,,,-0.010469918139278889,,0.9002079002079002,AI model laggard flag (short-side top 10%); - RSI(14) rises back above 30,Open,,running: day 9 of 250; so far +7.0% vs average,,,,,,9.0,2026-10-09,471.9,2.9562561361405004,-4.071926380355459,7.028182516495959,9,2026-10-09,2026-09-28 06:16:52,2026-10-09 14:54:30
226,2026-09-25,BHARTIARTL,Bharti Airtel Ltd.,LT,AVOID,Reduce / Avoid,0,1785.4,32.521865411233726,,,,250,,,-0.000637742574326694,,0.41995841995842,- RSI(2) above 95 in a downtrend,Open,,running: day 9 of 250; so far +5.2% vs average,,,,,,9.0,2026-10-09,1805.1,1.1033941973787265,-4.071926380355459,5.175320577734185,4,2026-10-01,2026-09-28 06:16:52,2026-10-09 14:54:30
227,2026-09-25,BIKAJI,Bikaji Foods International Ltd.,LT,AVOID,Reduce / Avoid,0,573.95,19.21111067593262,,,,250,,,-0.000637742574326694,,0.4802494802494803,"- Supertrend (10,3) turns up; - RSI(14) rises back above 30",Open,,running: day 9 of 250; so far -13.7% vs average,,,,,,9.0,2026-10-09,472.05,-17.75415977001481,-4.071926380355459,-13.682233389659352,4,2026-10-01,2026-09-28 06:16:52,2026-10-09 14:54:30
228,2026-09-25,BSOFT,Birlasoft Ltd.,LT,AVOID,Reduce / Avoid,0,274.05,8.014734397220264,,,,250,,,-0.021375585347414017,,0.9896049896049897,AI model laggard flag (short-side top 1%),Open,,running: day 9 of 250; so far +8.2% vs average,,,,,,9.0,2026-10-09,285.3,4.10509031198687,-4.071926380355459,8.17701669234233,9,2026-10-09,2026-09-28 06:16:52,2026-10-09 14:54:30
230,2026-09-25,CARBORUNIV,Carborundum Universal Ltd.,LT,AVOID,Reduce / Avoid,0,1278.5,54.15780626296648,,,,250,,,-0.01975449174642563,,0.09771309771309772,"- Supertrend (10,3) turns up",Open,,running: day 9 of 250; so far -1.9% vs average,,,,,,9.0,2026-10-09,1202.6,-5.936644505279631,-4.071926380355459,-1.864718124924173,1,2026-09-28,2026-09-28 06:16:52,2026-10-09 14:54:30
232,2026-09-25,CEATLTD,Ceat Ltd.,LT,AVOID,Reduce / Avoid,0,3352.2,80.99227064546422,,,,250,,,-0.0038028121925890446,,0.5966735966735967,- RSI(2) above 95 in a downtrend,Open,,running: day 9 of 250; so far +1.4% vs average,,,,,,9.0,2026-10-09,3262.3,-2.6818208937414156,-4.071926380355459,1.3901054866140425,3,2026-09-30,2026-09-28 06:16:52,2026-10-09 14:54:30
233,2026-09-25,CENTRALBK,Central Bank of India,LT,AVOID,Reduce / Avoid,0,31.18,0.5502033117581421,,,,250,,,-0.000637742574326694,,0.3908523908523909,"- RSI(2) above 95 in a downtrend; - Supertrend (10,3) turns up",Open,,running: day 9 of 250; so far +0.6% vs average,,,,,,9.0,2026-10-09,30.1,-3.4637588197562463,-4.071926380355459,0.608167560599212,4,2026-10-01,2026-09-28 06:16:52,2026-10-09 14:54:30
235,2026-09-25,CHAMBLFERT,Chambal Fertilizers & Chemicals Ltd.,LT,AVOID,Reduce / Avoid,0,417.95,7.637836881570357,,,,250,,,-0.010469918139278889,,0.8544698544698545,AI model laggard flag (short-side top 15%),Open,,running: day 9 of 250; so far -6.4% vs average,,,,,,9.0,2026-10-09,374.3,-10.443832994377312,-4.071926380355459,-6.371906614021852,1,2026-09-29,2026-09-28 06:16:52,2026-10-09 14:54:30
236,2026-09-25,CIEINDIA,CIE Automotive India Ltd.,LT,AVOID,Reduce / Avoid,0,390.8,9.46703555469619,,,,250,,,-0.000637742574326694,,0.4677754677754678,- RSI(2) above 95 in a downtrend; - RSI(14) rises back above 30,Open,,running: day 9 of 250; so far -1.1% vs average,,,,,,9.0,2026-10-09,370.75,-5.130501535312182,-4.071926380355459,-1.0585751549567237,2,2026-10-01,2026-09-28 06:16:52,2026-10-09 14:54:30
239,2026-09-25,COLPAL,Colgate Palmolive (India) Ltd.,LT,AVOID,Reduce / Avoid,0,1855.8,40.57161279925772,,,,250,,,-0.009146535769104958,,0.841995841995842,"- Supertrend (10,3) turns up",Open,,running: day 9 of 250; so far +2.0% vs average,,,,,,9.0,2026-10-09,1817.8,-2.0476344433667415,-4.071926380355459,2.0242919369887167,6,2026-10-09,2026-09-28 06:16:52,2026-10-09 14:54:30
240,2026-09-25,DABUR,Dabur India Ltd.,LT,AVOID,Reduce / Avoid,0,385.6,6.903348113701434,,,,250,,,-0.009146535769104958,,0.7151767151767152,"- Supertrend (10,3) turns up; - RSI(14) rises back above 30",Open,,running: day 9 of 250; so far +4.4% vs average,,,,,,9.0,2026-10-09,386.7,0.28526970954356745,-4.071926380355459,4.357196089899026,6,2026-10-09,2026-09-28 06:16:52,2026-10-09 14:54:30
241,2026-09-25,DIXON,Dixon Technologies (India) Ltd.,LT,AVOID,Reduce / Avoid,0,13390.0,364.1335459604281,,,,250,,,-0.010469918139278889,,0.9397089397089398,AI model laggard flag (short-side top 6%),Open,,running: day 9 of 250; so far -0.5% vs average,,,,,,9.0,2026-10-09,12774.0,-4.600448095593723,-4.071926380355459,-0.528521715238265,3,2026-09-30,2026-09-28 06:16:52,2026-10-09 14:54:30
242,2026-09-25,DLF,DLF Ltd.,LT,AVOID,Reduce / Avoid,0,683.0,16.38269894027563,,,,250,,,-0.009146535769104958,,0.8336798336798337,"- Supertrend (10,3) turns up",Open,,running: day 9 of 250; so far -1.0% vs average,,,,,,9.0,2026-10-09,648.6,-5.036603221083446,-4.071926380355459,-0.9646768407279883,7,2026-10-07,2026-09-28 06:16:52,2026-10-09 14:54:30
243,2026-09-25,DMART,Avenue Supermarts Ltd.,LT,AVOID,Reduce / Avoid,0,3834.2,74.65705327952365,,,,250,,,-0.010469918139278889,,0.8565488565488566,AI model laggard flag (short-side top 14%); - RSI(2) above 95 in a downtrend,Open,,running: day 9 of 250; so far -4.2% vs average,,,,,,9.0,2026-10-09,3516.8,-8.278128423139108,-4.071926380355459,-4.20620204278365,5,2026-10-05,2026-09-28 06:16:52,2026-10-09 14:54:30
244,2026-09-25,DRREDDY,Dr. Reddy's Laboratories Ltd.,LT,AVOID,Reduce / Avoid,0,1201.0,22.417272908785243,,,,250,,,-0.0038028121925890446,,0.5405405405405406,"- RSI(2) above 95 in a downtrend; - Supertrend (10,3) turns up",Open,,running: day 9 of 250; so far +3.7% vs average,,,,,,9.0,2026-10-09,1197.0,-0.33305578684429404,-4.071926380355459,3.738870593511164,6,2026-10-06,2026-09-28 06:16:52,2026-10-09 14:54:30
245,2026-09-25,ELECON,Elecon Engineering Company Ltd.,LT,AVOID,Reduce / Avoid,0,458.25,16.295320007588327,,,,250,,,-0.0038028121925890446,,0.6943866943866944,"- Supertrend (10,3) turns up",Open,,running: day 9 of 250; so far -5.1% vs average,,,,,,9.0,2026-10-09,416.4,-9.132569558101478,-4.071926380355459,-5.0606431777460195,7,2026-10-07,2026-09-28 06:16:52,2026-10-09 14:54:30
246,2026-09-25,EMAMILTD,Emami Ltd.,LT,AVOID,Reduce / Avoid,0,389.25,12.515773383013533,,,,250,,,-0.010469918139278889,,0.9438669438669439,AI model laggard flag (short-side top 6%),Open,,running: day 9 of 250; so far -1.0% vs average,,,,,,9.0,2026-10-09,369.45,-5.086705202312136,-4.071926380355459,-1.014778821956678,9,2026-10-09,2026-09-28 06:16:52,2026-10-09 14:54:30
247,2026-09-25,ENRIN,Siemens Energy India Ltd.,LT,AVOID,Reduce / Avoid,0,3313.0,108.31895590671333,,,,250,,,-0.010469918139278889,,0.8752598752598753,AI model laggard flag (short-side top 12%),Open,,running: day 9 of 250; so far -2.3% vs average,,,,,,9.0,2026-10-09,3101.0,-6.3990341080591655,-4.071926380355459,-2.327107727703707,6,2026-10-09,2026-09-28 06:16:52,2026-10-09 14:54:30
248,2026-09-25,ETERNAL,Eternal Ltd. (Zomato),LT,AVOID,Reduce / Avoid,0,335.0,7.837320803131028,,,,250,,,-0.010469918139278889,,0.8503118503118503,AI model laggard flag (short-side top 15%),Open,,running: day 9 of 250; so far +0.6% vs average,,,,,,9.0,2026-10-09,323.45,-3.4477611940298525,-4.071926380355459,0.6241651863256058,0,2026-09-25,2026-09-28 06:16:52,2026-10-09 14:54:30
249,2026-09-25,FIVESTAR,Five-Star Business Finance Ltd.,LT,AVOID,Reduce / Avoid,0,520.95,19.7594000713692,,,,250,,,-0.000637742574326694,,0.31185031185031187,"- Supertrend (10,3) turns up",Open,,running: day 9 of 250; so far +0.5% vs average,,,,,,9.0,2026-10-09,502.25,-3.5895959305115688,-4.071926380355459,0.4823304498438895,0,2026-09-25,2026-09-28 06:16:52,2026-10-09 14:54:30
250,2026-09-25,FORCEMOT,Force Motors Ltd.,LT,AVOID,Reduce / Avoid,0,17388.0,424.28453657727647,,,,250,,,-0.021375585347414017,,0.9646569646569647,AI model laggard flag (short-side top 4%),Open,,running: day 9 of 250; so far +1.3% vs average,,,,,,9.0,2026-10-09,16900.0,-2.806533241315845,-4.071926380355459,1.2653931390396131,9,2026-10-09,2026-09-28 06:16:52,2026-10-09 14:54:30
251,2026-09-25,FSL,Firstsource Solutions Ltd.,LT,AVOID,Reduce / Avoid,0,259.45,9.36438008696986,,,,250,,,-0.021375585347414017,,0.9958419958419958,"AI model laggard flag (short-side top 1%); - Supertrend (10,3) turns up",Open,,running: day 9 of 250; so far +7.4% vs average,,,,,,9.0,2026-10-09,268.1,3.3339757178647345,-4.071926380355459,7.405902098220193,9,2026-10-09,2026-09-28 06:16:52,2026-10-09 14:54:30
252,2026-09-25,GESHIP,Great Eastern Shipping Co. Ltd.,LT,AVOID,Reduce / Avoid,0,1497.2,37.616796274306274,,,,250,,,-0.009146535769104958,,0.7754677754677755,"- Supertrend (10,3) turns up",Open,,running: day 9 of 250; so far +6.5% vs average,,,,,,9.0,2026-10-09,1533.7,2.4378840502270904,-4.071926380355459,6.509810430582549,3,2026-09-30,2026-09-28 06:16:52,2026-10-09 14:54:30
253,2026-09-25,GILLETTE,Gillette India Ltd.,LT,AVOID,Reduce / Avoid,0,7072.0,133.77304640877867,,,,250,,,-0.010469918139278889,,0.8918918918918919,AI model laggard flag (short-side top 11%); - RSI(14) rises back above 30,Open,,running: day 9 of 250; so far +4.5% vs average,,,,,,9.0,2026-10-09,7100.5,0.4029977375565652,-4.071926380355459,4.474924117912024,9,2026-10-09,2026-09-28 06:16:52,2026-10-09 14:54:30
255,2026-09-25,GMRAIRPORT,GMR Airports Ltd.,LT,AVOID,Reduce / Avoid,0,97.95,2.4681374942011325,,,,250,,,-0.0038028121925890446,,0.6860706860706861,- Elliott 5-wave decline complete,Open,,running: day 9 of 250; so far -1.7% vs average,,,,,,9.0,2026-10-09,92.31,-5.758039816232774,-4.071926380355459,-1.6861134358773158,4,2026-10-01,2026-09-28 06:16:52,2026-10-09 14:54:30
256,2026-09-25,GODFRYPHLP,Godfrey Phillips India Ltd.,LT,AVOID,Reduce / Avoid,0,1970.4,45.13164860351608,,,,250,,,-0.010469918139278889,,0.9376299376299376,AI model laggard flag (short-side top 6%); - RSI(14) rises back above 30,Open,,running: day 9 of 250; so far -3.9% vs average,,,,,,9.0,2026-10-09,1813.2,-7.978075517661387,-4.071926380355459,-3.906149137305929,4,2026-10-07,2026-09-28 06:16:52,2026-10-09 14:54:30
257,2026-09-25,GRSE,Garden Reach Shipbuilders & Engineers Ltd.,LT,AVOID,Reduce / Avoid,0,2319.0,63.48480257164279,,,,250,,,-0.010469918139278889,,0.920997920997921,AI model laggard flag (short-side top 8%); - RSI(14) rises back above 30,Open,,running: day 9 of 250; so far -7.7% vs average,,,,,,9.0,2026-10-09,2046.0,-11.772315653298836,-4.071926380355459,-7.7003892729433785,3,2026-09-30,2026-09-28 06:16:52,2026-10-09 14:54:30
258,2026-09-25,HCLTECH,HCL Technologies Ltd.,LT,AVOID,Reduce / Avoid,0,1258.0,35.37452718086123,,,,250,,,-0.021375585347414017,,0.9812889812889813,AI model laggard flag (short-side top 2%),Open,,running: day 9 of 250; so far +0.8% vs average,,,,,,9.0,2026-10-09,1216.7,-3.2829888712241573,-4.071926380355459,0.788937509131301,9,2026-10-09,2026-09-28 06:16:52,2026-10-09 14:54:30
259,2026-09-25,HDFCBANK,HDFC Bank Ltd.,LT,AVOID,Reduce / Avoid,0,735.6,13.472112302581776,,,,250,,,-0.000637742574326694,,0.23492723492723494,"- Supertrend (10,3) turns up",Open,,running: day 9 of 250; so far +0.2% vs average,,,,,,9.0,2026-10-09,707.25,-3.853996737357257,-4.071926380355459,0.21792964299820125,4,2026-10-01,2026-09-28 06:16:52,2026-10-09 14:54:30
260,2026-09-25,HDFCLIFE,HDFC Life Insurance Company Ltd.,LT,AVOID,Reduce / Avoid,0,531.0,15.938570747798094,,,,250,,,-0.000637742574326694,,0.2869022869022869,"- Supertrend (10,3) turns up",Open,,running: day 9 of 250; so far +8.9% vs average,,,,,,9.0,2026-10-09,556.65,4.830508474576267,-4.071926380355459,8.902434854931727,3,2026-09-30,2026-09-28 06:16:52,2026-10-09 14:54:30
261,2026-09-25,HEXT,Hexaware Technologies Ltd.,LT,AVOID,Reduce / Avoid,0,496.7,15.172250557408056,,,,250,,,-0.021375585347414017,,0.9708939708939709,AI model laggard flag (short-side top 3%); - RSI(14) rises back above 30,Open,,running: day 9 of 250; so far +12.5% vs average,,,,,,9.0,2026-10-09,538.5,8.41554258103483,-4.071926380355459,12.487468961390288,5,2026-10-09,2026-09-28 06:16:52,2026-10-09 14:54:30
262,2026-09-25,HINDUNILVR,Hindustan Unilever Ltd.,LT,AVOID,Reduce / Avoid,0,1942.9,29.36935395869019,,,,250,,,-0.010469918139278889,,0.8773388773388774,AI model laggard flag (short-side top 12%),Open,,running: day 9 of 250; so far -0.4% vs average,,,,,,9.0,2026-10-09,1856.7,-4.436666838231506,-4.071926380355459,-0.36474045787604836,0,2026-09-25,2026-09-28 06:16:52,2026-10-09 14:54:30
263,2026-09-25,ICICIGI,ICICI Lombard General Insurance Company Ltd.,LT,AVOID,Reduce / Avoid,0,1553.7,39.63873270642971,,,,250,,,-0.000637742574326694,,0.40124740124740127,"- Supertrend (10,3) turns up; - RSI(14) rises back above 30",Open,,running: day 9 of 250; so far +12.9% vs average,,,,,,9.0,2026-10-09,1690.2,8.785479822359532,-4.071926380355459,12.85740620271499,9,2026-10-09,2026-09-28 06:16:52,2026-10-09 14:54:30
264,2026-09-25,IKS,Inventurus Knowledge Solutions Ltd.,LT,AVOID,Reduce / Avoid,0,1815.8,63.054025914620055,,,,250,,,-0.01975449174642563,,0.19542619542619544,"- Supertrend (10,3) turns up",Open,,running: day 9 of 250; so far -1.4% vs average,,,,,,9.0,2026-10-09,1716.6,-5.463156735323271,-4.071926380355459,-1.391230354967813,0,2026-09-25,2026-09-28 06:16:52,2026-10-09 14:54:30
265,2026-09-25,INDIGO,InterGlobe Aviation Ltd.,LT,AVOID,Reduce / Avoid,0,4940.0,110.96542924208168,,,,250,,,-0.010469918139278889,,0.8669438669438669,AI model laggard flag (short-side top 13%); - RSI(14) rises back above 30,Open,,running: day 9 of 250; so far +1.9% vs average,,,,,,9.0,2026-10-09,4833.0,-2.165991902834008,-4.071926380355459,1.9059344775214502,0,2026-09-25,2026-09-28 06:16:52,2026-10-09 14:54:30
266,2026-09-25,INFY,Infosys Ltd.,LT,AVOID,Reduce / Avoid,0,1000.2,26.134941491354944,,,,250,,,-0.021375585347414017,,0.9771309771309772,AI model laggard flag (short-side top 2%),Open,,running: day 9 of 250; so far +6.4% vs average,,,,,,9.0,2026-10-09,1023.4,2.319536092781438,-4.071926380355459,6.3914624731368965,9,2026-10-09,2026-09-28 06:16:52,2026-10-09 14:54:30
267,2026-09-25,INTELLECT,Intellect Design Arena Ltd.,LT,AVOID,Reduce / Avoid,0,633.05,20.435837256210355,,,,250,,,-0.021375585347414017,,0.9563409563409564,AI model laggard flag (short-side top 4%); - RSI(14) rises back above 30,Open,,running: day 9 of 250; so far -3.7% vs average,,,,,,9.0,2026-10-09,584.1,-7.7324066029539456,-4.071926380355459,-3.660480222598487,9,2026-10-09,2026-09-28 06:16:52,2026-10-09 14:54:30
268,2026-09-25,IRCTC,Indian Railway Catering and Tourism Corp. Ltd.,LT,AVOID,Reduce / Avoid,0,458.7,8.252910954401626,,,,250,,,-0.000637742574326694,,0.4261954261954262,"- Supertrend (10,3) turns up; - RSI(14) rises back above 30",Open,,running: day 9 of 250; so far +4.1% vs average,,,,,,9.0,2026-10-09,458.8,0.021800741225197484,-4.071926380355459,4.093727121580656,4,2026-10-01,2026-09-28 06:16:52,2026-10-09 14:54:30
269,2026-09-25,ITCHOTELS,ITC Hotels Ltd.,LT,AVOID,Reduce / Avoid,0,161.9,3.7887300523071836,,,,250,,,-0.010469918139278889,,0.8835758835758836,"AI model laggard flag (short-side top 12%); - Supertrend (10,3) turns up",Open,,running: day 9 of 250; so far -0.5% vs average,,,,,,9.0,2026-10-09,154.52,-4.558369363804815,-4.071926380355459,-0.48644298344935677,9,2026-10-09,2026-09-28 06:16:52,2026-10-09 14:54:30
270,2026-09-25,JAINREC,Jain Resource Recycling Ltd.,LT,AVOID,Reduce / Avoid,0,286.85,11.829814961691024,,,,250,,,-0.000637742574326694,,0.28482328482328484,- Elliott 5-wave decline complete,Open,,running: day 9 of 250; so far +4.7% vs average,,,,,,9.0,2026-10-09,288.7,0.6449363778978423,-4.071926380355459,4.716862758253301,6,2026-10-06,2026-09-28 06:16:52,2026-10-09 14:54:30
271,2026-09-25,JIOFIN,Jio Financial Services Ltd.,LT,AVOID,Reduce / Avoid,0,227.0,4.097375282907033,,,,250,,,-0.000637742574326694,,0.49272349272349275,- RSI(2) above 95 in a downtrend; - RSI(14) rises back above 30,Open,,running: day 9 of 250; so far -1.4% vs average,,,,,,9.0,2026-10-09,214.62,-5.453744493392065,-4.071926380355459,-1.3818181130366072,7,2026-10-07,2026-09-28 06:16:52,2026-10-09 14:54:30
272,2026-09-25,JKCEMENT,J.K. Cement Ltd.,LT,AVOID,Reduce / Avoid,0,5000.0,151.4514419062379,,,,250,,,-0.0038028121925890446,,0.5218295218295218,"- Supertrend (10,3) turns up; - RSI(14) rises back above 30",Open,,running: day 9 of 250; so far +1.6% vs average,,,,,,9.0,2026-10-09,4874.0,-2.52,-4.071926380355459,1.5519263803554582,8,2026-10-08,2026-09-28 06:16:52,2026-10-09 14:54:30
273,2026-09-25,JMFINANCIL,JM Financial Ltd.,LT,AVOID,Reduce / Avoid,0,127.68,3.3972913916523915,,,,250,,,-0.010469918139278889,,0.9126819126819127,AI model laggard flag (short-side top 9%),Open,,running: day 9 of 250; so far -3.7% vs average,,,,,,9.0,2026-10-09,117.82,-7.722431077694248,-4.071926380355459,-3.650504697338789,7,2026-10-08,2026-09-28 06:16:52,2026-10-09 14:54:30
274,2026-09-25,JUBLFOOD,Jubilant Foodworks Ltd.,LT,AVOID,Reduce / Avoid,0,484.55,13.175973741538204,,,,250,,,-0.010469918139278889,,0.9147609147609148,AI model laggard flag (short-side top 9%),Open,,running: day 9 of 250; so far -8.7% vs average,,,,,,9.0,2026-10-09,422.75,-12.754101743886082,-4.071926380355459,-8.682175363530623,4,2026-10-07,2026-09-28 06:16:52,2026-10-09 14:54:30
276,2026-09-25,KPITTECH,KPIT Technologies Ltd.,LT,AVOID,Reduce / Avoid,0,519.4,14.965950962729076,,,,250,,,-0.010469918139278889,,0.8711018711018711,AI model laggard flag (short-side top 13%); - RSI(14) rises back above 30,Open,,running: day 9 of 250; so far -3.7% vs average,,,,,,9.0,2026-10-09,479.0,-7.778205621871381,-4.071926380355459,-3.706279241515923,4,2026-10-01,2026-09-28 06:16:52,2026-10-09 14:54:30
277,2026-09-25,LATENTVIEW,Latent View Analytics Ltd.,LT,AVOID,Reduce / Avoid,0,243.75,7.220973894969039,,,,250,,,-0.010469918139278889,,0.8877338877338877,AI model laggard flag (short-side top 11%); - RSI(14) rises back above 30,Open,,running: day 9 of 250; so far -0.7% vs average,,,,,,9.0,2026-10-09,232.01,-4.816410256410264,-4.071926380355459,-0.7444838760548057,4,2026-10-01,2026-09-28 06:16:52,2026-10-09 14:54:30
278,2026-09-25,LAURUSLABS,Laurus Labs Ltd.,LT,AVOID,Reduce / Avoid,0,2007.0,49.538285918798735,,,,250,,,-0.010469918139278889,,0.9230769230769231,AI model laggard flag (short-side top 8%),Open,,running: day 9 of 250; so far +5.5% vs average,,,,,,9.0,2026-10-09,2036.6,1.4748380667663152,-4.071926380355459,5.546764447121774,9,2026-10-09,2026-09-28 06:16:52,2026-10-09 14:54:30
279,2026-09-25,LEMONTREE,Lemon Tree Hotels Ltd.,LT,AVOID,Reduce / Avoid,0,106.15,2.2026336607825594,,,,250,,,-0.010469918139278889,,0.9334719334719335,AI model laggard flag (short-side top 7%),Open,,running: day 9 of 250; so far +8.1% vs average,,,,,,9.0,2026-10-09,110.43,4.032030146019783,-4.071926380355459,8.103956526375242,9,2026-10-09,2026-09-28 06:16:52,2026-10-09 14:54:30
281,2026-09-25,LINDEINDIA,Linde India Ltd.,LT,AVOID,Reduce / Avoid,0,6142.5,143.07103884196354,,,,250,,,-0.010469918139278889,,0.8523908523908524,AI model laggard flag (short-side top 15%); - RSI(14) rises back above 30,Open,,running: day 9 of 250; so far +1.7% vs average,,,,,,9.0,2026-10-09,5996.0,-2.385022385022384,-4.071926380355459,1.6869039953330742,2,2026-09-30,2026-09-28 06:16:52,2026-10-09 14:54:30
283,2026-09-25,LTM,LTM Ltd. (formerly LTIMindtree),LT,AVOID,Reduce / Avoid,0,4083.0,131.77950206781435,,,,250,,,-0.021375585347414017,,0.9688149688149689,AI model laggard flag (short-side top 3%),Open,,running: day 9 of 250; so far +3.8% vs average,,,,,,9.0,2026-10-09,4070.0,-0.3183933382316928,-4.071926380355459,3.7535330421237654,9,2026-10-09,2026-09-28 06:16:52,2026-10-09 14:54:30
284,2026-09-25,LTTS,L&T Technology Services Ltd.,LT,AVOID,Reduce / Avoid,0,3206.1,79.26417195097805,,,,250,,,-0.021375585347414017,,0.975051975051975,AI model laggard flag (short-side top 2%),Open,,running: day 9 of 250; so far +6.1% vs average,,,,,,9.0,2026-10-09,3270.1,1.9961947537506575,-4.071926380355459,6.068121134106116,9,2026-10-09,2026-09-28 06:16:52,2026-10-09 14:54:30
285,2026-09-25,MANKIND,Mankind Pharma Ltd.,LT,AVOID,Reduce / Avoid,0,2474.9,56.53297096657853,,,,250,,,-0.009146535769104958,,0.8128898128898129,"- Supertrend (10,3) turns up",Open,,running: day 9 of 250; so far -0.2% vs average,,,,,,9.0,2026-10-09,2368.5,-4.2991636025698,-4.071926380355459,-0.22723722221434164,6,2026-10-09,2026-09-28 06:16:52,2026-10-09 14:54:30
286,2026-09-25,MAXHEALTH,Max Healthcare Institute Ltd.,LT,AVOID,Reduce / Avoid,0,1014.0,24.79467089700282,,,,250,,,-0.000637742574326694,,0.29521829521829523,"- Supertrend (10,3) turns up",Open,,running: day 9 of 250; so far -8.8% vs average,,,,,,9.0,2026-10-09,883.8,-12.840236686390538,-4.071926380355459,-8.76831030603508,5,2026-10-05,2026-09-28 06:16:52,2026-10-09 14:54:30
287,2026-09-25,MFSL,Max Financial Services Ltd.,LT,AVOID,Reduce / Avoid,0,1458.0,54.08186182901904,,,,250,,,-0.01975449174642563,,0.018711018711018712,"- Supertrend (10,3) turns up",Open,,running: day 9 of 250; so far -6.1% vs average,,,,,,9.0,2026-10-09,1309.7,-10.171467764060349,-4.071926380355459,-6.09954138370489,5,2026-10-05,2026-09-28 06:16:52,2026-10-09 14:54:30
288,2026-09-25,MPHASIS,MphasiS Ltd.,LT,AVOID,Reduce / Avoid,0,2234.0,62.68940703082495,,,,250,,,-0.021375585347414017,,0.9792099792099792,AI model laggard flag (short-side top 2%),Open,,running: day 9 of 250; so far +9.7% vs average,,,,,,9.0,2026-10-09,2360.0,5.640107430617736,-4.071926380355459,9.712033810973194,9,2026-10-09,2026-09-28 06:16:52,2026-10-09 14:54:30
289,2026-09-25,NATCOPHARM,NATCO Pharma Ltd.,LT,AVOID,Reduce / Avoid,0,839.3,20.390359261954195,,,,250,,,-0.009146535769104958,,0.7796257796257796,- RSI(2) above 95 in a downtrend; - RSI(14) rises back above 30,Open,,running: day 9 of 250; so far -1.9% vs average,,,,,,9.0,2026-10-09,789.4,-5.945430716072919,-4.071926380355459,-1.873504335717461,9,2026-10-09,2026-09-28 06:16:52,2026-10-09 14:54:30
290,2026-09-25,NAUKRI,Info Edge (India) Ltd.,LT,AVOID,Reduce / Avoid,0,1254.8,40.987587428569064,,,,250,,,-0.021375585347414017,,0.9667359667359667,AI model laggard flag (short-side top 3%); - Elliott 5-wave decline complete,Open,,running: day 9 of 250; so far +1.2% vs average,,,,,,9.0,2026-10-09,1219.0,-2.8530443098501723,-4.071926380355459,1.2188820705052859,5,2026-10-05,2026-09-28 06:16:52,2026-10-09 14:54:30
291,2026-09-25,NEWGEN,Newgen Software Technologies Ltd.,LT,AVOID,Reduce / Avoid,0,485.3,16.701204239648135,,,,250,,,-0.021375585347414017,,0.9625779625779626,AI model laggard flag (short-side top 4%),Open,,running: day 9 of 250; so far -3.3% vs average,,,,,,9.0,2026-10-09,449.3,-7.418091901916335,-4.071926380355459,-3.3461655215608768,4,2026-10-01,2026-09-28 06:16:52,2026-10-09 14:54:30
292,2026-09-25,NTPCGREEN,NTPC Green Energy Ltd.,LT,AVOID,Reduce / Avoid,0,93.47,1.9485131822610828,,,,250,,,-0.0038028121925890446,,0.5135135135135135,"- RSI(2) above 95 in a downtrend; - Supertrend (10,3) turns up",Open,,running: day 9 of 250; so far +3.1% vs average,,,,,,9.0,2026-10-09,92.6,-0.9307799293891139,-4.071926380355459,3.1411464509663443,5,2026-10-05,2026-09-28 06:16:52,2026-10-09 14:54:30
293,2026-09-25,OBEROIRLTY,Oberoi Realty Ltd.,LT,AVOID,Reduce / Avoid,0,1858.5,51.27657472604319,,,,250,,,-0.0038028121925890446,,0.6798336798336798,"- Supertrend (10,3) turns up; - RSI(14) rises back above 30",Open,,running: day 9 of 250; so far -4.5% vs average,,,,,,9.0,2026-10-09,1698.8,-8.59295130481571,-4.071926380355459,-4.521024924460252,6,2026-10-06,2026-09-28 06:16:52,2026-10-09 14:54:30
294,2026-09-25,OFSS,Oracle Financial Services Software Ltd.,LT,AVOID,Reduce / Avoid,0,10770.0,388.54952406646373,,,,250,,,-0.010469918139278889,,0.9106029106029107,AI model laggard flag (short-side top 9%),Open,,running: day 9 of 250; so far +1.7% vs average,,,,,,9.0,2026-10-09,10510.0,-2.414113277623031,-4.071926380355459,1.657813102732427,9,2026-10-09,2026-09-28 06:16:52,2026-10-09 14:54:30
295,2026-09-25,ONESOURCE,OneSource Specialty Pharma Ltd.,LT,AVOID,Reduce / Avoid,0,1602.6,52.98134734621313,,,,250,,,-0.010469918139278889,,0.9293139293139293,AI model laggard flag (short-side top 7%),Open,,running: day 9 of 250; so far -4.7% vs average,,,,,,9.0,2026-10-09,1461.3,-8.816922500935975,-4.071926380355459,-4.744996120580517,9,2026-10-09,2026-09-28 06:16:52,2026-10-09 14:54:30
296,2026-09-25,ONGC,Oil & Natural Gas Corporation Ltd.,LT,AVOID,Reduce / Avoid,0,235.86,4.041329024495564,,,,250,,,-0.01975449174642563,,0.1891891891891892,- RSI(2) above 95 in a downtrend,Open,,running: day 9 of 250; so far -2.1% vs average,,,,,,9.0,2026-10-09,221.27,-6.1858729754939334,-4.071926380355459,-2.1139465951384753,8,2026-10-08,2026-09-28 06:16:52,2026-10-09 14:54:30
297,2026-09-25,PAGEIND,Page Industries Ltd.,LT,AVOID,Reduce / Avoid,0,37695.0,867.589365704754,,,,250,,,-0.0038028121925890446,,0.6174636174636174,"- Supertrend (10,3) turns up",Open,,running: day 9 of 250; so far +1.9% vs average,,,,,,9.0,2026-10-09,36875.0,-2.1753548215943774,-4.071926380355459,1.8965715587610807,5,2026-10-06,2026-09-28 06:16:52,2026-10-09 14:54:30
298,2026-09-25,PATANJALI,Patanjali Foods Ltd.,LT,AVOID,Reduce / Avoid,0,403.95,10.637996882211528,,,,250,,,-0.009146535769104958,,0.8004158004158004,"- RSI(2) above 95 in a downtrend; - Supertrend (10,3) turns up",Open,,running: day 9 of 250; so far -6.7% vs average,,,,,,9.0,2026-10-09,360.45,-10.768659487560338,-4.071926380355459,-6.696733107204881,1,2026-09-28,2026-09-28 06:16:52,2026-10-09 14:54:30
299,2026-09-25,PERSISTENT,Persistent Systems Ltd.,LT,AVOID,Reduce / Avoid,0,5372.0,151.3225956811762,,,,250,,,-0.021375585347414017,,1.0,AI model laggard flag (short-side top 1%),Open,,running: day 9 of 250; so far +11.5% vs average,,,,,,9.0,2026-10-09,5770.0,7.408786299329861,-4.071926380355459,11.48071267968532,8,2026-10-09,2026-09-28 06:16:52,2026-10-09 14:54:30
300,2026-09-25,PGEL,PG Electroplast Ltd.,LT,AVOID,Reduce / Avoid,0,518.5,14.872834685263891,,,,250,,,-0.010469918139278889,,0.9168399168399168,AI model laggard flag (short-side top 8%); - RSI(14) rises back above 30,Open,,running: day 9 of 250; so far +2.8% vs average,,,,,,9.0,2026-10-09,511.8,-1.292189006750244,-4.071926380355459,2.7797373736052142,9,2026-10-09,2026-09-28 06:16:52,2026-10-09 14:54:30
301,2026-09-25,PHOENIXLTD,Phoenix Mills Ltd.,LT,AVOID,Reduce / Avoid,0,1978.4,51.95181859633409,,,,250,,,-0.009146535769104958,,0.7484407484407485,"- Supertrend (10,3) turns up",Open,,running: day 9 of 250; so far -4.3% vs average,,,,,,9.0,2026-10-09,1813.1,-8.355236554791755,-4.071926380355459,-4.283310174436298,7,2026-10-07,2026-09-28 06:16:52,2026-10-09 14:54:30
302,2026-09-25,POONAWALLA,Poonawalla Fincorp Ltd.,LT,AVOID,Reduce / Avoid,0,461.55,14.976714346574013,,,,250,,,-0.01975449174642563,,0.09355509355509356,"- Supertrend (10,3) turns up; - RSI(14) rises back above 30",Open,,running: day 9 of 250; so far +1.0% vs average,,,,,,9.0,2026-10-09,447.3,-3.087422814429641,-4.071926380355459,0.9845035659258171,0,2026-09-25,2026-09-28 06:16:52,2026-10-09 14:54:30
303,2026-09-25,PWL,PhysicsWallah Ltd.,LT,AVOID,Reduce / Avoid,0,134.36,5.572792401702114,,,,250,,,-0.009146535769104958,,0.762993762993763,"- Supertrend (10,3) turns up",Open,,running: day 9 of 250; so far +11.0% vs average,,,,,,9.0,2026-10-09,143.69,6.944030961595704,-4.071926380355459,11.015957341951163,0,2026-09-25,2026-09-28 06:16:52,2026-10-09 14:54:30
304,2026-09-25,RHIM,RHI Magnesita India Ltd.,LT,AVOID,Reduce / Avoid,0,386.45,11.342614259420978,,,,250,,,-0.010469918139278889,,0.8814968814968815,AI model laggard flag (short-side top 12%); - RSI(2) above 95 in a downtrend,Open,,running: day 9 of 250; so far -0.4% vs average,,,,,,9.0,2026-10-09,369.1,-4.489584681071279,-4.071926380355459,-0.4176583007158209,9,2026-10-09,2026-09-28 06:16:52,2026-10-09 14:54:30
306,2026-09-25,RVNL,Rail Vikas Nigam Ltd.,LT,AVOID,Reduce / Avoid,0,207.0,5.4278636818672625,,,,250,,,-0.000637742574326694,,0.3201663201663202,"- Elliott 5-wave decline complete; - Supertrend (10,3) turns up",Open,,running: day 9 of 250; so far -3.8% vs average,,,,,,9.0,2026-10-09,190.65,-7.898550724637676,-4.071926380355459,-3.826624344282218,4,2026-10-01,2026-09-28 06:16:52,2026-10-09 14:54:30
307,2026-09-25,SAGILITY,Sagility India Ltd.,LT,AVOID,Reduce / Avoid,0,44.69,1.1662293984497984,,,,250,,,-0.021375585347414017,,0.9875259875259875,AI model laggard flag (short-side top 1%),Open,,running: day 9 of 250; so far +2.5% vs average,,,,,,9.0,2026-10-09,44.0,-1.5439695681360388,-4.071926380355459,2.5279568122194194,9,2026-10-09,2026-09-28 06:16:52,2026-10-09 14:54:30
309,2026-09-25,SCHAEFFLER,Schaeffler India Ltd.,LT,AVOID,Reduce / Avoid,0,4007.7,100.25038150421688,,,,250,,,-0.010469918139278889,,0.8627858627858628,"AI model laggard flag (short-side top 14%); - Supertrend (10,3) turns up",Open,,running: day 9 of 250; so far -4.4% vs average,,,,,,9.0,2026-10-09,3667.6,-8.486164134041962,-4.071926380355459,-4.414237753686504,9,2026-10-09,2026-09-28 06:16:52,2026-10-09 14:54:30
308,2026-09-25,SIGNATURE,Signatureglobal (India) Ltd.,LT,AVOID,Reduce / Avoid,0,788.85,25.721392463656375,,,,250,,,-0.010469918139278889,,0.9272349272349273,AI model laggard flag (short-side top 7%); - RSI(2) above 95 in a downtrend,Open,,running: day 9 of 250; so far -5.9% vs average,,,,,,9.0,2026-10-09,710.05,-9.989224820941889,-4.071926380355459,-5.91729844058643,7,2026-10-07,2026-09-28 06:16:52,2026-10-09 14:54:30
312,2026-09-25,SOBHA,Sobha Ltd.,LT,AVOID,Reduce / Avoid,0,1226.6,33.76971703990522,,,,250,,,-0.010469918139278889,,0.9313929313929314,AI model laggard flag (short-side top 7%); - RSI(2) above 95 in a downtrend; - RSI(14) rises back above 30,Open,,running: day 9 of 250; so far -1.2% vs average,,,,,,9.0,2026-10-09,1161.7,-5.291048426544909,-4.071926380355459,-1.2191220461894505,8,2026-10-09,2026-09-28 06:16:52,2026-10-09 14:54:30
310,2026-09-25,SONATSOFTW,Sonata Software Ltd.,LT,AVOID,Reduce / Avoid,0,279.9,11.188462927827938,,,,250,,,-0.010469918139278889,,0.8856548856548857,AI model laggard flag (short-side top 11%); - RSI(14) rises back above 30,Open,,running: day 9 of 250; so far -10.5% vs average,,,,,,9.0,2026-10-09,239.15,-14.558770989639147,-4.071926380355459,-10.486844609283688,1,2026-09-28,2026-09-28 06:16:52,2026-10-09 14:54:30
311,2026-09-25,SRF,SRF Ltd.,LT,AVOID,Reduce / Avoid,0,2540.0,46.44548619191712,,,,250,,,-0.010469918139278889,,0.8648648648648649,AI model laggard flag (short-side top 14%); - RSI(14) rises back above 30,Open,,running: day 9 of 250; so far +3.3% vs average,,,,,,9.0,2026-10-09,2519.5,-0.8070866141732247,-4.071926380355459,3.2648397661822335,7,2026-10-09,2026-09-28 06:16:52,2026-10-09 14:54:30
314,2026-09-25,SUNTV,Sun TV Network Ltd.,LT,AVOID,Reduce / Avoid,0,513.2,17.186204899887876,,,,250,,,-0.009146535769104958,,0.8316008316008316,"- RSI(2) above 95 in a downtrend; - Supertrend (10,3) turns up",Open,,running: day 9 of 250; so far +28.0% vs average,,,,,,9.0,2026-10-09,635.9,23.908807482462958,-4.071926380355459,27.980733862818415,8,2026-10-08,2026-09-28 06:16:52,2026-10-09 14:54:30
315,2026-09-25,SUPREMEIND,Supreme Industries Ltd.,LT,AVOID,Reduce / Avoid,0,3550.0,94.57170989059331,,,,250,,,-0.009146535769104958,,0.7442827442827443,"- Supertrend (10,3) turns up",Open,,running: day 9 of 250; so far +2.0% vs average,,,,,,9.0,2026-10-09,3474.8,-2.118309859154921,-4.071926380355459,1.9536165212005372,4,2026-10-01,2026-09-28 06:16:52,2026-10-09 14:54:30
316,2026-09-25,TARIL,Transformers and Rectifiers (India) Ltd.,LT,AVOID,Reduce / Avoid,0,277.65,8.748317880658307,,,,250,,,-0.010469918139278889,,0.8690228690228691,AI model laggard flag (short-side top 13%); - RSI(14) rises back above 30,Open,,running: day 9 of 250; so far +8.8% vs average,,,,,,9.0,2026-10-09,290.65,4.682153790743748,-4.071926380355459,8.754080171099208,2,2026-09-30,2026-09-28 06:16:52,2026-10-09 14:54:30
317,2026-09-25,TATACHEM,Tata Chemicals Ltd.,LT,AVOID,Reduce / Avoid,0,643.75,32.643741819482806,,,,250,,,-0.01975449174642563,,0.014553014553014554,"- Supertrend (10,3) turns up",Open,,running: day 9 of 250; so far -4.3% vs average,,,,,,9.0,2026-10-09,589.75,-8.38834951456311,-4.071926380355459,-4.316423134207651,1,2026-09-28,2026-09-28 06:16:52,2026-10-09 14:54:30
318,2026-09-25,TATAELXSI,Tata Elxsi Ltd.,LT,AVOID,Reduce / Avoid,0,3186.9,81.78907763209345,,,,250,,,-0.010469918139278889,,0.8607068607068608,AI model laggard flag (short-side top 14%); - RSI(14) rises back above 30,Open,,running: day 9 of 250; so far +2.3% vs average,,,,,,9.0,2026-10-09,3130.0,-1.785434120932572,-4.071926380355459,2.2864922594228863,7,2026-10-08,2026-09-28 06:16:52,2026-10-09 14:54:30
319,2026-09-25,TATAINVEST,Tata Investment Corporation Ltd.,LT,AVOID,Reduce / Avoid,0,651.6,24.539000827732895,,,,250,,,-0.000637742574326694,,0.2598752598752599,"- Supertrend (10,3) turns up",Open,,running: day 9 of 250; so far -4.0% vs average,,,,,,9.0,2026-10-09,599.25,-8.034069981583801,-4.071926380355459,-3.962143601228344,1,2026-09-28,2026-09-28 06:16:52,2026-10-09 14:54:30
320,2026-09-25,TCS,Tata Consultancy Services Ltd.,LT,AVOID,Reduce / Avoid,0,2082.0,60.12747485962442,,,,250,,,-0.021375585347414017,,0.997920997920998,AI model laggard flag (short-side top 1%),Open,,running: day 9 of 250; so far +7.6% vs average,,,,,,9.0,2026-10-09,2156.0,3.5542747358309423,-4.071926380355459,7.626201116186401,9,2026-10-09,2026-09-28 06:16:52,2026-10-09 14:54:30
321,2026-09-25,TECHM,Tech Mahindra Ltd.,LT,AVOID,Reduce / Avoid,0,1548.0,37.655172196569815,,,,250,,,-0.021375585347414017,,0.9854469854469855,AI model laggard flag (short-side top 1%),Open,,running: day 9 of 250; so far +1.9% vs average,,,,,,9.0,2026-10-09,1514.1,-2.1899224806201656,-4.071926380355459,1.8820038997352926,9,2026-10-09,2026-09-28 06:16:52,2026-10-09 14:54:30
322,2026-09-25,TECHNOE,Techno Electric & Engineering Company Ltd.,LT,AVOID,Reduce / Avoid,0,1006.2,32.203448685314825,,,,250,,,-0.010469918139278889,,0.9459459459459459,AI model laggard flag (short-side top 5%),Open,,running: day 9 of 250; so far -1.0% vs average,,,,,,9.0,2026-10-09,954.9,-5.098389982110918,-4.071926380355459,-1.0264636017554598,6,2026-10-07,2026-09-28 06:16:52,2026-10-09 14:54:30
324,2026-09-25,USHAMART,Usha Martin Ltd.,LT,AVOID,Reduce / Avoid,0,518.8,16.15674614838964,,,,250,,,-0.01975449174642563,,0.1600831600831601,"- Supertrend (10,3) turns up",Open,,running: day 9 of 250; so far +0.8% vs average,,,,,,9.0,2026-10-09,502.05,-3.228604471858121,-4.071926380355459,0.8433219084973375,0,2026-09-25,2026-09-28 06:16:52,2026-10-09 14:54:30
326,2026-09-25,UTIAMC,UTI Asset Management Company Ltd.,LT,AVOID,Reduce / Avoid,0,901.85,17.965594596462903,,,,250,,,-0.010469918139278889,,0.8794178794178794,AI model laggard flag (short-side top 12%),Open,,running: day 9 of 250; so far +1.4% vs average,,,,,,9.0,2026-10-09,877.7,-2.677828907246216,-4.071926380355459,1.3940974731092424,0,2026-09-25,2026-09-28 06:16:52,2026-10-09 14:54:30
327,2026-09-25,VBL,Varun Beverages Ltd.,LT,AVOID,Reduce / Avoid,0,434.8,9.817275240823289,,,,250,,,-0.009146535769104958,,0.8461538461538461,- Elliott 5-wave decline complete; - RSI(2) above 95 in a downtrend,Open,,running: day 9 of 250; so far +5.5% vs average,,,,,,9.0,2026-10-09,441.0,1.4259429622815123,-4.071926380355459,5.497869342636971,9,2026-10-09,2026-09-28 06:16:52,2026-10-09 14:54:30
325,2026-09-25,VMM,Vishal Mega Mart Ltd.,LT,AVOID,Reduce / Avoid,0,103.5,2.843471067084909,,,,250,,,-0.010469918139278889,,0.9251559251559252,AI model laggard flag (short-side top 7%),Open,,running: day 9 of 250; so far -1.7% vs average,,,,,,9.0,2026-10-09,97.5,-5.797101449275366,-4.071926380355459,-1.7251750689199077,7,2026-10-09,2026-09-28 06:16:52,2026-10-09 14:54:30
329,2026-09-25,WHIRLPOOL,Whirlpool of India Ltd.,LT,AVOID,Reduce / Avoid,0,918.9,39.96577816189092,,,,250,,,-0.0038028121925890446,,0.501039501039501,"- Elliott 5-wave decline complete; - Supertrend (10,3) turns up",Open,,running: day 9 of 250; so far -7.0% vs average,,,,,,9.0,2026-10-09,816.75,-11.116552399608226,-4.071926380355459,-7.044626019252767,9,2026-10-09,2026-09-28 06:16:52,2026-10-09 14:54:30
330,2026-09-25,WIPRO,Wipro Ltd.,LT,AVOID,Reduce / Avoid,0,164.02,3.431077937190888,,,,250,,,-0.021375585347414017,,0.9833679833679834,AI model laggard flag (short-side top 2%),Open,,running: day 9 of 250; so far +3.2% vs average,,,,,,9.0,2026-10-09,162.57,-0.8840385318863664,-4.071926380355459,3.187887848469092,9,2026-10-09,2026-09-28 06:16:52,2026-10-09 14:54:30
331,2026-09-25,YESBANK,Yes Bank Ltd.,LT,AVOID,Reduce / Avoid,0,22.5,0.5070097181708858,,,,250,,,-0.01975449174642563,,0.1496881496881497,"- Supertrend (10,3) turns up",Open,,running: day 9 of 250; so far -4.8% vs average,,,,,,9.0,2026-10-09,20.5,-8.888888888888891,-4.071926380355459,-4.816962508533432,0,2026-09-25,2026-09-28 06:16:52,2026-10-09 14:54:30
332,2026-09-25,ZENSARTECH,Zensar Technolgies Ltd.,LT,AVOID,Reduce / Avoid,0,434.9,15.51021307801515,,,,250,,,-0.010469918139278889,,0.918918918918919,AI model laggard flag (short-side top 8%); - RSI(14) rises back above 30,Open,,running: day 9 of 250; so far +7.2% vs average,,,,,,9.0,2026-10-09,448.55,3.1386525638077867,-4.071926380355459,7.210578944163245,9,2026-10-09,2026-09-28 06:16:52,2026-10-09 14:54:30
