source,family,pattern,dir,n,stocks,since_2024,first,last,x10,x20,x60,ST_hit,ST_base,ST_net,MT_hit,MT_base,MT_net,LT_hit,LT_base,LT_net,ST_xnet_mean,ST_xnet_t,ST_xnet_n,MT_xnet_mean,MT_xnet_t,MT_xnet_n,LT_xnet_mean,LT_xnet_t,LT_xnet_n,x20_mean,x20_t,x20_n,ST_xnet_1721,ST_xnet_2226,ST_xnet_riskon,ST_xnet_riskoff,ST_verdict,MT_xnet_1721,MT_xnet_2226,MT_xnet_riskon,MT_xnet_riskoff,MT_verdict,LT_xnet_1721,LT_xnet_2226,LT_xnet_riskon,LT_xnet_riskoff,LT_verdict,pattern_target_hit,pattern_target_n,level,scale
Chart pattern,Ascending broadening wedge,Ascending broadening wedge - down breakout,-1,1724,434,685,2017-04-07,2026-09-25,-0.21002478809547742,-0.21008535947938406,-0.36617552310351775,11.150442477876107,11.811437,-0.79576606,10.430563978168587,13.075235,-3.6236835,12.125340599455042,14.374397,-7.4646,-0.10256420574357024,-0.7700233595012556,1695.0,-0.5348448189480367,-2.098658354872425,1649.0,-0.7027218686137602,-1.360593067228275,1468,-0.21008535947938406,-0.9457747182939644,1709,-0.05539292,-0.13103655,-0.009446791,0.18187849,No reliable edge,0.12272784,-0.9551423,-0.66123986,0.27107736,No reliable edge,0.2583942,-1.4538854,-0.3873519,0.19216615,No reliable edge,38.9618138424821,1676.0,pattern,
Chart pattern,Ascending broadening wedge,Ascending broadening wedge - up breakout,1,747,345,272,2017-04-05,2026-09-25,0.22670632873065072,0.36363243829504016,1.9822601043716979,23.651452282157674,18.931568,-0.026662927,34.583333333333336,32.018707,2.458083,48.18181818181818,46.394985,9.176923,-0.08515230550805562,-0.3661418421118813,723.0,-0.08049821853637695,-0.14506870434779628,720.0,0.8194945364287405,0.8976220315288426,660,0.36363243829504016,0.7941470275980126,744,-0.7224883,0.30837065,-0.12746906,-0.20633976,No reliable edge,-0.26099247,0.038444974,0.053578738,-0.41243705,No reliable edge,0.2144089,1.2850698,0.58242714,4.567498,No reliable edge,67.1251719394773,727.0,pattern,
Chart pattern,Ascending triangle,Ascending triangle - down breakout,-1,4085,466,1770,2017-04-06,2026-09-25,0.0502044981013755,0.00843525406601002,-0.08052552470852122,11.050137191319532,11.947144,-0.7155851,13.94811199589006,14.270431,-2.7682223,14.830011723329426,16.120245,-6.09698,-0.03328711494717939,-0.3970056607225385,4009.0,-0.062130688702328296,-0.3416984135151638,3893.0,-0.3335975924242563,-1.0343948237404899,3412,0.00843525406601002,0.05525462778763005,4035,-0.13083242,0.023675336,-0.0073105306,-0.16163962,No reliable edge,-0.24289192,0.049586654,-0.15222874,0.05600747,No reliable edge,-0.4544758,-0.23977701,-0.12854557,0.027099483,No reliable edge,21.241830065359476,3978.0,pattern,
Chart pattern,Ascending triangle,Ascending triangle - up breakout,1,2687,451,1023,2017-04-05,2026-09-23,0.19000306937584513,0.15295176753472187,0.005217693219690219,20.39274924471299,18.192648,-0.17937602,31.995412844036696,30.615234,1.9663875,44.78316874194934,44.45898,7.1099753,-0.14873350206818825,-1.2058339958138533,2648.0,-0.12491843313981268,-0.4667644777111972,2616.0,-0.5883144380300022,-1.205017864400583,2329,0.15295176753472187,0.6656736191111736,2679,0.09358016,-0.30176586,-0.16858985,0.05191512,No reliable edge,0.03238684,-0.22756933,-0.10475024,-0.29567945,No reliable edge,0.14286777,-1.1721311,-0.6172486,-0.03756042,No reliable edge,37.5,2648.0,pattern,
Chart pattern,Broadening formation,Broadening formation - down breakout,-1,61,55,30,2017-05-24,2026-09-08,-1.3441705839616842,-0.15998676108817259,3.2526185222226998,10.0,10.794127,-1.5847849,15.517241379310345,15.655458,-1.9611598,8.695652173913043,15.128662,-6.544091,-0.27161369323730467,-0.34294904956162386,60.0,1.3490926808324353,0.9963715212853939,58.0,0.8640587018883746,0.2713448380173429,46,-0.15998676108817259,-0.12350984228371004,60,-0.44122353,-0.19301397,1.1132157,-2.0847528,No reliable edge,1.62911,1.2126739,0.049768187,0.70631063,Too few events,1.8830727,0.14697464,0.66348624,-1.7175596,Too few events,50.847457627118644,59.0,pattern,
Chart pattern,Broadening formation,Broadening formation - up breakout,1,89,86,44,2017-04-25,2026-09-25,0.30756686941127886,1.4426920139654116,2.367892655833014,19.54022988505747,18.662056,0.06416773,35.63218390804598,30.010166,3.0626788,44.73684210526316,42.51767,7.9861073,0.08030656288410055,0.11784469329401569,87.0,0.9990671969008171,0.6575615929058523,87.0,1.1105588611803556,0.39164735789452815,76,1.4426920139654116,1.2344888555316433,88,0.9425364,-0.47282204,0.8273415,-4.08131,No reliable edge,1.8687147,0.4137275,0.58648586,-9.158816,No reliable edge,-2.2246313,3.9576726,0.09515261,18.327337,No reliable edge,70.93023255813954,86.0,pattern,
Chart pattern,Channel down,Channel down - down breakout,-1,689,337,332,2017-04-18,2026-09-24,-0.44341068831956215,-0.8568887118685483,-1.1445206749892558,10.928143712574851,11.750976,-1.3994514,13.657056145675265,13.582854,-4.143341,10.964083175803403,12.97382,-8.185006,-0.21823876203891046,-1.0725040885778063,668.0,-0.5016887936859825,-1.2082762311057784,659.0,-0.8887206800493266,-0.9744331902556925,529,-0.8568887118685483,-2.0458386350816773,676,-0.61501807,-0.027327204,-0.2644014,-0.59126204,No reliable edge,-1.9669753,0.25284958,-0.5861301,-0.5065418,No reliable edge,-1.1560899,-0.68929696,-3.4177184,-0.4319335,No reliable edge,46.766917293233085,665.0,pattern,
Chart pattern,Channel down,Channel down - up breakout,1,1701,438,801,2017-04-05,2026-09-25,0.041113171490596456,0.20585002195907803,-0.32670979421075735,20.227408737283064,17.550322,0.4817965,28.35272504592774,28.979063,2.5746965,40.10455563853622,40.766647,6.5369453,0.17919945616981786,1.257738501055197,1671.0,-0.1434545476087674,-0.4184092769960824,1633.0,-0.8498084799757282,-1.130624289110036,1339,0.20585002195907803,0.8378994769253163,1681,0.25729826,0.14139853,-0.005650975,0.4041517,No reliable edge,-0.08949354,-0.17085856,-0.17265232,0.046867613,No reliable edge,-1.1957862,-0.6086327,-0.36439222,0.80922854,No reliable edge,61.631419939577036,1655.0,pattern,
Chart pattern,Channel up,Channel up - down breakout,-1,2076,453,803,2017-04-05,2026-09-24,0.08306373742600033,0.09970123009920559,-0.5505042222563307,12.128712871287128,12.236614,-0.59891796,14.300202839756594,14.326434,-2.7830114,15.048268029528678,15.521918,-6.284812,0.011523805750478613,0.09922843882392535,2020.0,-0.06296341220940828,-0.2632864336578792,1972.0,-0.054310341032982414,-0.11494894502610745,1761,0.09970123009920559,0.4537717639327377,2040,0.12152807,-0.05302701,-0.07414629,0.24384157,No reliable edge,-0.5115713,0.21415041,-0.4904065,1.0974449,No reliable edge,-0.6098363,0.36551884,-0.37854907,1.865217,No reliable edge,48.0635551142006,2014.0,pattern,
Chart pattern,Channel up,Channel up - up breakout,1,1088,386,359,2017-04-06,2026-09-21,-0.15132093038031572,-0.5466188033495639,-0.002096234394256747,19.11487758945386,18.520113,-0.4180175,31.125827814569533,31.61586,1.5199019,47.23670490093848,46.572895,8.255318,-0.3715538412837659,-1.8638679871346726,1062.0,-0.747034164905097,-1.8379461213200707,1057.0,-0.03489844170054256,-0.051379781323307755,959,-0.5466188033495639,-1.6299571374050283,1081,-0.453374,-0.32091516,-0.388399,0.043123364,No reliable edge,-1.1831431,-0.46512577,-0.75546616,-0.51592296,No reliable edge,-0.23310064,0.11694707,0.2739477,-0.70545065,No reliable edge,64.03425309229306,1051.0,pattern,
Chart pattern,Cup & handle,Cup & handle,1,13,13,3,2018-01-10,2026-07-16,0.7536095567047596,0.005035030727203076,-1.068195855865876,7.6923076923076925,14.460787,-0.22092825,16.666666666666664,24.657343,-2.1063786,30.0,47.649986,0.5414978,0.6301073661217322,0.4898491845421164,13.0,-1.9086777369181316,-0.9514128016871343,12.0,-8.028933715820312,-1.3340827787018703,10,0.005035030727203076,0.003859977662897109,13,-0.43229127,0.8232708,0.29175723,,Too few events,-6.8293476,-0.9245437,-1.1646922,,Too few events,-18.969269,-5.29385,-6.143568,,Too few events,,13.0,pattern,
Chart pattern,Cup & handle,Inverse cup & handle,-1,9,9,5,2021-07-26,2025-09-25,1.5770023585193687,1.9796796556976106,-2.4019348124663034,11.11111111111111,14.463001,0.94560814,33.33333333333333,24.298567,2.757663,12.5,13.356903,-4.639763,0.8165272076924642,,9.0,2.7363546159532337,,9.0,0.9692837595939636,,8,1.9796796556976106,,9,-4.764909,1.5142068,-0.118504204,1.359494,Too few events,-6.2423205,3.858689,2.4903054,2.586598,Too few events,-13.034083,2.969765,8.879286,-1.6707627,Too few events,,9.0,pattern,
Chart pattern,Cup (no handle),Cup (no handle) breakout,1,564,287,212,2017-04-11,2026-09-24,0.006438921489578518,0.07743332907055878,0.851038019700011,21.415607985480946,18.717875,-0.46595502,33.52272727272727,31.991869,2.3880794,46.868250539956804,45.79652,9.020974,-0.5525474479107588,-1.7839436759542815,551.0,-0.008310823729543976,-0.01239613621696166,528.0,1.0327920275167048,0.7624318336073205,463,0.07743332907055878,0.1425524328190284,557,-0.5287887,-0.5668441,-0.3156125,0.71090764,No reliable edge,-1.4175264,0.92968434,0.7402225,2.3000731,No reliable edge,-2.1028304,3.681206,1.6206887,3.761015,No reliable edge,59.65250965250966,518.0,pattern,
Chart pattern,Cup (no handle),Inverted cup breakdown,-1,249,144,111,2017-08-02,2026-09-22,0.9615995765340571,1.2582725685870437,3.530800334798793,14.285714285714285,15.394057,-0.7117134,15.254237288135593,16.012533,-2.2607362,11.282051282051283,14.01906,-4.220956,-0.4312531928054425,-0.8961268409708829,238.0,0.3751119193384203,0.4280665052548128,236.0,2.0008285131209935,0.9811481955549599,195,1.2582725685870437,1.0014434224524924,241,-0.8808571,-0.19929191,-0.788049,-0.36416543,No reliable edge,-1.392855,1.334205,-0.7405232,1.0170712,No reliable edge,0.76235735,2.9186242,0.001608993,0.2328759,No reliable edge,41.00418410041841,239.0,pattern,
Chart pattern,Darvas box,Darvas box breakdown,-1,4329,462,1701,2017-04-07,2026-09-25,-0.2940640134042197,-0.24150976008334402,-0.33785721060782153,9.761848620608347,12.050341,-1.1811125,10.089307265266715,13.136324,-3.6804292,12.190626645602949,14.349292,-7.4633584,-0.3371730841322064,-3.9816844810778496,4241.0,-0.5754829423311911,-2.798213660828945,4143.0,-1.001875537392213,-3.0106981393411503,3798,-0.24150976008334402,-1.3585432443315988,4269,-0.3364143,-0.3376563,-0.310172,-0.18557367,Works in reverse (fade it),-0.4917313,-0.6318133,-0.7713351,0.7375336,Weak - tends to fail,-0.8754197,-1.101221,-0.87872213,-0.6617127,Works in reverse (fade it),43.67462757152991,4229.0,pattern,
Chart pattern,Darvas box,Darvas box breakout,1,3795,443,1373,2017-04-05,2026-09-23,0.25288962933162284,0.45466592310997894,1.3564797546053808,20.457604306864063,18.660463,-0.3093904,34.28261459180906,32.318924,2.448003,48.77764842840512,46.677074,8.758598,-0.1883672578177574,-1.5615466430293752,3715.0,0.3791085417302346,1.4245675198395367,3687.0,0.9902782862067084,2.245913567414604,3436,0.45466592310997894,2.1749193740957224,3774,-0.3279442,-0.10501715,-0.09942838,-1.3719618,No reliable edge,0.59734255,0.24365954,0.5651938,-2.0214846,No reliable edge,2.052506,0.2474544,0.9933695,-5.516849,Weak edge,65.4157667386609,3704.0,pattern,
Chart pattern,Descending broadening wedge,Descending broadening wedge - down breakout,-1,272,195,120,2017-04-19,2026-09-22,-0.317830680139752,0.5067786234220896,1.1647340414588743,13.513513513513514,14.109739,-0.94987637,12.643678160919542,15.638469,-3.636805,13.004484304932735,13.026269,-8.662569,-0.05863649964792848,-0.15560229444434012,259.0,-0.0452028544926552,-0.059364455206926466,261.0,0.8905394002461112,0.5583652151245485,223,0.5067786234220896,0.8944617281919347,266,0.058466144,-0.12424217,0.61627114,-0.84382415,No reliable edge,-0.00635153,-0.06818202,-0.37741265,-1.2453705,No reliable edge,3.5950437,-1.3082446,2.0316958,-1.7967858,No reliable edge,54.58015267175572,262.0,pattern,
Chart pattern,Descending broadening wedge,Descending broadening wedge - up breakout,1,1136,394,482,2017-04-07,2026-09-25,-0.2678226024547048,-0.37005991567816354,0.013608683659460583,15.446428571428573,16.697845,-0.08495939,25.835591689250226,28.447756,2.1068556,41.70168067226891,40.99181,8.105995,-0.18919354847499303,-1.0040822938475678,1120.0,-0.5789570519810016,-1.4479208626414135,1107.0,-0.10230098051183364,-0.1313005399522928,952,-0.37005991567816354,-1.2872348985241457,1130,-0.5127104,-0.011550137,0.17995356,-0.6835199,No reliable edge,-0.40399346,-0.67717355,-0.2131863,-1.710588,No reliable edge,0.667206,-0.6575148,0.31193236,0.31151322,No reliable edge,57.14285714285714,1092.0,pattern,
Chart pattern,Descending triangle,Descending triangle - down breakout,-1,2390,455,1165,2017-04-18,2026-09-25,0.06049274303207293,0.05822505855045934,0.05313963844763456,12.300388433318947,12.743158,-0.699645,15.24822695035461,14.810369,-2.6299694,14.231805929919137,14.240546,-6.004442,0.01635065683785522,0.1332715682993133,2317.0,0.22467939228030806,0.9379748468889313,2256.0,0.36815001289799526,0.8199419886775945,1855,0.05822505855045934,0.24400084227252253,2327,-0.12899134,0.08161365,-0.09036421,-0.06834017,No reliable edge,0.23919088,0.21779357,0.48369938,-0.41845194,No reliable edge,0.8594848,0.05004783,0.23852804,-0.77190506,No reliable edge,21.733505821474775,2319.0,pattern,
Chart pattern,Descending triangle,Descending triangle - up breakout,1,4462,473,1942,2017-04-05,2026-09-25,-0.02828670396795307,-0.015803432236487863,-0.35797997039937696,18.89674036927285,17.011843,0.056905705,28.671328671328673,28.15548,1.3874415,41.95135282864171,41.00387,6.277269,0.07885481323770871,0.8927924394519107,4387.0,-0.24875360235467658,-1.2747932900406402,4290.0,-0.3293093722776886,-0.9064021704021794,3659,-0.015803432236487863,-0.10205729368210646,4411,0.3817443,-0.07931612,0.015560572,0.3701844,No reliable edge,0.06932126,-0.42275995,-0.28386325,-0.6393163,No reliable edge,0.04964534,-0.5985993,-0.3906675,0.24001765,No reliable edge,31.790052716021087,4363.0,pattern,
Chart pattern,Diamond,Diamond - down breakout,-1,2589,457,1191,2017-04-13,2026-09-24,-0.03679043437961305,0.16822825771572675,0.6414467047733273,10.90623774029031,12.812561,-0.6184646,16.020984665052463,15.261754,-2.0861642,16.217494089834517,15.908986,-4.9570312,-0.07646571294426123,-0.7658131966942829,2549.0,0.2654281505372276,1.212825426006143,2478.0,0.4929676533872636,1.1209343832079874,2115,0.16822825771572675,0.8579869575922136,2564,0.13353558,-0.18060367,0.06329354,-0.36751476,No reliable edge,0.79460007,-0.010859398,0.25728413,-0.06318154,No reliable edge,0.84465826,0.25525606,0.28931192,0.6162038,No reliable edge,19.11764705882353,2312.0,pattern,
Chart pattern,Diamond,Diamond - up breakout,1,2739,458,1144,2017-04-05,2026-09-25,0.011103111519739332,-0.012077740019616185,-0.43476982750026505,18.235730170496662,16.915865,-0.09896638,28.57142857142857,28.532028,1.7399783,42.43089074155331,42.026917,6.5798044,0.024650370129132113,0.22972754508352305,2698.0,0.05190278820525435,0.21395556941292915,2660.0,-0.2503729331069685,-0.5587332886327674,2279,-0.012077740019616185,-0.06315382750479104,2720,0.17777783,-0.05776258,0.05711844,0.31450748,No reliable edge,0.34462976,-0.11098975,0.3755852,-0.8226987,No reliable edge,0.17276502,-0.55448335,-0.36804196,-0.01920855,No reliable edge,28.565573770491802,2440.0,pattern,
Chart pattern,Divergence,Bearish divergence (MACD hist),-1,16027,488,6268,2017-04-05,2026-09-25,0.04237349931401509,-0.030264521864521336,-0.07120384280103374,10.732419395785731,11.325207,-0.77530044,12.663100208768267,13.520132,-3.0329716,14.61688452372355,15.832172,-6.7593484,-0.02545565401548418,-0.5198573425497296,15756.0,-0.23049426626312958,-2.1272587470681787,15328.0,-0.8093526717204087,-4.3955583854012925,13847,-0.030264521864521336,-0.3059397505774521,15835,0.046374384,-0.067633286,-0.024665052,0.12942646,No reliable edge,-0.1031442,-0.30970737,-0.3134656,0.44307756,Weak - tends to fail,-0.89226794,-0.7480851,-0.7476767,0.44580445,Works in reverse (fade it),,0.0,pattern,
Chart pattern,Divergence,Bearish divergence (MFI),-1,14610,485,5675,2017-04-05,2026-09-25,-0.006043409444042778,-0.12392732913295385,-0.16798639925335382,10.740405377167932,11.354111,-0.7654969,11.840696595532082,13.258171,-3.2470222,13.575374901341753,15.231096,-7.2919292,-0.05702095007825016,-1.0744002601326448,14357.0,-0.38705665414674184,-3.537627048795257,14011.0,-1.129349055963891,-5.522967834260055,12670,-0.12392732913295385,-1.1682413115696881,14434,-0.0067613074,-0.08633538,-0.042642307,0.08289812,No reliable edge,-0.37724096,-0.39309067,-0.5556489,0.2722429,Works in reverse (fade it),-1.2372931,-1.0507358,-1.0949191,-0.0964091,Works in reverse (fade it),,0.0,pattern,
Chart pattern,Divergence,Bearish divergence (OBV),-1,5670,472,2360,2017-04-06,2026-09-25,0.20417112274087074,0.18404127071849194,-0.010175213906074475,11.619150080688541,11.814855,-0.47609568,13.23637702503682,14.2212105,-2.646673,14.775836665965059,16.279697,-6.162216,0.14560394533351265,1.938046685872428,5577.0,-0.10570841860876519,-0.6392787687101614,5432.0,-0.8434357672233477,-2.9019573165394617,4751,0.18404127071849194,1.410424000640866,5601,0.13922842,0.14939609,0.10404499,0.4481132,No reliable edge,-0.009262114,-0.16597652,-0.30638286,0.581258,No reliable edge,-0.8064442,-0.8725641,-0.6226345,-0.46259454,Weak - tends to fail,,0.0,pattern,
Chart pattern,Divergence,Bearish divergence (RSI),-1,11665,484,4497,2017-04-06,2026-09-25,-0.14819214075231552,-0.23613333464211894,-0.26897210646235065,10.492374727668844,11.469976,-0.7695289,11.722103004291846,13.3770485,-3.166717,13.128326434062684,15.250081,-7.499595,-0.05677654590482026,-1.0131753986549032,11475.0,-0.39319231854658443,-3.3184738401770124,11184.0,-1.3706897846133945,-6.702108714027045,10146,-0.23613333464211894,-2.0544918854888468,11538,0.09037873,-0.1438247,-0.046427228,0.1815809,No reliable edge,-0.19130129,-0.5190628,-0.5218774,0.2422549,Works in reverse (fade it),-1.2685244,-1.4458067,-1.2788438,-0.21344982,Works in reverse (fade it),,0.0,pattern,
Chart pattern,Divergence,Bullish divergence (MACD hist),1,10743,482,5139,2017-04-05,2026-09-25,-0.108155422700163,-0.19191640446604272,-0.5590829399862853,16.76470588235294,16.808924,0.18326655,26.822866031499125,27.782396,1.71257,37.6211352099677,38.85935,5.134164,-0.0031448545220680887,-0.05040041386243611,10540.0,-0.265479289393654,-1.761635265218543,10286.0,-1.1041968978931127,-3.8092251331510147,8668,-0.19191640446604272,-1.6310478218742022,10561,0.08218242,-0.045042004,-0.025642386,0.021934472,No reliable edge,0.36347228,-0.58888984,-0.14280297,-0.25371233,No reliable edge,-1.02115,-1.1602786,-1.1606776,-1.4668065,Works in reverse (fade it),,0.0,pattern,
Chart pattern,Divergence,Bullish divergence (MFI),1,9968,481,4715,2017-04-06,2026-09-25,-0.09028934419577128,-0.14475929374168583,-0.48145334486519964,16.972054457979322,17.076944,0.20125327,26.688203418090872,27.929514,1.9346929,37.35389206665008,38.890877,5.8488417,-0.06174642293623324,-0.9307444437713337,9769.0,-0.42587782751276576,-2.83876380620846,9596.0,-1.0032602275553344,-3.299103294825717,8042,-0.14475929374168583,-1.2894999381138594,9811,-0.0028956856,-0.09204328,-0.14052333,-0.015747763,No reliable edge,-0.3411429,-0.47117907,-0.4594083,-0.18990313,Weak - tends to fail,-0.84509283,-1.1157849,-0.9834333,-0.78027683,Works in reverse (fade it),,0.0,pattern,
Chart pattern,Divergence,Bullish divergence (OBV),1,12338,486,5739,2017-04-05,2026-09-25,-0.1740841984413494,-0.1656649256096255,-0.3116559885943769,16.727182703416403,17.155537,0.075235985,27.7519641801132,28.512579,1.9041011,40.15106340687736,40.878338,7.0776405,-0.08636555197137007,-1.63202615135748,12118.0,-0.27747901013506376,-1.9853461116093336,11837.0,-0.18061259934499851,-0.645878812350536,10062,-0.1656649256096255,-1.5953327700938782,12127,-0.10247657,-0.07839746,-0.07813441,-0.06685652,No reliable edge,-0.063161194,-0.3880274,-0.10083413,-0.5418061,No reliable edge,-0.08937685,-0.24154231,0.25148734,-1.6566315,No reliable edge,,0.0,pattern,
Chart pattern,Divergence,Bullish divergence (RSI),1,6822,477,3323,2017-04-05,2026-09-25,-0.14465398975856736,-0.2021466526412291,-0.621257742940544,16.43059490084986,16.690687,0.14471634,25.315110098709187,27.392403,1.6828994,37.17642739122453,38.305416,5.826939,-0.013649696633341915,-0.1766011589017214,6707.0,-0.5138261081055429,-2.5269094950763833,6585.0,-0.9461312025254728,-2.3847143121101353,5447,-0.2021466526412291,-1.3916703623034137,6737,0.1334477,-0.083526626,-0.07654043,0.01936385,No reliable edge,0.054448474,-0.79390526,-0.58778095,-0.18771264,No reliable edge,-0.79121566,-1.0490295,-0.7120721,-1.4906057,Weak - tends to fail,,0.0,pattern,
Chart pattern,Divergence,Hidden bearish divergence (MACD hist),-1,11053,481,5099,2017-04-05,2026-09-25,0.04645414628310147,0.11415957080994278,0.4299948593153351,11.52392366552964,11.894153,-0.5963782,14.548022598870055,14.838709,-2.6625648,15.70294150542445,15.2419405,-5.2637267,0.06516796838987739,1.3484650839449095,10847.0,0.07907477484809028,0.737870697072732,10620.0,0.5140613094697182,2.468885895812613,8941,0.11415957080994278,1.1133363091216246,10889,0.0051852213,0.09508889,0.098285586,-0.050015762,No reliable edge,-0.013711495,0.12709877,0.33452561,-0.18975429,No reliable edge,0.5377747,0.49786863,0.8216883,0.06560834,Weak edge,,0.0,pattern,
Chart pattern,Divergence,Hidden bearish divergence (MFI),-1,10115,486,4626,2017-04-07,2026-09-25,0.017228257614578156,0.008922415881066936,0.09691337649293315,11.93095790854951,12.091162,-0.5449635,14.522949974213512,14.788129,-2.9316335,15.402552773686795,15.350141,-5.8327017,0.1109082410755968,1.9858129021236497,9907.0,-0.11678898040629834,-1.086349943750249,9695.0,0.09808722651935291,0.43651437400109233,8148,0.008922415881066936,0.09312391194038626,9949,0.087595135,0.12293758,0.23512636,-0.09901101,No reliable edge,-0.1870846,-0.07906177,-0.054549914,-0.28458288,No reliable edge,-0.019772973,0.18201835,0.13623747,0.16034845,No reliable edge,,0.0,pattern,
Chart pattern,Divergence,Hidden bearish divergence (OBV),-1,11667,485,5303,2017-04-05,2026-09-25,0.06695617464365704,0.10841004327777261,0.2319183073345687,11.275238178480903,11.836722,-0.5214184,13.77514367816092,14.343347,-2.7291696,14.546225614927904,15.285772,-6.1026444,0.14496047529512826,2.8189767239705015,11441.0,0.05616568970954281,0.4958833823988542,11136.0,-0.16400853125496978,-0.7954168980331129,9432,0.10841004327777261,1.1049349977597032,11457,0.12989657,0.15278451,0.12735142,0.097029336,Weak edge,-0.12327505,0.15410586,0.27307343,-0.2228521,No reliable edge,-0.22257333,-0.122121766,0.26655346,-0.094221815,No reliable edge,,0.0,pattern,
Chart pattern,Divergence,Hidden bearish divergence (RSI),-1,7576,480,3440,2017-04-07,2026-09-25,0.04528585009910529,0.1633140591741602,0.48638490083970654,11.967763599731365,11.744429,-0.58658224,15.404735682819384,14.792852,-2.7183378,16.198347107438018,15.288356,-5.3924046,0.11130444877014775,1.7443512169348738,7445.0,0.16330900486345334,1.1816493860898472,7264.0,0.6087997966167356,2.2724645914039288,6050,0.1633140591741602,1.4270121884751201,7460,0.07397631,0.13034709,0.27594817,-0.12340472,No reliable edge,0.15816772,0.16603838,0.5240547,-0.4900794,No reliable edge,0.8656724,0.42529854,0.8235083,0.0063056755,Weak edge,,0.0,pattern,
Chart pattern,Divergence,Hidden bullish divergence (MACD hist),1,14652,486,5723,2017-04-05,2026-09-25,-0.01723562875184422,-0.045185194520453144,0.2403838808508062,18.388973542041835,17.530754,-0.21531221,30.47161818695284,29.76354,2.0684428,44.43217665615142,43.86354,7.8803706,-0.139184928795756,-2.4631412901497947,14438.0,0.09304049431823196,0.795126328041485,14164.0,0.4675260622042587,2.0040274196428807,12680,-0.045185194520453144,-0.46037267104915913,14514,-0.17773658,-0.11642931,-0.1320527,-0.28744423,Weak - tends to fail,-0.043167815,0.17699131,0.06171332,-0.07733383,No reliable edge,0.8330154,0.19580865,0.4209988,-0.093579665,Weak edge,,0.0,pattern,
Chart pattern,Divergence,Hidden bullish divergence (MFI),1,14669,483,5866,2017-04-05,2026-09-25,0.11532428595258556,0.2265134696342015,0.40502932857587737,18.705882352941178,17.527447,-0.15033619,30.593316340979893,29.899427,2.1248536,44.81618515311344,43.959503,8.073747,-0.07248589221993945,-1.3065011561374527,14450.0,0.170113899794897,1.3923361895893922,14124.0,0.6529716774580808,2.900087291857622,12703,0.2265134696342015,2.255433928801066,14527,-0.06516274,-0.076654874,-0.053599134,-0.2309026,No reliable edge,0.1426406,0.18653572,0.24374616,-0.36942804,No reliable edge,1.0879592,0.34235865,0.6507589,-0.6863474,Weak edge,,0.0,pattern,
Chart pattern,Divergence,Hidden bullish divergence (OBV),1,5901,473,2343,2017-04-05,2026-09-25,-0.1065817091371537,-0.18113504773238553,-0.19856519786429722,17.796464733138837,17.060564,-0.18518858,28.899002275511993,28.945232,1.779991,42.865612648221344,42.235687,7.257621,-0.1184726634564849,-1.6037450508856415,5827.0,-0.19105796606970943,-1.064121767781656,5713.0,0.054799431962929225,0.17132375718392012,5060,-0.18113504773238553,-1.4071892783733622,5859,0.04436448,-0.21803929,-0.0013832066,-0.32553536,No reliable edge,0.20834418,-0.44583717,-0.0896359,-0.8650068,No reliable edge,0.77665806,-0.5126482,-0.046379704,-0.14333974,No reliable edge,,0.0,pattern,
Chart pattern,Divergence,Hidden bullish divergence (RSI),1,11278,485,4321,2017-04-05,2026-09-25,-0.0045031347670402636,-0.002005438220628742,0.406556992483895,18.405405405405407,17.557432,-0.2118337,31.0630464795214,30.18045,2.1041527,45.614035087719294,44.534126,8.394041,-0.12253348685599662,-2.012102580524587,11100.0,0.13591820918301312,0.9750169847209375,10865.0,0.8303063956178379,3.080251340932415,9861,-0.002005438220628742,-0.0176047902635298,11150,-0.11027862,-0.13001871,-0.10301726,-0.33054593,Weak - tends to fail,0.09407544,0.16274941,0.108813696,-0.12349786,No reliable edge,1.2068596,0.5452076,0.9150202,-1.8855156,Works (significant),,0.0,pattern,
Chart pattern,Double bottom/top,Double bottom,1,3216,462,1293,2017-04-05,2026-09-25,-0.2169956680968279,-0.2456390803821031,-0.23313164808451983,19.43474118767863,17.461016,-0.331919,31.062581486310297,29.348738,1.2076831,42.36977256052825,41.464436,5.186414,-0.25640196571580265,-2.408127004361111,3149.0,-0.5113799929463413,-2.164382332754933,3068.0,-0.8746440884652421,-1.8007670703898524,2726,-0.2456390803821031,-1.3385192818287233,3179,-0.22820568,-0.2719231,-0.17883985,-0.44229805,Weak - tends to fail,-0.8650333,-0.30459505,-0.3682962,-0.4629681,Weak - tends to fail,-0.38186714,-1.2256548,-0.8833313,0.2982433,No reliable edge,61.901681759379045,3092.0,pattern,
Chart pattern,Double bottom/top,Double top,-1,2635,459,1173,2017-04-05,2026-09-25,0.3133501842123726,0.3832208985457,0.5500208349908859,12.076353720296066,12.407729,-0.5327518,15.823293172690764,15.325056,-2.1697912,16.977611940298505,16.321241,-4.4059653,0.2638058575108955,2.446046363199046,2567.0,0.3914372578203439,1.7406485425894804,2490.0,1.203293985395289,2.5909345002082427,2144,0.3832208985457,1.6230517647045117,2576,0.44611907,0.160406,0.5282545,-0.16170532,Weak edge,0.5028699,0.32397416,0.47841716,0.53866863,No reliable edge,1.8214083,0.717044,1.1308652,1.5402036,Weak edge,49.64594807238395,2542.0,pattern,
Chart pattern,Dow theory reversal,Dow trend reversal down,-1,5389,474,2348,2017-04-07,2026-09-25,-0.0788464280540629,-0.08779270916803301,0.059531810451669255,10.612090202766723,12.2906065,-0.85588235,12.682074189162945,14.117644,-2.988397,13.525698827772766,14.555992,-6.7566233,-0.06744773391975199,-0.9151623316036047,5277.0,-0.08336538202578778,-0.5097858684117071,5149.0,-0.3530898373657997,-1.0736705576847574,4436,-0.08779270916803301,-0.6031996784705714,5303,0.13526897,-0.17570083,-0.09052831,-0.3150008,No reliable edge,0.4910328,-0.4060179,-0.15643956,-0.46905202,No reliable edge,0.522904,-0.9844306,-0.63897824,-0.60520166,No reliable edge,54.74327161672075,5239.0,pattern,
Chart pattern,Dow theory reversal,Dow trend reversal up,1,5083,478,1993,2017-04-05,2026-09-24,0.011931089949428132,0.06788691609885936,0.15650175184172072,19.85574033259868,17.551086,-0.13583931,29.62287104622871,29.83846,1.7463399,43.158138457976385,44.165085,7.2978306,-0.10325194236344169,-1.1561242635275735,4991.0,-0.47200406980243814,-2.448243891784836,4932.0,-0.9645442693259435,-2.692750218985288,4319,0.06788691609885936,0.3890324190881155,5051,0.025812585,-0.17386536,-0.12905508,-0.1444652,No reliable edge,-0.27098012,-0.586628,-0.33364564,-1.3962126,Weak - tends to fail,-0.7967634,-1.0837518,-0.8642083,-1.6929752,Weak - tends to fail,65.12915129151291,4878.0,pattern,
Chart pattern,Elliott wave,Elliott 5-wave advance complete,-1,3545,464,1260,2017-04-05,2026-09-25,-0.2807743356517942,-0.7319976644427316,-1.0929006931261134,10.356731875719218,11.415795,-0.975982,10.641399416909621,13.513121,-3.7289844,11.84,15.058215,-8.169785,-0.16888833347755142,-1.5163172278096677,3476.0,-0.8469132225993076,-3.818077621817644,3430.0,-1.70159984375,-4.779306482378578,3125,-0.7319976644427316,-3.6262946598351613,3510,-0.063867114,-0.2359,-0.11036713,-0.17169176,No reliable edge,-0.4598214,-1.1043481,-0.9559649,0.17011303,Works in reverse (fade it),-0.98321086,-2.2638528,-1.637067,-0.663886,Works in reverse (fade it),58.942839582052855,3254.0,pattern,
Chart pattern,Elliott wave,Elliott 5-wave decline complete,1,1661,430,732,2017-04-11,2026-09-25,-0.30670717793206376,-0.519535204840944,-0.4688337837040048,15.289765721331689,16.178764,0.08185105,23.99256044637322,26.24251,2.7942314,33.987915407854985,38.95263,9.45047,-0.29337191317143185,-1.3928999503905504,1622.0,-0.8896356477400419,-2.5813793515019228,1613.0,-2.1519533831547393,-3.1743816216385383,1324,-0.519535204840944,-1.9794997966107366,1646,-0.60026526,-0.120707415,-0.31480733,-0.5053925,No reliable edge,-1.4210962,-0.57817984,-0.81206864,-1.0014273,Weak - tends to fail,-4.0019336,-0.63740915,-2.2012272,-2.8308527,Works in reverse (fade it),64.26229508196721,1525.0,pattern,
Chart pattern,Event decline,Dead-cat bounce breakdown,-1,332,181,85,2017-04-28,2026-09-07,-0.8610582496712814,-2.3780142058703033,-5.5214768987515885,8.307692307692308,12.979643,-2.9402902,4.86322188449848,10.758231,-14.340095,4.45859872611465,10.530885,-28.860529,-1.3373154860276442,-1.4469883684842506,325.0,-5.799392468298822,-5.011115491175072,329.0,-10.022847363903264,-4.344826533773198,314,-2.3780142058703033,-1.9542425980117042,330,-1.9739434,-0.27800843,-2.448354,-1.2718064,No reliable edge,-7.2298226,-3.4037125,-5.4674954,-6.5605707,Works in reverse (fade it),-11.572101,-7.025692,-8.775743,-11.118766,Works in reverse (fade it),,0.0,pattern,
Chart pattern,Event decline,Event decline (>=15% in 2 days),1,595,264,180,2017-04-12,2026-09-24,1.1281249454185291,1.4541653891111306,2.4338873498797318,14.507772020725387,18.366497,2.9539871,17.826825127334462,24.385187,11.625737,36.72014260249554,43.056282,35.159164,1.2916528573307966,1.6436478431510388,579.0,3.793240662139219,3.229319535964358,589.0,11.143223074030749,3.4277911429043573,561,1.4541653891111306,1.411078204068381,593,1.2751682,1.3142855,2.8338463,0.6184834,No reliable edge,4.9374356,2.2308857,2.491084,5.2046947,Works (significant),14.015372,6.724533,5.401168,18.165735,Works (significant),,0.0,pattern,
Chart pattern,Falling wedge,Falling wedge - down breakout,-1,810,350,374,2017-04-18,2026-09-25,-0.500549312202396,-0.14274794057420911,0.6527786903044969,11.901681759379043,13.497068,-0.8923828,12.663185378590077,14.376227,-4.1310153,11.76470588235294,13.066055,-7.3743005,-0.11349139885945585,-0.5836451175608123,773.0,-0.615810344486884,-1.6448517729086147,766.0,0.2432918578907492,0.30676873159471313,629,-0.14274794057420911,-0.3596259362774496,785,0.39367193,-0.346021,0.83789515,-0.6260426,No reliable edge,0.21137579,-1.0142035,-0.4840402,-0.35793102,No reliable edge,0.77344644,-0.12056763,1.2058207,-0.24296644,No reliable edge,26.436781609195403,783.0,pattern,
Chart pattern,Falling wedge,Falling wedge - up breakout,1,4382,466,2099,2017-04-07,2026-09-25,-0.002743661476137477,0.0007234422403866845,-0.16326779614654732,17.664879981356325,16.682955,0.3048551,27.958015267175572,27.802711,2.3044338,38.427691405104135,39.041016,5.918082,0.10282587510559893,1.070447491443035,4291.0,-0.03240452467940236,-0.15574397563794587,4192.0,-1.022264493459409,-2.3149141683680154,3409,0.0007234422403866845,0.004725206869308069,4325,0.1580862,0.077487275,0.119656734,0.19013119,No reliable edge,0.17825261,-0.1333475,0.25924093,-0.24365322,No reliable edge,-1.8297652,-0.48629525,-0.5579106,-1.8804133,Weak - tends to fail,38.23805060918463,4268.0,pattern,
Chart pattern,False breakout,2B bottom / Turtle soup,1,17241,489,8005,2017-04-05,2026-09-25,-0.10947509496764037,-0.20710745307219375,-0.5453688403149507,16.36654424831181,17.503199,0.16423687,27.07861731416335,28.337013,2.1189895,38.78809869375907,39.530716,6.2479362,0.007059498373302093,0.15545881683702822,16882.0,-0.19699780967994798,-1.871653797865169,16345.0,-0.4717205429630805,-2.3571576111352024,13780,-0.20710745307219375,-2.504672313467334,16878,-0.010903416,0.016465714,-0.07963043,0.20877871,No reliable edge,-0.04602508,-0.28110647,-0.33989477,0.25854096,No reliable edge,-0.16688178,-0.6966683,-0.6843573,0.28783554,Weak - tends to fail,,0.0,pattern,
Chart pattern,False breakout,2B top / Turtle soup,-1,20459,489,8216,2017-04-05,2026-09-25,0.15739160247700523,0.13743879138395562,0.08624603764625473,12.469013386217153,11.473019,-0.3528335,15.13992965285212,14.175028,-2.2627828,16.155255324021066,16.222773,-5.6630597,0.1828502044148178,4.558140851689358,20170.0,0.1920373417547599,2.3789746160678376,19617.0,-0.18351721496092854,-1.227784856550151,17468,0.13743879138395562,1.790258061173034,20270,0.1775912,0.18583123,0.19453596,0.23717897,Works (significant),0.30754408,0.123205006,0.09359212,0.3525966,Weak edge,-0.20115028,-0.17076513,-0.39092532,0.6387876,No reliable edge,,0.0,pattern,
Chart pattern,Fibonacci,Fibonacci 38-62% pullback bounce (uptrend),1,2706,463,1174,2017-04-12,2026-09-25,-0.6115282183539157,-0.6607013444222799,-0.2146389434027305,13.23529411764706,17.200321,-0.35098743,26.888802789616427,28.752974,1.8835725,40.23642732049037,42.023087,7.3002,-0.4455565025364112,-3.4639749716659383,2652.0,-0.0631772868626804,-0.1991574804192095,2581.0,0.025349211150000685,0.03367975218369112,2284,-0.6607013444222799,-3.3340668883338798,2653,-0.5307546,-0.40007478,-0.5660976,-0.6903021,Works in reverse (fade it),0.04344927,-0.12334051,-0.46143466,-0.26846036,No reliable edge,-0.44510928,0.34907204,-2.0278556,0.053727537,No reliable edge,51.80630284396618,2602.0,pattern,
Chart pattern,Fibonacci,Fibonacci 38-62% rally failure (downtrend),-1,2047,458,908,2017-04-28,2026-09-25,0.6837134866572268,0.8075083708416935,0.6766529114982441,11.48682247637991,11.266984,-0.34451038,15.485829959514168,13.660787,-2.1502202,17.401812688821753,15.659015,-4.95041,0.35707985353019334,2.844727642647027,2011.0,0.7725102969026758,3.0684272669406627,1976.0,1.1828246701520015,2.4389476046235807,1655,0.8075083708416935,3.353098151084186,2033,0.58973557,0.2467219,0.47354355,0.48826215,Weak edge,0.4704574,0.9212554,1.0152888,0.37448695,Works (significant),0.8873169,1.375406,1.6465386,1.1256824,Weak edge,34.79834539813857,1934.0,pattern,
Chart pattern,Flag / pennant,Bear flag,-1,2164,432,1108,2017-04-06,2026-09-25,-0.20507828763498287,-0.43879864326903323,-0.5468268281223009,13.519924098671726,13.588627,-0.9474742,13.731198447355652,14.627992,-4.517764,13.636363636363635,14.083097,-7.97046,-0.2899041076312708,-1.965937022813066,2108.0,-0.945728226115205,-3.0873608353815936,2061.0,-0.16591519822516151,-0.23921881144933987,1606,-0.43879864326903323,-1.7756356157525683,2110,-0.49922848,-0.1880467,-0.13438141,-0.38999176,No reliable edge,-1.3626833,-0.73127675,-0.7018395,-1.2980449,Works in reverse (fade it),-0.23883533,-0.1094323,-0.2264413,-1.0009419,No reliable edge,18.5924869234427,2103.0,pattern,
Chart pattern,Flag / pennant,Bear pennant,-1,188,143,92,2017-05-18,2026-09-15,-0.2317803540829828,0.23133567307849187,-0.6137166417750489,9.62566844919786,13.816597,-1.1421804,11.41304347826087,15.051052,-3.3798134,11.510791366906476,15.328405,-9.469403,-0.5203983082490808,-1.246853552198693,187.0,-0.2577427781146506,-0.26761664100383104,184.0,-2.951914176666479,-1.2380705394503442,139,0.23133567307849187,0.30279226974546947,185,-0.4885379,-0.53582287,-0.47470206,-0.6358941,No reliable edge,0.028833827,-0.39986604,2.96166,-2.5397274,No reliable edge,-4.689539,-1.5930018,5.6150017,-7.5567384,No reliable edge,14.754098360655737,183.0,pattern,
Chart pattern,Flag / pennant,Bull flag,1,3500,453,1223,2017-04-05,2026-09-23,-0.14931247604075817,0.011669364469222183,0.7822053362829,20.005815644082585,18.47266,-0.51769483,33.50059031877214,31.607449,1.886847,47.596950613191915,46.417866,8.119133,-0.3005283063981172,-2.8894751349246732,3439.0,-0.07113072779271509,-0.29994078850190947,3388.0,0.27807932781943984,0.6470889875229995,3017,0.011669364469222183,0.053264157114033206,3481,-0.74181455,-0.06912688,-0.3410866,-0.6120301,Weak - tends to fail,-0.6216839,0.23355414,-0.13349378,-1.2297003,No reliable edge,0.21902281,0.3175701,-0.074937075,1.0481335,No reliable edge,37.31559155336998,3457.0,pattern,
Chart pattern,Flag / pennant,Bull pennant,1,387,245,102,2017-04-19,2026-09-10,0.278238579269874,0.5592494941159308,3.6134341796239218,21.899736147757256,19.274769,-0.27815962,38.93333333333333,33.979,3.6376154,55.6497175141243,50.544403,13.037006,-0.35203850174956713,-1.0529034657943503,379.0,0.7615001627604167,1.0333655800280908,375.0,2.914261122881356,2.56871418130195,354,0.5592494941159308,0.8274460572613062,385,-0.54299057,-0.2227657,-0.108609356,-2.0642912,No reliable edge,0.55588573,0.9047791,1.5326333,-1.2191393,No reliable edge,3.9705842,2.1008923,2.8750956,0.19655189,Weak edge,43.523316062176164,386.0,pattern,
Chart pattern,Flag / pennant,High tight flag,1,216,63,38,2017-04-06,2026-07-07,3.4590741645337806,5.5622741217828455,6.432741152052328,38.5,18.557348,1.79295,51.674641148325364,34.667953,9.063472,55.44554455445545,51.288223,17.649225,1.699244842529297,1.716486646092018,200.0,4.480867960806669,2.787870936158831,209.0,4.452874514135984,1.403401608475267,202,5.5622741217828455,3.167340216882121,216,1.8481873,1.4613234,1.4955777,-0.21846592,No reliable edge,7.0085387,-0.03523758,3.2521281,3.420818,No reliable edge,7.449982,-1.4531908,6.9489417,-16.12875,No reliable edge,75.34883720930232,215.0,pattern,
Chart pattern,Gaps,Breakaway gap down,-1,537,234,249,2017-05-05,2026-09-24,1.019185103497174,1.305672808754907,3.3323810273119783,16.370808678500985,14.570086,0.27950415,16.962524654832347,17.25158,-0.27538377,17.475728155339805,15.9170475,-2.23321,0.6630636662891396,2.4286430997535158,507.0,1.4471817167082717,2.894138846939876,507.0,3.208928969299909,2.923980825599047,412,1.305672808754907,3.4096793058263963,528,-0.3175993,1.0153662,1.1787186,-0.11102408,No reliable edge,1.6525921,1.3680482,2.6284077,0.22604394,Weak edge,5.793811,1.8051544,3.2907965,4.5198383,Weak edge,,0.0,pattern,
Chart pattern,Gaps,Breakaway gap up,1,1110,378,471,2017-04-05,2026-09-15,0.11607688323792999,0.29726442914114787,0.4808536242044428,20.4311152764761,18.085768,0.020416722,32.92568203198495,31.668764,2.5469315,44.55231930960086,46.98479,6.7908597,0.17553171803153556,1.0267172436483385,1067.0,0.43089103519299743,0.9603394168026403,1063.0,-1.147022695860302,-1.3304860829474707,927,0.29726442914114787,0.6101494777958911,1105,-0.26349548,0.39628202,-0.009884763,0.17767814,No reliable edge,-0.530632,0.9463897,0.38914406,0.9755922,No reliable edge,-1.081056,-1.1912383,-1.4050653,1.5429962,No reliable edge,,0.0,pattern,
Chart pattern,Gaps,"Exhaustion gap (down, filled)",1,92,73,12,2018-02-07,2026-05-20,0.9714312165590894,2.2937364532085867,0.5056455043023047,13.333333333333334,13.022359,-0.76666635,17.391304347826086,19.882471,7.7639875,44.827586206896555,43.5818,36.185986,-1.666068861219618,-1.5853326945770994,90.0,-0.7582390826681386,-0.3241339591484141,92.0,4.832895914713542,1.0113886041192865,87,2.2937364532085867,0.9991415449732314,92,-0.25443012,-3.3531494,-5.4011908,-1.1803606,No reliable edge,2.5930314,-4.9268928,3.8298917,-0.753935,No reliable edge,6.1260657,3.0009067,32.987583,0.5395545,No reliable edge,,0.0,pattern,
Chart pattern,Gaps,"Exhaustion gap (up, filled)",-1,307,129,77,2017-04-07,2026-07-17,1.4060894575679874,0.7396338625844411,-4.0099035441005,9.854014598540147,8.713847,-1.9450794,11.80327868852459,10.111869,-4.6108484,7.931034482758621,12.345827,-13.686363,-0.8232284880032504,-1.6208077002329402,274.0,-0.1071796479772349,-0.0918005009177814,305.0,-4.616346477640086,-2.5817609902218113,290,0.7396338625844411,0.5330865152907414,307,-0.70307964,-0.9751522,-0.42975935,-2.313405,No reliable edge,-0.0446168,-0.18917494,0.051910896,-4.3333063,No reliable edge,-4.431496,-4.8896713,-5.3963933,-11.158568,Weak - tends to fail,,0.0,pattern,
Chart pattern,Gaps,Runaway gap down,-1,270,182,68,2017-05-24,2026-09-16,0.46931282343640646,1.0038096391938653,0.49994830459133904,14.068441064638785,14.223738,-1.49522,12.030075187969924,12.779135,-4.7217207,5.416666666666667,10.221411,-14.534898,-0.5908051697473562,-0.9022278328311719,263.0,-0.12010737110797624,-0.10426559821546305,266.0,-2.9983009338378905,-1.6821708426473159,240,1.0038096391938653,0.9813152498828044,269,-0.12405856,-0.9059334,-1.1557789,0.4332385,No reliable edge,-1.0701034,0.54976165,-4.038161,1.0475059,No reliable edge,-7.6925325,1.1091521,-13.270105,-1.2268974,No reliable edge,,0.0,pattern,
Chart pattern,Gaps,Runaway gap up,1,395,194,161,2017-04-25,2026-09-08,1.9973823644480184,2.382150617886694,6.656005478147274,23.876404494382022,19.074505,0.49102616,40.616966580976865,32.290646,7.6761107,51.63934426229508,46.47639,15.012769,-0.3670548428310437,-0.6707193880303288,356.0,2.877918076699068,2.7468395956618523,389.0,2.9596150716145835,1.4954356752092828,366,2.382150617886694,2.2403134669063127,394,-1.7647053,0.5282144,-0.69806975,0.63154113,No reliable edge,3.6826444,2.3036203,1.295445,6.4111104,Weak edge,3.1819036,2.7830918,2.8615096,2.5900557,No reliable edge,,0.0,pattern,
Chart pattern,Harmonic,Bearish AB=CD,-1,4990,473,1879,2017-04-05,2026-09-24,0.14452023405541425,0.06439148739163622,-0.19122715899410736,12.827278262634465,12.121334,-0.37209862,14.11862990810359,14.292847,-2.7812803,15.152214022140221,15.955014,-6.2353544,0.12428084556002005,1.4041141211829642,4927.0,-0.1644486225736868,-1.0350231074342104,4788.0,-0.4925052319065671,-1.6731672389541292,4336,0.06439148739163622,0.4059254579374391,4948,0.116581015,0.12896256,0.20662098,0.20178716,No reliable edge,-0.11556069,-0.19586103,-0.06323476,0.36153126,No reliable edge,-0.6516225,-0.37116215,-0.57700986,0.66702706,No reliable edge,44.766949152542374,4720.0,pattern,
Chart pattern,Harmonic,Bearish Bat,-1,250,196,99,2017-06-01,2026-09-22,-0.16118716682311163,-0.172791599799248,1.028783142441985,13.008130081300814,12.568892,-0.42473087,14.225941422594143,14.307634,-3.1751952,18.13953488372093,15.353658,-4.962911,-0.12711193115730596,-0.40380417802396906,246.0,-0.4423545613947274,-0.7133464894384589,239.0,0.9295429318450218,0.7562315048417355,215,-0.172791599799248,-0.2977760177779294,248,-0.49876195,0.04221973,-0.25436157,0.4064346,No reliable edge,-0.03447159,-0.63996243,-0.3122157,-1.3895965,No reliable edge,-2.6649122,2.976021,1.0020566,2.1357923,No reliable edge,53.55648535564853,239.0,pattern,
Chart pattern,Harmonic,Bearish Butterfly,-1,757,342,280,2017-04-06,2026-09-25,-0.14908278097870417,-0.13448308169980475,-0.07684923070616319,13.136729222520108,12.692859,-0.3753901,12.585499316005471,14.084485,-3.4887311,15.053763440860216,16.584332,-7.1342525,0.10465483882791556,0.5171367030305638,746.0,-0.7441361997424333,-2.0056722168412815,731.0,-1.4106666576660907,-1.7958708067174347,651,-0.13448308169980475,-0.3221942342723186,752,0.18081972,0.053707838,-0.018069014,-0.07706567,No reliable edge,-0.58708346,-0.85469544,-0.55169183,0.37866813,Weak - tends to fail,-0.908405,-1.8452885,-1.8060553,5.094053,No reliable edge,44.04924760601915,731.0,pattern,
Chart pattern,Harmonic,Bearish Crab,-1,52,46,19,2017-06-27,2026-09-15,-1.239225458280713,-1.6247467584908009,-7.260136961005628,12.0,11.221778,-0.46146992,2.0408163265306123,9.888882,-6.672416,5.0,14.700596,-8.034061,0.3347927474975586,0.4336019733347392,50.0,-2.973137991768973,-2.627488285654161,49.0,-1.6781482696533203,-0.6163437546180942,40,-1.6247467584908009,-1.1403501876918944,50,0.8636603,0.10813521,-0.022086278,-0.9209906,Too few events,-4.2619853,-2.4045289,-1.983989,-7.5370855,Too few events,-4.1972313,0.0012400746,-2.97497,3.4785032,Too few events,19.230769230769234,52.0,pattern,
Chart pattern,Harmonic,Bearish Cypher,-1,696,338,288,2017-05-12,2026-09-25,0.10047438744841043,-0.13401872672281584,0.5891531412559214,9.8981077147016,11.337224,-0.78917986,13.004484304932735,13.343029,-3.0739505,17.294520547945204,14.511336,-6.332889,-0.12184935990379367,-0.5818244565035362,687.0,0.10079821485396814,0.25901529997321354,669.0,0.2679314025460857,0.36774664779809185,584,-0.13401872672281584,-0.35004310860175053,687,-0.09259585,-0.13657212,0.08909347,0.28124896,No reliable edge,-0.8090613,0.57749,0.05751942,1.2518313,No reliable edge,-1.0285469,1.1102761,0.042267922,1.377358,No reliable edge,61.33540372670807,644.0,pattern,
Chart pattern,Harmonic,Bearish Deep crab,-1,240,174,88,2017-04-13,2026-09-24,0.16958617982513544,0.02725374617688515,-0.25089985610026383,12.82051282051282,12.057835,-0.6795281,9.565217391304348,13.1823225,-4.3953614,17.733990147783253,15.649335,-6.9087195,-0.1830559591961722,-0.5213236494880275,234.0,-1.2329376220703125,-1.8401696061993975,230.0,-0.12329114716628502,-0.09962836168367667,203,0.02725374617688515,0.043407978994091635,237,-0.07425598,-0.2574156,-0.2533941,0.21620794,No reliable edge,-1.3236066,-1.1679807,-1.4184116,0.80759895,No reliable edge,0.6724748,-0.8372494,-0.1358399,0.9914985,No reliable edge,36.59574468085106,235.0,pattern,
Chart pattern,Harmonic,Bearish Gartley,-1,689,329,266,2017-04-07,2026-09-24,0.04420422471356483,0.08860763636545675,0.4536786895800741,12.023460410557185,12.146957,-0.47231457,15.082956259426847,15.252355,-2.2736108,15.716753022452504,16.251568,-5.03237,0.001467902289807272,0.007679994265573954,682.0,0.24939949875683445,0.5764725745961236,663.0,0.771426502287079,0.9253497789574696,579,0.08860763636545675,0.226697504326827,684,0.19697042,-0.109541565,0.10867823,-0.040468637,No reliable edge,-0.3998989,0.6424373,-0.15480143,0.5233127,No reliable edge,0.1704884,1.2312908,-0.24107647,0.793273,No reliable edge,64.25196850393701,635.0,pattern,
Chart pattern,Harmonic,Bullish AB=CD,1,3853,464,1747,2017-04-11,2026-09-23,-0.0006592410068229009,-0.1448982738026443,-0.44893225002203463,15.877216194760518,16.344673,0.09230492,26.751420070327292,27.896273,2.3385468,39.03708523096942,40.082157,6.870282,-0.03929936857443065,-0.41494554195280353,3779.0,-0.1072801915510042,-0.48883798052505373,3697.0,-0.7575577963616217,-1.7422348012156907,3074,-0.1448982738026443,-0.906260739275543,3776,-0.22104089,0.05214972,-0.09105656,0.061165996,No reliable edge,-0.50119686,0.09983901,-0.33069697,0.13472435,No reliable edge,-1.1611387,-0.4711455,-0.6256078,-0.38248816,No reliable edge,54.840514829322885,3574.0,pattern,
Chart pattern,Harmonic,Bullish Bat,1,273,196,115,2017-04-26,2026-09-18,0.0016939856716667982,-0.011166180101737602,-0.384507662977067,18.11320754716981,16.907282,-0.11277265,28.076923076923077,28.10004,1.9985594,38.666666666666664,41.36188,6.1593633,-0.15235350986696639,-0.40646510172339195,265.0,-0.20212311377892128,-0.2578564495134492,260.0,-1.7790299479166667,-1.0965883232127174,225,-0.011166180101737602,-0.018322662520831187,268,-0.31558195,-0.06981186,0.16177584,0.24597058,No reliable edge,-2.9130344,1.208819,-0.60551596,0.51204723,No reliable edge,-2.697756,-1.166546,-1.6026132,-4.1805224,No reliable edge,65.88235294117646,255.0,pattern,
Chart pattern,Harmonic,Bullish Butterfly,1,582,320,282,2017-04-21,2026-09-25,-0.07486294841449187,-0.21315282893053655,0.35363658556223077,16.16871704745167,16.410728,0.5946341,26.978417266187048,27.62543,2.52068,39.30131004366812,39.379932,8.074583,0.23891705075550582,0.9826490337621848,569.0,0.18408408953989153,0.2992141879282438,556.0,0.731588238711961,0.5687460432295427,458,-0.21315282893053655,-0.5142171104280655,566,0.41631684,0.15345098,0.036811925,-0.09333296,No reliable edge,1.3718977,-0.41303304,0.18516183,-1.2394153,No reliable edge,1.6323185,0.11564785,0.5187364,-0.043245945,No reliable edge,54.107142857142854,560.0,pattern,
Chart pattern,Harmonic,Bullish Crab,1,32,31,17,2017-09-26,2026-09-15,1.2742128403436752,-0.24013510424523585,1.9080370334127257,12.903225806451612,13.586768,-0.49422023,19.35483870967742,24.616106,2.0637174,30.76923076923077,39.080982,5.18483,0.15112396978562878,0.15827715205825812,31.0,1.26269285140499,0.5036976059993166,31.0,-0.2204421850351187,-0.0394563399657998,26,-0.24013510424523585,-0.13099630523607408,31,0.8134446,-0.07924837,1.6653134,-0.36383116,Too few events,7.267915,-0.8260799,-1.3979647,-0.41689783,Too few events,-6.9132605,2.7541437,-7.822348,-0.26080704,Too few events,46.875,32.0,pattern,
Chart pattern,Harmonic,Bullish Cypher,1,862,369,351,2017-04-20,2026-09-23,-0.3226470634452086,0.0463333232557847,0.05359491613884288,15.845070422535212,17.50001,-0.0589218,27.536231884057973,28.96551,1.6805233,42.89617486338798,41.832306,8.51142,-0.2163415828221281,-1.169046122550372,852.0,-0.4015514723920592,-0.9171288206061265,828.0,1.3637435996467298,1.458395823429488,732,0.0463333232557847,0.1366123989480915,852,-0.23839962,-0.2029403,-0.43071774,-0.19048096,No reliable edge,-0.21812223,-0.51947033,-0.54965526,-0.21921797,No reliable edge,1.212931,1.4835064,1.0120727,-0.940358,No reliable edge,70.05076142131979,788.0,pattern,
Chart pattern,Harmonic,Bullish Deep crab,1,168,134,80,2017-06-15,2026-09-17,0.5751451386785703,0.28473422749701777,1.224495996345089,14.11042944785276,15.472778,-0.11888331,28.30188679245283,28.078884,3.3143985,45.3125,39.98398,9.7625475,-0.010517222749674978,-0.02422559309181408,163.0,0.7943333559815988,0.668229605052026,159.0,2.6310391426086426,0.8711523794408972,128,0.28473422749701777,0.34921721228194025,165,-1.1134647,0.5667263,-0.76032996,0.689024,No reliable edge,0.9606153,0.7039276,-1.2999272,2.3911371,No reliable edge,-1.297208,5.6863427,3.07411,9.805687,No reliable edge,43.82716049382716,162.0,pattern,
Chart pattern,Harmonic,Bullish Gartley,1,734,359,323,2017-05-08,2026-09-23,-0.2756354924093722,-0.5818564450892559,-1.1424434004837405,14.79944674965422,16.229366,-0.2955645,25.0,28.32845,1.2770281,40.562913907284766,41.77881,6.966997,-0.09179277011137946,-0.4374926707358063,723.0,-0.49481653612713483,-0.8925889591448234,688.0,-0.3979811257873939,-0.3927993164911306,604,-0.5818564450892559,-1.602074606644388,719,-0.08498618,-0.09500892,-0.38023365,0.47119108,No reliable edge,-1.1600431,-0.15636793,-1.1674504,-0.6836257,No reliable edge,-1.5022118,0.29067898,-0.88680786,-2.1938322,No reliable edge,70.16742770167428,657.0,pattern,
Chart pattern,Head & shoulders,Head & shoulders top,-1,2023,445,855,2017-04-17,2026-09-25,0.049673635679893864,0.30557630360705923,0.16622687831782712,11.251900658895083,12.932137,-0.66697127,14.285714285714285,15.0819645,-2.4730523,14.903846153846153,15.564297,-5.800379,-0.037754683342308665,-0.3688447251485457,1973.0,-0.012914794826408124,-0.05801572512180931,1918.0,0.024252804426046517,0.05338935606679729,1664,0.30557630360705923,1.488383877887258,1977,0.06645264,-0.0963352,0.056377035,-0.5453383,No reliable edge,0.03601974,-0.04219395,-0.04160299,-0.04372714,No reliable edge,1.1060648,-0.800858,-0.061506577,0.27666909,No reliable edge,31.28834355828221,1956.0,pattern,
Chart pattern,Head & shoulders,Inverse head & shoulders,1,1897,429,748,2017-04-05,2026-09-24,0.023901003028547006,-0.26824273248212965,-0.5629306481876933,20.117710005350457,17.591566,-0.2988869,28.501094091903724,29.470179,0.7497806,42.079510703363916,41.990852,5.540062,-0.1893472686816563,-1.4342923229245939,1869.0,-0.9358205315320706,-3.352041481722241,1828.0,-0.8784452199206805,-1.6271974287121034,1635,-0.26824273248212965,-1.1351338702982747,1888,-0.12701431,-0.22203906,-0.13554603,-0.21839668,No reliable edge,-0.9524554,-0.9266854,-0.65915847,-1.2523568,Works in reverse (fade it),-0.7414621,-0.96907115,-0.54395646,-0.21889304,No reliable edge,44.7809626825311,1849.0,pattern,
Chart pattern,IBD bases,Flat base breakout (25d),1,1863,386,651,2017-04-05,2026-09-23,0.03597181743037531,-0.004924471346649327,-0.12430826315468661,20.58984161660295,18.666098,-0.25925642,33.48571428571429,31.536583,1.6369339,47.94604537093807,47.31988,6.958458,-0.12378357200268382,-0.7710028023135598,1831.0,-0.07538296944754465,-0.21268478657848874,1750.0,-1.091305225776939,-2.0187734602702987,1631,-0.004924471346649327,-0.014252420471242795,1844,-0.0340429,-0.1881847,-0.06888701,-2.271564,No reliable edge,-0.024961716,-0.114816256,0.04861164,-2.8891673,No reliable edge,-1.2422833,-0.9566159,-1.3081797,-3.8596222,Weak - tends to fail,,0.0,pattern,
Chart pattern,IBD bases,Flat base breakout (40d),1,569,235,198,2017-04-05,2026-09-24,0.18273062766463918,0.059884001657498624,-1.1184024795862713,21.364452423698385,17.314224,-0.24941663,29.174311926605505,28.13356,0.09059385,43.366336633663366,42.049305,4.06758,0.21966271939782736,1.0363954130594586,557.0,-0.4198912174329845,-0.91210040426884,545.0,-1.248685870784344,-1.3385894014640707,505,0.059884001657498624,0.13166466783534803,565,0.422806,0.073575124,0.2755389,-2.314055,No reliable edge,-0.32951453,-0.48840255,-0.4992639,-2.9378796,No reliable edge,-2.5018904,-0.15793371,-2.1588163,0.5923095,No reliable edge,,0.0,pattern,
Chart pattern,IBD bases,Flat base breakout (60d),1,124,77,39,2017-05-10,2026-08-13,-0.7980442093309736,-1.7422942213729145,-2.656908528726609,10.655737704918032,20.198994,-0.9612541,30.327868852459016,33.31516,-0.042679567,47.22222222222222,48.198814,4.800263,-0.7900412512607262,-2.629755740101545,122.0,-1.7554932891345414,-1.9644666484198992,122.0,-3.1616908885814525,-2.5972678102351434,108,-1.7422942213729145,-2.354745728277552,124,-1.2847242,-0.54873246,-0.7677244,-2.0719643,Weak - tends to fail,-2.64926,-1.3030928,-1.8150421,-7.053194,No reliable edge,-2.8176944,-3.3721962,-3.4326665,-4.916777,Weak - tends to fail,,0.0,pattern,
Chart pattern,Island reversal,Island bottom,1,548,236,287,2017-10-04,2026-09-21,1.5896549631462433,1.4220610681948738,0.4260575994008914,22.328244274809162,18.93944,1.738653,29.75517890772128,30.576954,5.0605106,39.90267639902677,42.238777,11.536628,0.6617679741546398,1.238649368263929,524.0,-0.04802752708535635,-0.05499686445360341,531.0,0.06576177035515035,0.03827038189583636,411,1.4220610681948738,1.6660260766363775,542,-0.3917514,0.9352778,-0.8108624,1.7362354,No reliable edge,3.0938067,-0.93593717,-1.1826092,0.7671829,No reliable edge,2.652335,-0.9635888,-1.4641646,-0.9945888,No reliable edge,,0.0,pattern,
Chart pattern,Island reversal,Island top,-1,329,162,132,2017-08-04,2026-09-24,1.387405347096075,1.8546134451619134,0.2649384353286292,14.473684210526317,10.355208,-0.41877592,12.460063897763577,11.005595,-2.4371269,11.450381679389313,11.227879,-9.556386,0.5174173053942228,1.3273152002323507,304.0,1.7467645517172523,1.8208746317370723,313.0,-0.19728469848632812,-0.11462150241239062,262,1.8546134451619134,1.945131243888132,325,0.06944334,0.72104186,1.019698,-0.13129844,No reliable edge,1.5011798,1.8779837,2.809713,0.879463,No reliable edge,-6.2000775,4.079215,1.7744577,-2.6110365,No reliable edge,,0.0,pattern,
Chart pattern,New highs / lows,52-week high breakout,1,4404,458,1581,2017-04-05,2026-09-24,0.2499201393830078,0.3817503291102392,0.9870299873960428,20.893438808748254,18.275213,-0.269442,34.30981954534802,31.590826,2.4323876,47.39543238388504,45.754616,7.9506917,-0.09880537385439085,-0.9409238379376121,4298.0,0.46800647822313685,2.1876830227487853,4267.0,0.40821133193401976,1.0501529896253265,3897,0.3817503291102392,1.9579417763157319,4375,0.083712555,-0.20921578,-0.013021216,-1.1447511,No reliable edge,0.3589778,0.5368843,0.5773097,-2.0225217,Weak edge,0.40133005,0.41328037,0.6867228,-4.430559,No reliable edge,,0.0,pattern,
Chart pattern,New highs / lows,52-week low breakdown,-1,1615,401,683,2017-04-18,2026-09-25,0.33131102224849984,0.5667417636496196,1.264211837113499,16.01815823605707,14.240855,-0.16655354,14.983713355048861,14.787835,-3.6737084,14.493927125506072,14.371765,-7.425727,0.461790883896725,2.6078907753460454,1542.0,0.21903483735621945,0.731208901001445,1535.0,0.8641188401442308,1.2085360401053702,1235,0.5667417636496196,1.9553065670780505,1574,0.7605995,0.27862996,0.75978136,-0.016811855,Weak edge,0.893802,-0.21873035,1.0674784,-0.8293092,No reliable edge,1.3284273,0.41388023,0.18574543,0.16414647,No reliable edge,,0.0,pattern,
Chart pattern,New highs / lows,Multi-year high breakout (since 2016),1,2659,402,1132,2018-06-11,2026-09-24,0.08873682699194683,0.2636498276589681,1.065344666682636,20.454545454545457,17.97891,-0.3720845,34.3399148277197,31.464354,2.3289535,46.60519698239732,44.74779,7.7725854,-0.13305878014704112,-0.9939865391940261,2596.0,0.39443848034322976,1.4238065823322634,2583.0,0.5312684179851216,1.0407356670221368,2386,0.2636498276589681,1.0834105290896048,2645,0.14058027,-0.2521046,-0.16276526,-1.467291,No reliable edge,0.37313074,0.40403354,0.5093556,-3.0671456,No reliable edge,0.52476704,0.53457254,0.53188896,-4.5741096,No reliable edge,,0.0,pattern,
Chart pattern,Pipes & horns,Horn bottom (weekly),1,95,87,41,2017-06-09,2026-09-25,-0.0747727036991335,-0.4834151816784695,-1.4251487830313303,11.827956989247312,15.331149,0.78827953,13.978494623655912,21.754835,-0.8487893,23.61111111111111,35.003426,2.2686806,-0.0337798826156124,-0.0506728664936009,93.0,-2.868859075730847,-3.1065396761060944,93.0,-9.451138814290365,-3.5532327287677807,72,-0.4834151816784695,-0.6861529655451514,93,0.17093721,-0.12196576,-0.5960714,-0.513805,No reliable edge,-3.8454242,-2.426353,-3.401922,-3.9267082,Works in reverse (fade it),-16.744429,-4.5324097,-8.388542,-11.42375,Works in reverse (fade it),,0.0,pattern,
Chart pattern,Pipes & horns,Horn top (weekly),-1,171,135,57,2017-05-12,2026-09-25,0.0167196909623111,-0.9490782324742724,1.4691779232886901,9.580838323353294,11.300786,-0.82187885,9.036144578313253,13.835306,-2.5203848,9.032258064516128,16.256075,-7.6262183,-0.13770447234193722,-0.293274248868267,167.0,0.029543204479906934,0.03158963936723939,166.0,-2.7820538920740927,-1.8985465764358411,155,-0.9490782324742724,-0.977008546553171,169,-0.61047935,0.19516762,-0.57099956,2.1019049,No reliable edge,-0.7085512,0.5811717,-0.5418863,2.9147186,No reliable edge,-3.4397852,-2.2261143,-2.773747,-11.351742,No reliable edge,,0.0,pattern,
Chart pattern,Pipes & horns,Pipe bottom (weekly),1,359,225,111,2017-05-26,2026-09-25,-0.5372974547110184,-0.2562438571920334,-2.313850631425553,7.536231884057972,11.187226,-0.6470816,11.89801699716714,17.604252,2.5566635,35.23809523809524,39.57543,19.12239,-0.7436593318331068,-2.0972809599849818,345.0,-2.15416736981011,-2.3332730685290195,353.0,-2.6260465107266864,-1.3140344775918322,315,-0.2562438571920334,-0.38650652372118627,354,0.10794737,-1.4631985,0.16624704,-0.55067396,No reliable edge,-1.5143017,-2.7352345,1.7563199,-3.522161,Weak - tends to fail,-3.6803043,-1.4211807,1.3946267,-6.7204638,No reliable edge,,0.0,pattern,
Chart pattern,Pipes & horns,Pipe top (weekly),-1,950,377,293,2017-04-13,2026-09-25,-0.7592304858824996,-1.0694805266742937,-1.5606048242834214,6.881720430107527,11.3890295,-1.1767477,7.634408602150537,13.171375,-4.258133,7.380952380952381,13.997284,-10.495341,-0.40178665653351814,-1.877731011080751,930.0,-1.327303716187836,-2.8455363374950546,930.0,-3.62921636672247,-4.491025887230084,840,-1.0694805266742937,-2.756939731694214,942,0.10483107,-0.7791361,-0.180607,-1.0851033,No reliable edge,-0.45525467,-1.9797014,-1.3641597,-2.7137892,Weak - tends to fail,-2.6935534,-4.4717364,-3.9437559,-1.3581544,Works in reverse (fade it),,0.0,pattern,
Chart pattern,Point & figure,P&F bearish descending breakdown,-1,5395,471,2306,2017-04-12,2026-09-25,-0.18106542027944209,-0.340791387627933,-0.7016257563189586,11.487509462528388,12.413525,-1.2142678,11.06651376146789,13.117271,-5.229988,10.315695864828813,12.1307955,-10.312388,-0.28782537144120224,-2.5676555550817985,5284.0,-0.8991686153120222,-4.155765921627525,5232.0,-1.0981404061527344,-2.7505609130597826,4498,-0.340791387627933,-1.6309165456366304,5335,-0.29924932,-0.28068715,0.0270586,-0.40943477,Weak - tends to fail,-1.2021414,-0.70193505,-0.532834,-0.9287823,Works in reverse (fade it),-0.8751088,-1.2894815,-1.2118217,-1.6781722,Weak - tends to fail,,0.0,pattern,
Chart pattern,Point & figure,P&F bullish ascending breakout,1,8148,479,2886,2017-04-05,2026-09-24,0.15799727419892756,0.2711614372728977,1.2058812101131955,19.722707969023233,17.892317,-0.33396313,31.387414708112203,30.378574,2.6072385,47.067689778021375,45.626114,10.421087,-0.310123974402011,-3.61087314556949,8006.0,0.08041149695654062,0.43776668272079444,7914.0,1.194910661525418,3.5170019398060837,7298,0.2711614372728977,1.6238263529019978,8102,-0.53004545,-0.16407344,-0.20512262,-0.97239316,Works in reverse (fade it),-0.43127632,0.43492633,0.26310566,-1.2578386,No reliable edge,0.8297142,1.4868157,1.0917118,-1.1765994,Works (significant),,0.0,pattern,
Chart pattern,Point & figure,P&F double-bottom sell,-1,9274,484,3849,2017-04-10,2026-09-25,-0.2971029288345285,-0.37156997062906677,-0.8165708242347289,9.794611307420494,11.294115,-1.2040144,10.205687310329324,12.59711,-4.3122864,11.062169645104456,13.542761,-8.707017,-0.1407243438828539,-1.8868471187385953,9056.0,-0.6071207947552546,-3.893710714729384,8897.0,-1.2771177371082936,-4.595087836960957,7946,-0.37156997062906677,-2.574344260456829,9138,-0.13688171,-0.14323534,0.00918179,-0.22915265,No reliable edge,-0.46858624,-0.70193386,-0.31728193,-0.897241,Works in reverse (fade it),-0.94589823,-1.5555506,-0.44194293,-1.6452051,Works in reverse (fade it),,0.0,pattern,
Chart pattern,Point & figure,P&F double-top buy,1,9274,483,3740,2017-04-05,2026-09-25,0.03782576162497695,0.23463005845854473,0.6319650985798057,19.226979086827985,17.275045,0.2555279,29.153743907842266,29.004684,3.25411,41.26117179741807,42.089573,9.702233,-0.01759864158049792,-0.2505419325388908,9133.0,0.1545079695634415,0.9366965898599122,9028.0,0.3827493737683869,1.1623904530942248,8056,0.23463005845854473,1.8656042724997266,9222,0.07145104,-0.07448305,0.022772063,-0.19823512,No reliable edge,0.22241741,0.10951015,0.013959191,0.03374309,No reliable edge,0.46667877,0.31484064,0.12927778,-0.11843289,No reliable edge,,0.0,pattern,
Chart pattern,Point & figure,P&F triple-bottom sell,-1,1975,452,871,2017-04-19,2026-09-25,0.09683205039829576,0.18751670131926454,0.32969338533649023,11.099585062240664,11.429688,-0.79440016,12.71860095389507,12.900297,-3.4193463,12.779156327543426,13.354763,-7.0327554,0.168458044281639,1.1441048468959143,1928.0,0.2813667010300742,1.0370527712143311,1887.0,0.19272225429639037,0.34195997859581284,1612,0.18751670131926454,0.7648113279731087,1941,0.20632142,0.1456897,0.42533228,-0.08849658,No reliable edge,0.7276483,-0.0021033494,0.457745,-0.37816554,No reliable edge,1.8350447,-1.1975139,-0.91536856,0.24353004,No reliable edge,,0.0,pattern,
Chart pattern,Point & figure,P&F triple-top buy,1,2408,459,984,2017-04-05,2026-09-23,-0.0997110885825047,0.07724673123995221,0.10675409148602169,18.887015177065766,17.611208,-0.13934557,29.25257731958763,30.01245,2.2203085,44.93731918997107,43.873837,9.731905,-0.336364951945879,-2.293470514910561,2372.0,-0.4894613154565346,-1.4537515676151216,2328.0,0.9643584116215647,1.6321691560192233,2074,0.07724673123995221,0.29645914544923946,2394,-0.25448433,-0.3877862,-0.3296951,-0.4711843,Weak - tends to fail,-0.8769523,-0.23490319,-0.2426088,-1.4762897,No reliable edge,-0.06334287,1.7884836,1.8546281,-2.2053173,No reliable edge,,0.0,pattern,
Chart pattern,Quasimodo,Bearish Quasimodo,-1,6848,481,2893,2017-04-06,2026-09-25,-0.020551923040032713,0.017246518489318314,0.19556397644433327,10.778175313059034,11.6557045,-0.58512783,13.23216995447648,13.858487,-2.6874585,14.34767522553782,15.08281,-5.8022957,-0.006390339004616689,-0.09829300121837313,6708.0,0.03797580099612339,0.284447166495998,6590.0,0.012504346001735583,0.05001484555651673,5764,0.017246518489318314,0.1481471470683403,6750,-0.081308655,0.035509586,-0.03627954,0.02385067,No reliable edge,-0.12667118,0.13352633,0.13479677,-0.07627391,No reliable edge,0.25461572,-0.16358328,0.11500566,1.2047193,No reliable edge,56.86244204018547,6470.0,pattern,
Chart pattern,Quasimodo,Bullish Quasimodo,1,6630,475,2939,2017-04-05,2026-09-25,-0.13608885693209472,-0.2557231472637385,-0.3873581598522852,17.423200366804217,17.214315,-0.0894654,26.73545966228893,28.083157,1.4023876,40.96209912536443,40.85957,6.9978833,-0.12783709465865237,-1.605321495803578,6543.0,-0.4276915473293856,-2.5783229123240066,6396.0,0.1784376361279724,0.5194760860380513,5488,-0.2557231472637385,-2.1526380529099334,6562,-0.106418744,-0.13888869,-0.13067819,-0.27284452,No reliable edge,-0.6831215,-0.29020905,-0.5201217,-0.41630024,Weak - tends to fail,-0.4073909,0.5818482,-0.18370132,-0.12785117,No reliable edge,65.67066163191593,6091.0,pattern,
Chart pattern,Range contraction,Inside day breakout down,-1,52667,496,21879,2017-04-05,2026-09-25,-0.0831825371979791,-0.06454085246541454,-0.144166188465016,11.560984094466885,12.479794,-0.5326942,14.104611698941905,14.838271,-2.6110895,15.220769723009417,16.052763,-6.018601,-0.0800762848507286,-3.1806063616962694,51743.0,-0.16155648348597523,-3.1227375300560527,50090.0,-0.3346024821952989,-3.7212335395451905,43756,-0.06454085246541454,-1.394730916432358,51814,-0.11457234,-0.060176983,-0.07333562,-0.053360723,Works in reverse (fade it),-0.3577788,-0.041344177,-0.12840682,-0.14226867,Works in reverse (fade it),-0.46762672,-0.23188867,-0.2898381,-0.37980407,Works in reverse (fade it),,0.0,pattern,
Chart pattern,Range contraction,Inside day breakout up,1,48990,491,19113,2017-04-05,2026-09-25,0.010634929324008882,-0.030943333023397822,-0.03276374571744089,18.080287894769498,17.147028,-0.16007611,29.545598983158566,29.329103,1.767683,43.29101260093852,42.82591,7.125072,-0.07762143944799488,-2.947146563936469,48351.0,-0.1932417447833916,-3.1389207631656526,47205.0,-0.17352761470590863,-1.5694100006933092,41981,-0.030943333023397822,-0.6783205284703976,48505,-0.12360154,-0.05023155,-0.046361033,-0.08679184,Weak - tends to fail,-0.18822132,-0.19638155,-0.101886034,-0.43536225,Works in reverse (fade it),-0.022744337,-0.28873447,0.032326,-1.1624218,No reliable edge,,0.0,pattern,
Chart pattern,Range contraction,NR7 breakout down,-1,53157,493,22338,2017-04-05,2026-09-25,-0.04431885379148421,-0.07820791312894552,-0.07761613624111309,11.341687744309038,12.091027,-0.5671482,13.977407847800238,14.6510105,-2.6682432,15.483797352806938,15.977766,-5.904297,-0.07751443324495094,-2.981564346143683,52188.0,-0.17058824440150613,-3.2489021933567677,50460.0,-0.2570225362634071,-2.7226974279473986,43820,-0.07820791312894552,-1.6346956285627792,52313,-0.079938844,-0.07615915,-0.051423,-0.1632225,Weak - tends to fail,-0.24504161,-0.12630214,-0.050879475,-0.42863452,Works in reverse (fade it),-0.26140693,-0.25371307,0.015644995,-0.89934194,Weak - tends to fail,,0.0,pattern,
Chart pattern,Range contraction,NR7 breakout up,1,51056,490,20676,2017-04-05,2026-09-25,-0.006654390669268364,-0.052689271794340874,-0.03534554501948597,17.658276882735056,17.076965,-0.12141337,29.588540079244137,29.302519,1.8800689,42.95070665287832,42.795647,7.189155,-0.09591848129059974,-3.6673790850576142,50339.0,-0.1945260313484202,-3.3777285638542294,49215.0,-0.3617663045429737,-3.2969097551804247,43515,-0.052689271794340874,-1.162319899348748,50583,-0.14990066,-0.06592115,-0.08188878,-0.091088235,Works in reverse (fade it),-0.22315209,-0.17780685,-0.12427805,-0.29053572,Works in reverse (fade it),-0.18541901,-0.4881909,-0.29179427,-1.060187,Works in reverse (fade it),,0.0,pattern,
Chart pattern,Rectangle,Rectangle - down breakout,-1,570,313,276,2017-05-17,2026-09-24,-0.0025282718809898448,0.42705002476593323,0.6754802859549812,11.985688729874775,11.967687,-0.6478324,13.172541743970315,14.086166,-3.4347775,14.545454545454545,14.245642,-6.5934305,0.16853250629786728,0.7823542465217177,559.0,-0.27993412053209066,-0.6932043373028026,539.0,-0.2793019728227095,-0.36386237520415887,440,0.42705002476593323,1.1122842179422736,557,0.13380267,0.18684632,0.11733213,0.011481249,No reliable edge,-0.7831034,0.00073543173,-0.28623822,-0.023934852,No reliable edge,0.39159822,-0.80838585,-0.7060866,-0.97216094,No reliable edge,48.8929889298893,542.0,pattern,
Chart pattern,Rectangle,Rectangle - up breakout,1,684,313,295,2017-04-05,2026-09-21,-0.282711391320096,-0.0834203698018211,-0.20805962788886662,17.883755588673623,17.80077,-0.514878,30.52147239263804,29.458237,1.7529691,41.622574955908284,41.25686,5.191952,-0.5001894272919384,-2.2763737470619416,671.0,-0.0382304308604609,-0.07176701647291638,652.0,-0.7727506661120757,-0.7735862067341429,567,-0.0834203698018211,-0.21351431283536768,672,-0.5618401,-0.46518677,-0.4104832,-1.3955929,Weak - tends to fail,-0.91551006,0.49680182,-0.09282815,-0.6466333,No reliable edge,-0.9927147,-0.6029658,-0.35586298,-0.92919314,No reliable edge,61.48036253776436,662.0,pattern,
Chart pattern,Reversal bars,Key reversal day (bearish),-1,6154,474,2323,2017-04-06,2026-09-25,-0.10354592969242038,-0.014254008304233514,-0.2474657685164145,13.311312964492156,12.1699505,-0.4753275,15.435111934017842,14.417183,-2.473259,15.978220052572286,15.777699,-6.1073494,0.04090274524137464,0.5450709083309446,6055.0,0.017346220172187975,0.11913934301371415,5941.0,-0.2969340869819048,-1.1587021531561077,5326,-0.014254008304233514,-0.09670224780405368,6119,0.19818382,-0.04525608,0.100924835,0.20320821,No reliable edge,0.0323239,0.008764861,-0.019003026,-0.077252135,No reliable edge,-0.6606237,-0.047063082,-0.35433814,0.043809794,No reliable edge,,0.0,pattern,
Chart pattern,Reversal bars,Key reversal day (bullish),1,4025,474,1836,2017-04-07,2026-09-25,-0.2202559906586875,-0.1873458761659498,-0.5046838530935189,14.679601736022466,15.989887,-0.26179007,24.55487642838161,25.881418,1.3214998,37.79602147142406,38.332077,7.121468,-0.10816962967912305,-0.9822227897279178,3917.0,-0.1982469561250166,-0.8867081149107203,3763.0,0.049953112588683096,0.09562550215581697,3167,-0.1873458761659498,-1.079555303541186,3891,-0.23805259,-0.032413315,-0.25614974,0.034120955,No reliable edge,-0.13608365,-0.2375236,-0.45385244,0.33290917,No reliable edge,0.018647065,0.076763265,0.08474089,0.45781422,No reliable edge,,0.0,pattern,
Chart pattern,Right-angled broadening (ascending),Right-angled broadening (ascending) - down breakout,-1,432,279,209,2017-05-23,2026-09-25,-0.11018868175033532,0.1228145483144122,1.7725432749565333,10.688836104513063,11.812203,-1.0702872,14.039408866995073,13.920447,-2.718629,13.411078717201166,14.02649,-6.55994,-0.1957119468272157,-0.7182082184629013,421.0,0.5294465689823545,0.8317126529105409,406.0,0.15666358881024509,0.1287065932716167,343,0.1228145483144122,0.25571108486037225,422,-0.7833988,0.07568507,-0.78836834,-0.15477814,No reliable edge,-0.60782075,1.1022923,-0.013844852,1.0385408,No reliable edge,-0.4348371,0.5452824,-1.2908336,3.5092144,No reliable edge,44.73684210526316,418.0,pattern,
Chart pattern,Right-angled broadening (ascending),Right-angled broadening (ascending) - up breakout,1,477,298,204,2017-04-05,2026-09-07,0.15437842684259065,0.23890754119738153,1.4991921586474275,22.294372294372295,18.672071,0.22778542,32.826086956521735,31.176573,2.943048,45.346062052505964,43.407204,8.372488,-0.018706631350826907,-0.06859931949420738,462.0,0.492864525836447,0.7663440786364005,460.0,1.3975202246326819,1.2921091791151789,419,0.23890754119738153,0.47131608162860256,475,0.2608172,-0.16679873,-0.097023286,0.74885714,No reliable edge,0.4029192,0.5426991,0.48729455,1.4227741,No reliable edge,1.5027045,1.3285058,1.5574042,-1.3022736,No reliable edge,64.94623655913978,465.0,pattern,
Chart pattern,Right-angled broadening (descending),Right-angled broadening (descending) - down breakout,-1,276,204,126,2017-05-18,2026-09-16,-0.2346620025504999,-0.21920380137218964,-0.378707255955658,9.433962264150944,12.435088,-1.3665652,12.4031007751938,14.172141,-3.5340567,12.272727272727273,14.202732,-7.507833,-0.4339011714143573,-1.3766009151244465,265.0,0.004922859428464904,0.006682956025441686,258.0,-0.5672408364035867,-0.35121886219175114,220,-0.21920380137218964,-0.3523059014425924,267,-0.098729305,-0.6151278,-0.1326247,-1.4179091,No reliable edge,1.0168148,-0.575064,0.39686775,-2.0318017,No reliable edge,1.6047395,-2.2487743,-0.3410956,-2.5891554,No reliable edge,47.34848484848485,264.0,pattern,
Chart pattern,Right-angled broadening (descending),Right-angled broadening (descending) - up breakout,1,374,253,173,2017-05-09,2026-09-23,-1.0114110148948698,-0.7159786382228207,-1.827318478730708,14.088397790055248,17.734463,-0.18763436,27.85515320334262,30.396023,1.7451946,41.390728476821195,43.46601,6.2700577,-0.5804271803376424,-2.0444793078916894,362.0,-0.8719087988553273,-1.373897312225553,359.0,-1.2968778294443295,-0.9044608317953908,302,-0.7159786382228207,-1.5022639507014115,368,-0.670742,-0.5420256,-1.2461767,0.4156937,Weak - tends to fail,-0.4408065,-1.057403,-1.2806971,0.16178599,No reliable edge,-1.0822241,-1.4163758,-2.996136,6.7564945,No reliable edge,62.39554317548747,359.0,pattern,
Chart pattern,Rising wedge,Rising wedge - down breakout,-1,5389,479,2076,2017-04-07,2026-09-25,0.0591579178879376,0.013879377673272523,0.2952590032636837,11.484065623232134,11.672793,-0.6850197,13.941747572815533,14.134826,-2.549678,15.709059608349474,16.140772,-6.043342,-0.02748679934909338,-0.3704815110465477,5303.0,0.07549922609792173,0.4751315728310519,5150.0,-0.2568280306430896,-0.9397457675834631,4647,0.013879377673272523,0.09676697086431627,5334,0.129864,-0.11951774,0.00481282,0.0057729785,No reliable edge,0.43893003,-0.14853661,-0.037253086,0.0018484661,No reliable edge,0.11608572,-0.52980703,-0.16449572,-0.47560495,No reliable edge,27.343159486016628,5292.0,pattern,
Chart pattern,Rising wedge,Rising wedge - up breakout,1,1227,386,409,2017-04-05,2026-09-25,0.24258528425529294,0.5105981463490147,0.5293166017997385,22.8643216080402,19.0017,-0.16678712,33.50253807106599,31.589273,2.3806732,47.54545454545455,46.322094,8.5053625,-0.14837462458778267,-0.8252029810657929,1194.0,0.3020352849298726,0.7351307488256615,1182.0,0.3883104081587358,0.5430513885530958,1100,0.5105981463490147,1.4553444305938799,1221,0.18954372,-0.36165097,-0.20352884,0.028596628,No reliable edge,0.11021442,0.42865863,0.19048546,0.6333823,No reliable edge,0.07142014,0.6256003,-0.096705146,1.2458327,No reliable edge,46.79433805162365,1201.0,pattern,
Chart pattern,Rounding,Rounding bottom (saucer),1,592,281,201,2017-05-08,2026-09-22,0.19479303822887756,-0.40621183095226426,-0.8194427514847901,18.19757365684575,18.409132,-0.23282035,33.631484794275494,32.046318,1.726869,45.88235294117647,46.90897,7.2741337,-0.2567826242959272,-1.017777573714261,577.0,-0.8536083241907984,-1.3432859471454435,559.0,-1.2660631366804533,-1.2534338523311865,510,-0.40621183095226426,-0.8776660533293955,579,-0.11707128,-0.34287924,-0.013767855,0.14683606,No reliable edge,-2.2434921,0.048381153,-0.99602365,4.2720346,No reliable edge,-2.2482998,-0.52091813,-1.1453829,-3.0727756,No reliable edge,50.89605734767025,558.0,pattern,
Chart pattern,Rounding,Rounding top,-1,445,228,183,2017-04-10,2026-09-24,-0.17443190797605887,0.323933320266358,-0.4591934021921196,9.669811320754718,12.885144,-1.0269938,10.981308411214954,13.946123,-4.484645,9.635416666666668,12.181427,-8.483667,-0.43957206438172536,-1.7212900959792097,424.0,-0.9164288244514822,-1.6216170231597957,428.0,0.3223490317662557,0.2728420591412221,384,0.323933320266358,0.8235605817139606,439,-0.8384348,-0.20265356,-0.59714067,-0.607983,No reliable edge,-0.36269474,-1.267268,-0.07936982,-1.520885,No reliable edge,-0.25408396,0.7802632,1.5355109,1.1256495,No reliable edge,25.874125874125873,429.0,pattern,
Chart pattern,Support / resistance,Horizontal resistance breakout (3+ touches),1,5466,477,2222,2017-04-05,2026-09-23,0.052789333505348764,-0.1604585477157668,-0.17084663079171383,19.224314749207533,17.60039,-0.18502115,30.49658832448825,29.561514,1.6970392,43.30231551612205,42.462257,6.608386,-0.183245941793743,-2.0812841334103656,5363.0,-0.3170929533500758,-1.5627479600036978,5276.0,-0.3609459321237286,-1.1031872041376756,4621,-0.1604585477157668,-0.9692864505626885,5428,-0.13940334,-0.20847733,-0.23085374,0.09833972,Weak - tends to fail,-0.7314934,-0.06855323,-0.18370926,-1.3388271,No reliable edge,-0.88378876,0.0313842,-0.24510907,-1.5439233,No reliable edge,,0.0,pattern,
Chart pattern,Support / resistance,Horizontal support breakdown (3+ touches),-1,4859,474,2354,2017-04-07,2026-09-25,0.21768957015893095,0.2303686505315673,0.7224477648792685,12.441811256876852,12.653203,-0.62118316,15.345884413309982,14.976364,-2.2702234,14.818763326226012,14.666679,-5.549554,0.11434310157572472,1.39707680362484,4726.0,0.4967404447378503,2.837581704395974,4568.0,0.4244616412913113,1.2468175189801947,3752,0.2303686505315673,1.7163579075011477,4759,0.19372329,0.07768532,0.18673329,0.09598303,No reliable edge,0.48998845,0.50006133,0.68338346,0.32142046,Weak edge,1.0715375,-0.0161994,0.7702771,0.08204659,No reliable edge,,0.0,pattern,
Chart pattern,Symmetrical triangle,Symmetrical triangle - down breakout,-1,2284,456,1034,2017-04-05,2026-09-24,0.12353422895503653,0.24820852292997272,0.24281441110360902,12.322064056939503,13.008849,-0.26389876,14.391143911439114,14.647582,-2.252153,15.856914041644421,15.818295,-5.344553,0.2039098366299558,1.7790581211472059,2248.0,0.2712271151947359,1.0446115726712464,2168.0,0.28686497368025893,0.6130240141590269,1873,0.24820852292997272,1.1821089580673128,2249,0.43987778,0.08741535,0.20021488,0.076247655,No reliable edge,0.49269977,0.15480201,0.41893956,-0.1979363,No reliable edge,0.9763097,-0.17051975,0.24845482,-0.13730346,No reliable edge,14.272850067537146,2221.0,pattern,
Chart pattern,Symmetrical triangle,Symmetrical triangle - up breakout,1,2268,456,925,2017-04-05,2026-09-22,0.16958053458419883,0.15093269884206617,-0.21449022337233892,19.650067294751008,17.41411,-0.0838633,28.347906120570638,29.443703,1.3766818,43.19371727748691,43.648438,6.911615,0.012955855125266376,0.1040219582840002,2229.0,-0.585044527295214,-2.2077154705484805,2173.0,-0.8219047825998037,-1.494779741260956,1910,0.15093269884206617,0.6751715523709534,2254,0.3636749,-0.17177221,-0.01949188,-0.040864643,No reliable edge,-0.16493788,-0.8174695,-0.94104666,-0.87938476,Weak - tends to fail,-0.2870618,-1.1886946,-1.2090862,-0.15101294,No reliable edge,24.21383647798742,2226.0,pattern,
Chart pattern,Three drives,Three drives bottom,1,603,304,252,2017-04-12,2026-09-23,-0.08287324694295724,-0.25941084915669466,-0.5739782396513244,17.36930860033727,17.051966,0.03350647,27.73972602739726,28.461617,2.3720183,40.725806451612904,39.562996,7.356711,-0.23383353170616833,-1.0105041728336053,593.0,-0.08634033595045952,-0.160632968177968,584.0,0.03595185664392287,0.03470568693732937,496,-0.25941084915669466,-0.6668834532509375,599,0.08312518,-0.40255055,0.06537401,-0.8732679,No reliable edge,-0.6109546,0.20604464,-0.0070505957,-0.38810465,No reliable edge,-2.1137335,1.6143923,0.47182462,-1.5638177,No reliable edge,80.74866310160428,374.0,pattern,
Chart pattern,Three drives,Three drives top,-1,678,329,268,2017-05-03,2026-09-15,0.12433261293448088,0.28237625144577505,1.1350275789705944,9.531013615733738,11.555696,-0.9552745,12.735849056603774,13.558748,-3.073276,11.986301369863012,14.574441,-7.3711123,0.005785870660271118,0.02792993355991419,661.0,0.1472284089094438,0.33212226564711256,636.0,-0.527786568419574,-0.6739863027081662,584,0.28237625144577505,0.754127432520252,671,0.054921973,-0.022778906,-0.18872854,0.15235631,No reliable edge,-0.08794358,0.29458684,-0.30620858,2.575533,No reliable edge,-0.49321043,-0.5531287,-1.6860896,3.9813392,No reliable edge,70.70484581497797,454.0,pattern,
Chart pattern,Trendline break,Downtrend-line breakout,1,16443,488,7253,2017-04-05,2026-09-25,-0.11222489110240862,-0.23148875798667526,-0.3756097605654209,18.605947955390334,17.047544,-0.016572261,28.45389532308082,28.688293,1.5073656,40.20504499188671,40.92295,5.567762,-0.039500024504821096,-0.8389818053350234,16140.0,-0.3682416572230397,-3.590735181153367,15801.0,-1.0001143812693614,-4.303726206056445,13558,-0.23148875798667526,-2.620789073268645,16263,0.09449985,-0.10566285,-0.00077153736,0.078498065,No reliable edge,-0.30108774,-0.40289134,-0.32728657,-0.38916498,Works in reverse (fade it),-1.0024058,-0.99860287,-0.7351376,-1.6286103,Works in reverse (fade it),59.58798613785137,15582.0,pattern,
Chart pattern,Trendline break,Uptrend-line breakdown,-1,17761,492,7586,2017-04-06,2026-09-25,0.05180004665649074,0.12063127596416723,0.24997299602133144,11.489826416829521,12.045657,-0.6960584,14.134609702771375,14.385027,-2.5476089,15.649263721552877,15.907126,-5.5003176,0.019578713797360866,0.4932233490593175,17398.0,0.08099490384757431,0.9291176069655929,16923.0,0.18658189071389725,1.1656108622075276,14940,0.12063127596416723,1.4880513518368386,17501,0.08323503,-0.015586474,0.05366701,-0.21789177,No reliable edge,0.038893633,0.10555529,-0.027619632,0.08409544,No reliable edge,0.3098955,0.09777056,0.020035561,0.9106167,No reliable edge,49.01707646264891,17041.0,pattern,
Chart pattern,Triple bottom/top,Triple bottom,1,657,335,281,2017-04-07,2026-09-24,-0.22611904334408328,-0.8843691330446273,-0.3004216651047507,18.633540372670808,17.406553,-0.25585237,28.799999999999997,29.039845,0.7339403,39.35018050541516,40.59937,3.690513,-0.18103770143497064,-0.7611593790314127,644.0,-0.8520603515625,-1.8304229178486044,625.0,-1.714457267458258,-2.0136464873532516,554,-0.8843691330446273,-2.2616906210265735,647,-0.03063777,-0.25329882,-0.5427043,-0.07353007,No reliable edge,-1.0433606,-0.75456196,-1.1211292,-0.8374093,No reliable edge,-0.24585654,-2.6178823,-1.8878665,-3.3412719,Weak - tends to fail,58.795562599049134,631.0,pattern,
Chart pattern,Triple bottom/top,Triple top,-1,459,261,213,2017-04-18,2026-09-24,-0.08049562135343685,-0.026777689033354233,-0.23070994193073024,9.395973154362416,11.159697,-1.0489099,11.899313501144166,14.336175,-3.203579,14.736842105263156,16.010077,-4.7841988,-0.0030989198876707346,-0.013296212963721748,447.0,-0.22552731162623355,-0.43953786526410304,437.0,0.8316036023591694,0.8532872882417278,380,-0.026777689033354233,-0.06590790104684216,448,0.051867876,-0.033149965,0.3906733,0.18597442,No reliable edge,0.009988726,-0.36426765,0.24844582,0.57983595,No reliable edge,0.6582294,0.96044123,1.6983132,0.22464213,No reliable edge,42.1875,448.0,pattern,
Chart pattern,V reversal,V-bottom,1,6243,475,2750,2017-04-05,2026-09-25,-0.11699229677489081,-0.017318806065732252,-0.09050999920394583,18.05669342946092,17.96412,0.41965136,28.70324600428407,29.683008,3.2057273,41.0619143854492,42.835243,9.71865,-0.1832029369841164,-1.8404278873323194,6103.0,-0.18115932321917738,-0.7698043526448052,6069.0,0.15059604536144475,0.30048724267802424,5443,-0.017318806065732252,-0.10307410720874718,6177,-0.26614136,-0.13905796,-0.03039909,-0.6481197,No reliable edge,-0.27555767,-0.12929685,0.23350069,-1.6545691,No reliable edge,0.0942405,0.18753228,0.5953251,-3.550485,No reliable edge,76.74378453038673,5792.0,pattern,
Chart pattern,V reversal,V-top (spike),-1,6320,482,2685,2017-04-05,2026-09-25,-0.03886459336988925,-0.06447270452452228,-0.1537043655318364,9.74151857835218,12.0503,-0.9422488,9.48092353037498,12.865676,-4.046658,10.145200829719027,13.218347,-9.563334,-0.13286251135904684,-1.2559541271704109,6190.0,-0.3487713334211765,-2.0203607679554785,6107.0,-1.395417577609372,-3.9309369427648964,5303,-0.06447270452452228,-0.41447220443293514,6242,-0.07120977,-0.16926488,-0.076190464,-0.42853788,No reliable edge,-0.022740792,-0.54836607,-0.5188412,-0.17758651,Weak - tends to fail,-0.97994816,-1.7205311,-1.5464832,-0.24108386,Works in reverse (fade it),68.66048862679023,5935.0,pattern,
Chart pattern,VCP,VCP breakout,1,1658,418,584,2017-04-11,2026-09-23,0.4977399011542092,0.7674629951932023,1.913434623499075,22.262996941896024,18.256199,-0.08609718,32.924586143470265,31.833876,2.4767017,48.187211601845746,46.82443,10.23731,0.0804565709665281,0.45508355437569364,1635.0,0.29308743362847756,0.7583129392273676,1631.0,1.8155574710571851,2.4123179605398213,1517,0.7674629951932023,2.2920402105570186,1653,0.16909459,0.022411222,-0.03170787,-0.4187157,No reliable edge,0.47373462,0.1699866,0.12694281,-1.9853436,No reliable edge,1.5908072,1.9891087,1.533774,4.420909,Weak edge,49.81707317073171,1640.0,pattern,
Chart pattern,Volume patterns,Buying climax (reversal),-1,722,311,237,2017-04-10,2026-09-24,0.5816911993242583,0.12924056607207757,-0.8285064995288849,13.700564971751412,12.242351,0.24526061,9.30888575458392,14.195178,-2.8316598,10.714285714285714,15.228913,-8.139157,0.737862624691031,2.284130493979506,708.0,-0.39631654984187675,-0.714206465278398,709.0,-2.002564613863548,-1.7916410283044226,644,0.12924056607207757,0.23519696486439595,718,0.59935045,0.83339965,0.77001905,3.6237454,Weak edge,-0.16177717,-0.56637186,-0.45949894,1.966574,No reliable edge,-1.585583,-2.3639488,-2.1092572,2.6647906,No reliable edge,,0.0,pattern,
Chart pattern,Volume patterns,Pocket pivot,1,28637,482,10863,2017-04-05,2026-09-25,0.03698891045688945,0.101419496002287,-0.019116143357908236,20.88122605363985,17.889204,-0.13720363,32.30088495575221,30.281252,1.4650129,45.2958176125873,43.84833,6.2938538,0.022506534148230187,0.5103595070249096,28188.0,-0.08623035895224322,-0.7688667208647773,27572.0,-0.3879488800849924,-1.947198923681557,24914,0.101419496002287,1.207453839623084,28300,0.062079877,-0.0006164668,0.07901609,-0.25941557,No reliable edge,0.044673957,-0.16621085,0.034783766,-1.2113397,No reliable edge,0.19034238,-0.8070649,-0.34743297,-0.78727573,No reliable edge,,0.0,pattern,
Chart pattern,Volume patterns,Selling climax (reversal),1,105,82,28,2017-05-29,2026-02-13,0.09615254898866017,0.2972715942277795,-1.1980116012550535,12.745098039215685,13.302311,-0.76850486,10.476190476190476,19.358458,0.56483513,23.0,35.6363,7.6843104,0.29894574483235675,0.3669758781840539,102.0,0.31918131510416664,0.16866747482186425,105.0,-4.259308471679687,-1.0470902183435995,100,0.2972715942277795,0.2552861782011954,105,0.28299448,0.32083237,-0.8370264,1.5981841,No reliable edge,-0.45469153,1.4349977,1.5234302,2.3401346,No reliable edge,-9.184679,3.7768233,-4.27279,-7.3361697,No reliable edge,,0.0,pattern,
Chart pattern,Wave-3 / ABC measured move,Wave-3 / ABC breakdown,-1,12172,482,5452,2017-04-07,2026-09-25,-0.09610194711713796,-0.16738483085877665,-0.02069989642650819,11.362485227080871,12.810977,-0.8525763,13.01877044945755,14.228717,-3.4817126,12.551313628899836,13.907117,-7.5224433,-0.11592526864949139,-1.9280123996422414,11846.0,-0.2236586686192311,-1.8354302592217797,11614.0,-0.40853410792859707,-1.7675907305844354,9744,-0.16738483085877665,-1.4302408820697308,11950,-0.043609377,-0.15420245,-0.0073643946,-0.25080842,No reliable edge,-0.10347831,-0.29067984,-0.15381795,-0.2255481,No reliable edge,-0.025858616,-0.69734967,-0.55381703,-0.33769926,No reliable edge,61.64030566909543,11254.0,pattern,
Chart pattern,Wave-3 / ABC measured move,Wave-3 / ABC breakout up,1,16211,482,5978,2017-04-05,2026-09-25,0.06479633103306168,0.1057373312962523,0.3868694850812415,20.042724302588592,17.929607,-0.23946267,30.818170250668025,30.415005,1.774349,45.96642821729584,45.255367,8.169194,-0.14467171215777364,-2.431582604052527,15916.0,-0.30988621350720513,-2.2607252535345523,15718.0,0.028732372213418088,0.11790637012362583,14119,0.1057373312962523,0.9335213101992222,16125,-0.09087312,-0.1760984,-0.10077561,-0.4049198,Weak - tends to fail,-0.41449443,-0.24592443,-0.1465986,-1.7500204,Weak - tends to fail,0.28555447,-0.15952608,0.104655705,-2.0321832,No reliable edge,70.09022454378943,14741.0,pattern,
Chart pattern,Wolfe wave,Bearish Wolfe wave,-1,3678,464,1433,2017-04-05,2026-09-25,0.010639470882423518,0.02876193670249761,0.034449885725596194,11.499312242090785,11.680271,-0.5820436,13.59773371104816,14.040332,-2.5804787,14.764890282131663,15.865421,-6.5318713,-0.010677461479848155,-0.11011532593922795,3635.0,0.0005072474817378662,0.002620317059878647,3530.0,-0.7980275121228448,-2.3068047410945174,3190,0.02876193670249761,0.14591558413674027,3650,0.1830549,-0.11970398,0.05542601,-0.0264358,No reliable edge,0.31759682,-0.18819903,0.009428932,0.18119349,No reliable edge,-0.61384046,-0.92753863,-0.5687371,0.2946535,Weak - tends to fail,25.332594235033255,3608.0,pattern,
Chart pattern,Wolfe wave,Bullish Wolfe wave,1,2850,458,1359,2017-04-05,2026-09-25,-0.12897182346366626,-0.34709502600782693,-0.8676984551717711,14.578833693304535,16.380804,-0.01788748,25.79102281089036,27.83833,2.127621,37.353735373537354,39.023426,6.306766,-0.21911889138712654,-1.8899647737930168,2778.0,-0.4542583945571192,-1.730739261637892,2718.0,-1.2505805756356885,-2.19881470451616,2222,-0.34709502600782693,-1.8253045361131661,2777,-0.17597762,-0.24006665,-0.3419271,-0.04883016,No reliable edge,-0.12771213,-0.6186152,-0.82825,-0.38880247,No reliable edge,-1.9567424,-0.76078844,-0.8112072,-2.9182956,Weak - tends to fail,35.42342342342342,2775.0,pattern,
Chart pattern,Wyckoff,Wyckoff spring,1,9762,467,4973,2017-04-06,2026-09-25,-0.3549757420400037,-0.5280763344042944,-1.1988028720793473,15.22594364699628,16.538927,-0.3703655,26.15436467812605,26.900894,0.45890808,39.19491525423729,39.412407,3.8746808,-0.20399977883273523,-2.9444896200386017,9405.0,-0.7113956648129424,-4.784841833763735,8901.0,-1.4001220703125,-3.8014687312918305,7080,-0.5280763344042944,-4.5422019493937675,9258,-0.14262526,-0.23095386,-0.28223413,-0.07488834,Weak - tends to fail,-0.78296196,-0.67689943,-0.6121332,-0.8249533,Works in reverse (fade it),-0.47375885,-2.042064,-1.3931793,0.035415072,Works in reverse (fade it),13.583965105410739,9629.0,pattern,
Chart pattern,Wyckoff,Wyckoff upthrust,-1,18507,476,6748,2017-04-05,2026-09-25,0.17621259281030954,0.4113836209372567,0.9592778927793058,13.425900617722625,11.996686,-0.3307118,17.792032410533423,15.586861,-1.4962821,18.427502985356043,17.472605,-4.455281,0.09609742285300388,1.9250103193785075,18293.0,0.5336936591794676,4.584410039580608,17772.0,0.40867689069275975,2.180479021413959,15911,0.4113836209372567,3.8536947904331913,18396,-0.025925789,0.16336954,0.10408878,0.26072383,No reliable edge,0.28836653,0.6762283,0.48167446,0.84912306,Works (significant),-0.532764,1.0665597,0.33991003,-0.7326566,No reliable edge,10.161299082170206,18413.0,pattern,
Chart pattern,Ascending broadening wedge,Ascending broadening wedge - down breakout,-1,423,271,170,2017-04-13,2026-09-25,-0.9919652822039401,-1.0042206695791156,-1.7632798725940488,9.685230024213075,11.050692,-1.4003285,7.920792079207921,12.314711,-4.598011,10.054347826086957,14.067678,-8.529231,-0.5787468418370725,-2.0367007946098417,413.0,-1.4352226635017018,-2.645463524395721,404.0,-1.9519323266070823,-1.8569437039165035,368,-1.0042206695791156,-1.9613023774725746,420,-0.39136407,-0.7124806,-0.22349124,1.1945244,Weak - tends to fail,-1.2690926,-1.5609035,-2.442109,1.7798377,Weak - tends to fail,-0.22237562,-3.5201833,-2.4466565,0.34432855,No reliable edge,25.679012345679013,405.0,pattern+scale,intermediate
Chart pattern,Ascending broadening wedge,Ascending broadening wedge - down breakout,-1,146,128,67,2017-09-27,2026-09-01,1.343257385561217,1.007584521611189,1.8984462154078316,14.893617021276595,13.690212,-0.25851634,12.857142857142856,13.600588,-3.7210858,15.151515151515152,13.039717,-4.2646966,0.3205891331882342,0.625114304200723,141.0,-0.4344940458025251,-0.4371066680724821,140.0,2.630044648141572,1.2347906669191564,132,1.007584521611189,1.1781155771026077,145,1.7199259,-0.37907928,0.39285278,0.91719925,No reliable edge,1.9799984,-1.7346052,2.0298414,-0.895854,No reliable edge,4.150683,1.7323185,7.5909953,3.154669,No reliable edge,9.15492957746479,142.0,pattern+scale,major
Chart pattern,Ascending broadening wedge,Ascending broadening wedge - down breakout,-1,1155,397,448,2017-04-07,2026-09-24,-0.12164582272880184,-0.07286971482575279,-0.14565249460304644,11.2182296231376,11.854629,-0.64332783,11.040723981900452,13.286731,-3.2551181,12.5,14.673003,-7.4962153,0.01750486342140084,0.10977617685290843,1141.0,-0.21837105729461256,-0.6877186714312506,1105.0,-0.6822835118317407,-1.192476621273894,968,-0.07286971482575279,-0.27737215974968027,1144,-0.116617166,0.09534023,0.034245055,-0.35619512,No reliable edge,0.48265758,-0.6481989,-0.25576738,0.23129548,No reliable edge,0.0046146666,-1.2087383,-0.24325892,-1.3722506,No reliable edge,47.475642161204604,1129.0,pattern+scale,minor
Chart pattern,Ascending broadening wedge,Ascending broadening wedge - up breakout,1,177,148,49,2017-04-05,2026-08-20,0.5647518228750024,0.39657379150664235,1.7037744947842188,21.176470588235293,18.559149,-0.427806,36.99421965317919,33.167507,3.0122974,51.49700598802395,48.09695,11.605836,-0.2323717005112592,-0.44698084189289033,170.0,0.13139376337128567,0.10939646462680297,173.0,2.3659481573961454,1.3758146069110317,167,0.39657379150664235,0.4815906062653184,177,-0.27281088,-0.19808632,-0.7891155,-1.5717031,No reliable edge,0.86415386,-0.49893755,0.53284615,-5.1561885,No reliable edge,5.0957766,-0.14423878,1.9721829,-1.7954066,No reliable edge,71.42857142857143,175.0,pattern+scale,intermediate
Chart pattern,Ascending broadening wedge,Ascending broadening wedge - up breakout,1,109,99,42,2017-11-01,2026-08-18,0.3866046842255997,0.6647533566238136,1.7713790533141556,22.641509433962266,18.97956,0.3165919,35.51401869158878,32.63526,3.2680576,53.92156862745098,44.853844,12.001565,-0.05143736443429623,-0.07960311043624337,106.0,0.17665977121513582,0.12066307230176287,107.0,3.952806360581342,1.5769043079791005,102,0.6647533566238136,0.5970963106431728,109,-1.4265586,0.46646544,0.42553627,-0.885396,No reliable edge,-0.7647897,0.578345,0.6382791,-5.4161415,No reliable edge,-0.34659272,5.918246,3.3802416,0.48828888,No reliable edge,49.51456310679612,103.0,pattern+scale,major
Chart pattern,Ascending broadening wedge,Ascending broadening wedge - up breakout,1,461,275,181,2017-04-05,2026-09-25,0.05874334348608618,0.27923767930750765,2.1435706341023897,24.832214765100673,19.061821,0.044498842,33.409090909090914,31.417088,2.0432048,45.26854219948849,46.070103,7.402646,-0.037157856644666705,-0.12763437422759835,447.0,-0.2263465014371005,-0.33228425720751426,440.0,-0.6583968452785326,-0.5761248763562093,391,0.27923767930750765,0.47903002286655416,458,-0.80921495,0.43218622,-0.0014970005,0.34289324,No reliable edge,-0.6856488,0.0740994,-0.27579713,2.2302055,No reliable edge,-1.9144901,0.35927144,-0.70076597,8.301947,No reliable edge,69.48775055679288,449.0,pattern+scale,minor
Chart pattern,Ascending triangle,Ascending triangle - down breakout,-1,964,388,446,2017-04-07,2026-09-25,0.20007361977116878,0.33999726248468876,0.7024690726355306,9.58904109589041,12.408016,-0.75198823,13.736263736263737,14.127951,-2.3000836,16.417910447761194,16.996103,-5.042496,-0.059094154671446915,-0.36716987362293646,949.0,0.29131305401141827,0.8355820402404518,910.0,0.18068531852456468,0.3023417907924177,804,0.33999726248468876,1.1490714063480159,948,0.17102034,-0.18464524,-0.041739654,-0.35352686,No reliable edge,0.83636874,-0.029251898,0.49171793,0.9184103,No reliable edge,1.6479683,-0.87814623,0.55581635,-0.6642751,No reliable edge,15.40983606557377,915.0,pattern+scale,intermediate
Chart pattern,Ascending triangle,Ascending triangle - down breakout,-1,219,169,93,2017-06-29,2026-09-24,0.21929193099248245,0.6180427866706322,2.1399566101614367,12.264150943396226,14.517018,-0.7155591,19.230769230769234,16.647345,-1.7804523,15.028901734104046,13.733403,-4.9453716,-0.42680232929733564,-1.061377980152732,212.0,0.43659122173602766,0.5774636175436191,208.0,2.1544969150785764,1.3566646820376411,173,0.6180427866706322,0.9860712413713025,215,-0.63291293,-0.30682752,0.27884078,-0.48860493,No reliable edge,-0.35203302,0.9195472,1.1549177,1.1815454,No reliable edge,1.0376709,3.115208,2.4633563,5.6057,No reliable edge,4.326923076923077,208.0,pattern+scale,major
Chart pattern,Ascending triangle,Ascending triangle - down breakout,-1,2902,458,1231,2017-04-06,2026-09-24,-0.012227641370153922,-0.14664357723305027,-0.502809337957839,11.446629213483146,11.602275,-0.70345694,13.621621621621621,14.138993,-2.9957764,14.291581108829568,16.00063,-6.5269737,0.00460476888699478,0.048783961099731384,2848.0,-0.21541644672015767,-1.0704827085787012,2775.0,-0.6801782376957135,-1.835496597987125,2435,-0.14664357723305027,-0.8823994151344516,2872,-0.18900932,0.120252006,-0.010398625,-0.062296595,No reliable edge,-0.57444066,0.010237823,-0.42131987,-0.33198625,No reliable edge,-1.2253282,-0.24998653,-0.46389046,-0.4815126,No reliable edge,24.34325744308231,2855.0,pattern+scale,minor
Chart pattern,Ascending triangle,Ascending triangle - up breakout,1,666,336,259,2017-04-06,2026-09-07,0.4163980362174736,-0.1599257679358798,-1.0435591836314682,21.984732824427482,17.907606,0.18177651,30.93415007656968,30.498526,1.8843422,43.48561759729272,43.806152,6.4622674,0.19689624582538168,0.8330649673868884,655.0,-0.17466647044440323,-0.3482700578924552,653.0,-0.787323101321251,-0.8031659073512709,591,-0.1599257679358798,-0.3667745726877182,664,0.61759174,-0.07302368,0.07460245,0.5959359,No reliable edge,1.5894482,-1.3269236,-0.057427965,-0.42850086,No reliable edge,0.8037869,-2.0200748,-0.4364696,-1.5966384,No reliable edge,37.82542113323124,653.0,pattern+scale,intermediate
Chart pattern,Ascending triangle,Ascending triangle - up breakout,1,185,144,55,2017-04-24,2026-07-13,0.9408283213505874,0.14812529442605335,-0.3984778390630432,26.81564245810056,18.104925,0.17897592,35.51912568306011,31.608397,1.800035,46.20253164556962,47.656662,7.0311737,0.6996968018942039,1.4928207040565324,179.0,0.17550238103814464,0.18280876409186905,183.0,-0.8764137557790249,-0.523790892717242,158,0.14812529442605335,0.20481112691945305,185,0.9149183,0.517757,0.61268175,-1.2470499,No reliable edge,0.18003966,0.17173642,-0.16769165,4.155322,No reliable edge,-1.9905952,0.3566137,-1.1358893,0.99394554,No reliable edge,21.910112359550563,178.0,pattern+scale,major
Chart pattern,Ascending triangle,Ascending triangle - up breakout,1,1836,433,709,2017-04-05,2026-09-23,0.03179350108974362,0.2669646533694668,0.4313275897447354,19.18412348401323,18.304226,-0.34514225,32.02247191011236,30.555946,2.013589,45.12658227848102,44.38341,7.360131,-0.35725417973056783,-2.5945012577863973,1814.0,-0.13755413441175826,-0.43629657632349494,1780.0,-0.4850652767133109,-0.8513669815541546,1580,0.2669646533694668,0.9902507152025777,1830,-0.19971925,-0.4532848,-0.35208115,-0.01574358,Weak - tends to fail,-0.56584585,0.13485202,-0.11564838,-0.48756608,No reliable edge,0.15233427,-0.983056,-0.63029635,0.24487095,No reliable edge,38.91029168959824,1817.0,pattern+scale,minor
Chart pattern,Broadening formation,Broadening formation - down breakout,-1,10,9,5,2018-02-02,2026-04-01,-5.332175940275192,-2.2663727402687073,5.29621391557157,0.0,8.132667,-6.7876406,10.0,6.388879,-7.8608046,12.5,5.9414625,-18.221672,-3.9612709045410157,,10.0,-0.013124036788940429,,10.0,-5.3113932609558105,,8,-2.2663727402687073,,10,-7.862807,-2.2891839,-3.3734121,-4.153054,Too few events,9.860581,-4.244712,1.5559343,-2.335268,Too few events,-0.14213498,-8.412948,-25.004854,-7.5469728,Too few events,,10.0,pattern+scale,intermediate
Chart pattern,Broadening formation,Broadening formation - down breakout,-1,3,3,0,2018-12-10,2020-03-19,-5.9837933629751205,2.703067660331726,6.794253240029017,0.0,9.614134,-7.058686,0.0,2.0935626,-17.153948,0.0,5.996473,-37.014874,-5.164772669474284,,3.0,-1.412663459777832,,3.0,-4.40338134765625,,3,2.703067660331726,,3,-5.1647725,,,-5.1647725,Too few events,-1.4126638,,,-1.4126638,Too few events,-4.4033813,,,-4.4033813,Too few events,,3.0,pattern+scale,major
Chart pattern,Broadening formation,Broadening formation - down breakout,-1,48,46,25,2017-05-24,2026-09-08,-0.22335971104136357,0.10543231396599019,2.5623772314025297,12.76595744680851,11.435715,-0.12839633,17.77777777777778,18.618824,0.3627251,8.571428571428571,18.011354,-1.2631488,0.8257490117499169,0.9330597574342089,47.0,1.8359246148003472,1.1403872611544748,45.0,2.727085440499442,0.6950152889879345,35,0.10543231396599019,0.06916150478144385,47,2.3614993,0.23855038,1.3624729,0.25947145,Too few events,0.43148762,2.406477,-0.029503698,4.1162605,Too few events,3.801148,2.0924118,2.1733885,5.454765,Too few events,63.04347826086957,46.0,pattern+scale,minor
Chart pattern,Broadening formation,Broadening formation - up breakout,1,17,17,11,2018-02-26,2026-09-25,0.18876598333008587,0.22126672556623816,-1.8473169533535838,12.5,16.935808,-0.20348534,25.0,30.22196,-0.18240201,41.66666666666667,47.546646,6.3425994,0.36129051446914673,0.2427828293539347,16.0,-1.7436761856079102,-0.529197661626849,16.0,-2.6710427602132163,-0.42166640848445525,12,0.22126672556623816,0.13057008051303537,16,-5.132466,1.6290804,1.6051614,-1.9024272,Too few events,-8.144463,-0.26657164,-1.3561409,-12.759478,Too few events,-7.1388793,-1.181764,-3.7670362,18.327337,Too few events,,16.0,pattern+scale,intermediate
Chart pattern,Broadening formation,Broadening formation - up breakout,1,11,11,1,2020-06-22,2024-07-04,0.5245535041798245,5.681925165382299,7.372642240741036,27.27272727272727,22.187208,1.5891248,72.72727272727273,41.89888,15.315352,72.72727272727273,69.81116,22.655943,0.7188473614779386,,11.0,8.875494523481889,,11.0,-1.2201749628240413,,11,5.681925165382299,,11,0.9879877,-1.9725559,-0.06435156,,Too few events,7.45164,23.114037,6.6261063,,Too few events,-5.6567383,43.145454,5.715994,,Too few events,,11.0,pattern+scale,major
Chart pattern,Broadening formation,Broadening formation - up breakout,1,61,61,32,2017-04-25,2026-07-27,0.2995990201464442,0.9986139803391988,2.574411127716303,20.0,18.47611,-0.14403363,31.666666666666664,27.774092,1.6817104,39.62264150943396,35.714348,5.31354,-0.1116883118947347,-0.1332671396249473,60.0,0.2864537556966146,0.16521437381821077,60.0,2.4505076858232604,0.7161114321454773,53,0.9986139803391988,0.6679897303727779,61,1.7887504,-1.1350015,0.8119925,-5.533899,No reliable edge,0.6964546,0.04908503,-0.08539088,-6.7583756,No reliable edge,0.005541715,4.185645,-0.23203854,,Too few events,74.57627118644068,59.0,pattern+scale,minor
Chart pattern,Channel down,Channel down - down breakout,-1,95,82,51,2017-09-28,2026-09-24,0.21753230342461216,-1.4363862118562278,-2.2113912564876315,17.20430107526882,13.985987,-0.5565431,14.285714285714285,15.857077,-4.771519,13.698630136986301,13.003659,-8.866609,0.2219389843684371,0.3483604872176934,93.0,-1.5635147933121567,-1.475184186513173,91.0,-2.2634070409487372,-0.9235331825032641,73,-1.4363862118562278,-1.3192813114356177,92,0.46781757,0.116022035,1.1025578,-0.2994976,No reliable edge,-3.431913,-0.7331157,-1.6083503,-2.0047846,No reliable edge,-8.366942,1.5343488,-7.2045302,-3.3991988,No reliable edge,39.130434782608695,92.0,pattern+scale,intermediate
Chart pattern,Channel down,Channel down - down breakout,-1,15,15,3,2018-02-05,2026-02-25,2.9398309563597045,3.4721621374289193,-4.084924993415673,23.076923076923077,24.287294,2.2338324,21.428571428571427,17.47633,-6.916462,21.428571428571427,14.96332,-11.376231,0.41827704356266904,0.1451427618715453,13.0,-3.403140204293387,-0.662276678538543,14.0,2.853703090122768,0.4118140208233478,14,3.4721621374289193,0.7716442270227907,15,0.67437744,-0.15794957,9.563232,-2.6852477,Too few events,-3.9964612,-1.9198399,-8.926261,-2.6472433,Too few events,5.240164,-5.8966503,17.274311,-1.5173254,Too few events,,15.0,pattern+scale,major
Chart pattern,Channel down,Channel down - down breakout,-1,579,312,278,2017-04-18,2026-09-23,-0.6392506933848278,-0.8773140066674859,-0.8914896934610328,9.608540925266903,11.091139,-1.6229802,13.357400722021662,13.1109,-3.9700773,10.180995475113122,12.905875,-7.971354,-0.3058032107098671,-1.35863698025714,562.0,-0.253951447965436,-0.5482377321863106,554.0,-0.7802181330201853,-0.8097191178620211,442,-0.8773140066674859,-2.0301206967232193,569,-0.8479289,-0.05035133,-0.56124675,-0.5645303,No reliable edge,-1.6373352,0.44525877,-0.34696287,-0.12743959,No reliable edge,-0.45264003,-1.0204421,-3.5348616,0.27730197,No reliable edge,48.74551971326165,558.0,pattern+scale,minor
Chart pattern,Channel down,Channel down - up breakout,1,251,184,131,2017-05-26,2026-08-12,0.24450277154560227,0.49817095254640653,0.723400526508993,20.161290322580644,16.35169,0.031523235,27.346938775510203,26.430443,1.1824287,32.67326732673268,36.000614,2.7192743,0.03196992028144098,0.09677458390647786,248.0,-0.3555275430484694,-0.513838741027657,245.0,-2.2433329667195236,-1.3844610545693532,202,0.49817095254640653,0.8173280677326972,251,0.6816051,-0.15315925,0.08013585,-0.25234622,No reliable edge,-0.4217021,-0.33546403,-0.4044847,-0.58202153,No reliable edge,-1.7741822,-2.4277577,-1.3973876,-2.1584485,No reliable edge,49.583333333333336,240.0,pattern+scale,intermediate
Chart pattern,Channel down,Channel down - up breakout,1,53,50,18,2017-12-26,2026-09-18,-0.9579905152070121,-1.9471652689389884,-2.852863847510889,23.076923076923077,18.40681,-0.66337144,20.833333333333336,26.368755,0.665093,41.86046511627907,40.52986,6.1340637,-0.9230550619272085,-1.4005089657103797,52.0,-1.0282458464304607,-0.6000704275104948,48.0,-1.0280452107274256,-0.28329432404012234,43,-1.9471652689389884,-1.674442834852867,52,-0.7898236,-0.98226905,-1.27621,-1.8148433,Too few events,-0.309336,-1.3877008,0.13790737,-4.888247,Too few events,-0.129776,-1.560353,0.051571567,-0.3324341,Too few events,15.217391304347828,46.0,pattern+scale,major
Chart pattern,Channel down,Channel down - up breakout,1,1397,421,652,2017-04-05,2026-09-25,0.0417658121952018,0.23385019724883127,-0.4279917257207592,20.13129102844639,17.734657,0.6066809,28.805970149253728,29.538548,2.8976567,41.40767824497258,41.655968,7.2576895,0.24763868291564095,1.5237555634840163,1371.0,-0.07298600495751224,-0.19021351162693284,1340.0,-0.5854976451811015,-0.7574676575716784,1094,0.23385019724883127,0.834086282153814,1378,0.24341024,0.2498731,0.04804053,0.548833,No reliable edge,-0.042421512,-0.08987966,-0.14218168,0.22719093,No reliable edge,-1.1624268,-0.13947612,-0.17397797,1.3070438,No reliable edge,65.30314097881666,1369.0,pattern+scale,minor
Chart pattern,Channel up,Channel up - down breakout,-1,436,262,184,2017-04-13,2026-09-24,0.25684666133346473,0.5057317175050365,-0.18944648483854634,11.11111111111111,11.43343,-0.89200664,12.009803921568627,13.177654,-3.3212647,11.140583554376658,15.376832,-7.3374596,-0.030427175210722794,-0.11705969727979908,423.0,-0.29870209039426315,-0.614222195060563,408.0,-1.2138129520163297,-1.2487114203551923,377,0.5057317175050365,1.0505850733593003,423,0.15467755,-0.14763635,0.0612841,-0.51509875,No reliable edge,0.023141019,-0.51947045,-0.14511268,0.17871937,No reliable edge,-2.1411536,-0.48424634,-2.878555,1.0377815,No reliable edge,38.01452784503632,413.0,pattern+scale,intermediate
Chart pattern,Channel up,Channel up - down breakout,-1,103,89,38,2017-06-27,2026-09-24,0.6389729415831884,1.2332022153209932,3.2751869779117038,14.432989690721648,12.6666975,0.33595252,13.131313131313133,12.971139,-2.8128061,18.181818181818183,13.729668,-4.7669215,0.9562645351763853,2.056051775367826,97.0,0.7597516763089883,0.7315105676621475,99.0,2.4431336142800073,1.1224693471019,88,1.2332022153209932,1.2991678558395408,101,1.067655,0.859869,1.0158887,1.5149655,Weak edge,-0.59660524,1.9856898,1.5435356,1.0844223,No reliable edge,2.316756,2.594787,4.235636,4.895969,No reliable edge,23.232323232323232,99.0,pattern+scale,major
Chart pattern,Channel up,Channel up - down breakout,-1,1537,435,581,2017-04-05,2026-09-24,-0.0025831923983243156,-0.08910780399054839,-0.9120935423787716,12.266666666666666,12.435301,-0.57672197,15.017064846416384,14.737953,-2.6310952,15.972222222222221,15.685819,-6.081669,-0.0377392578125,-0.2864477122249465,1500.0,-0.05290702845863108,-0.18140413864836571,1465.0,0.11340372062023775,0.21428983546197908,1296,-0.08910780399054839,-0.3357583140043394,1516,0.032286003,-0.076900996,-0.14411475,0.24296506,No reliable edge,-0.66854477,0.3064923,-0.6428295,1.2962991,No reliable edge,-0.40078804,0.4853722,0.057448216,1.5030929,No reliable edge,52.46338215712384,1502.0,pattern+scale,minor
Chart pattern,Channel up,Channel up - up breakout,1,256,187,94,2017-04-10,2026-09-18,-0.08855176824784163,-0.39892223572321966,0.6192852888256312,16.600790513833992,18.355045,-0.3558835,28.4,31.182367,0.94391286,44.888888888888886,43.848362,7.624593,-0.3732832656076303,-0.900892362364468,253.0,-1.114877197265625,-1.4080400103634598,250.0,0.8180495876736111,0.6239095109751978,225,-0.39892223572321966,-0.5987928657812805,255,-0.48274332,-0.29934335,-0.5176907,0.03508671,No reliable edge,-0.5330225,-1.5225713,-0.9167077,-3.407067,No reliable edge,0.7971258,0.83571476,1.3896856,4.999436,No reliable edge,61.693548387096776,248.0,pattern+scale,intermediate
Chart pattern,Channel up,Channel up - up breakout,1,49,48,25,2017-07-07,2026-08-11,1.1173299817862559,0.9348587094977194,-2.1065218819548255,21.73913043478261,19.203548,-0.5253947,28.26086956521739,30.245462,0.105318815,34.146341463414636,40.85895,4.429751,-0.3618093573528787,-0.38946365233340097,46.0,-1.3229071575662363,-0.5933535810029201,46.0,-0.37484424870188643,-0.10768720340483359,41,0.9348587094977194,0.4638003679427878,49,-1.1405929,-0.117048755,-0.71253014,-2.006048,Too few events,-1.8267468,-1.1244248,-0.6167029,-8.381288,Too few events,8.998579,-4.726791,-1.0899721,0.24066496,Too few events,48.888888888888886,45.0,pattern+scale,major
Chart pattern,Channel up,Channel up - up breakout,1,783,355,240,2017-04-06,2026-09-21,-0.25166756842902294,-0.6885171596870603,-0.07882205486239019,19.790301441677588,18.533642,-0.43214667,32.19448094612352,31.841103,1.7946299,48.77344877344878,47.795544,8.686431,-0.3715678723736484,-1.7251683964621933,763.0,-0.5913825417316853,-1.2055681023224274,761.0,-0.2917173531492379,-0.3619497887828239,693,-0.6885171596870603,-1.857386641187099,777,-0.41734985,-0.34302723,-0.32595447,0.1554836,No reliable edge,-1.379115,-0.081573024,-0.71168554,0.8312169,No reliable edge,-0.9868512,0.23891912,-0.0010345064,-2.145794,No reliable edge,65.69920844327177,758.0,pattern+scale,minor
Chart pattern,Cup & handle,Cup & handle,1,7,7,2,2021-01-06,2026-01-02,0.46246383073074476,-0.8365287578531674,-5.16762871827398,0.0,13.649201,-0.15960804,0.0,22.478844,-5.070058,0.0,51.735836,-7.14874,0.5980653081621442,,7.0,-4.4989422389439175,,7.0,-18.56990966796875,,5,-0.8365287578531674,,7,-6.057501,1.7073264,0.7188216,,Too few events,-14.18945,-2.8838575,-3.5666792,,Too few events,-35.02787,-14.45542,-16.963081,,Too few events,,7.0,pattern+scale,intermediate
Chart pattern,Cup & handle,Cup & handle,1,6,6,1,2018-01-10,2026-07-16,1.0932795703411102,0.9868594507376353,4.67101015150547,16.666666666666664,15.407636,-0.29246846,40.0,27.70724,2.0427723,60.0,43.564137,8.231735,0.667489767074585,,6.0,1.7176925659179687,,5.0,2.5120418548583983,,5,0.9868594507376353,,6,5.1929183,-0.23759592,-0.22071998,,Too few events,0.5307548,2.0144267,1.7176924,,Too few events,-2.910667,3.8677192,2.5120418,,Too few events,,6.0,pattern+scale,minor
Chart pattern,Cup & handle,Inverse cup & handle,-1,3,3,1,2021-07-26,2025-09-25,-1.8337140480677288,-1.0354552417993546,-10.373670856157938,0.0,5.0026555,-4.067127,0.0,9.540586,-7.775032,0.0,8.757477,-15.336703,-2.1842209498087564,,3.0,-2.673564592997233,,3.0,-3.694155216217041,,2,-1.0354552417993546,,3,-4.764909,-0.8938769,-3.6394842,0.7263057,Too few events,-6.2423205,-0.88918674,-6.0030565,3.985419,Too few events,-13.034083,5.645773,-13.034083,5.645773,Too few events,,3.0,pattern+scale,intermediate
Chart pattern,Cup & handle,Inverse cup & handle,-1,6,6,4,2022-05-24,2025-01-10,3.2823605618129172,3.487247104446093,1.583933209379514,16.666666666666664,19.193172,3.4519758,50.0,31.677555,8.024011,16.666666666666664,14.890045,-1.0741159,2.316901206970215,,6.0,5.441314697265625,,6.0,2.523763656616211,,6,3.487247104446093,,6,,2.3169012,6.9234557,1.517791,Too few events,,5.4413147,19.47703,2.2368927,Too few events,,2.5237634,30.792654,-3.4998965,Too few events,,6.0,pattern+scale,minor
Chart pattern,Cup (no handle),Cup (no handle) breakout,1,300,208,116,2017-04-11,2026-09-24,-0.21587915809492672,-0.5324207207760647,-0.49213849863446985,21.232876712328768,18.400877,-0.65882796,30.851063829787233,31.04901,1.2832422,43.673469387755105,44.78842,7.576128,-0.6143612273751873,-1.6167614889674655,292.0,-0.722275862457059,-0.8585786580106288,282.0,0.18445260184151785,0.10910492049979258,245,-0.5324207207760647,-0.8344592539859457,296,-0.19532914,-0.8866137,-0.06465374,-0.77189726,No reliable edge,-1.517356,-0.15020594,-0.15568903,1.0224087,No reliable edge,-0.91820204,1.2089665,0.06305944,5.8464985,No reliable edge,61.904761904761905,273.0,pattern+scale,intermediate
Chart pattern,Cup (no handle),Cup (no handle) breakout,1,203,169,73,2017-04-20,2026-09-03,0.23404920767313742,1.0628331851084434,3.008277691939535,20.603015075376884,19.49181,-0.3101104,37.17277486910995,33.698963,3.985542,53.25443786982249,47.777576,11.613113,-0.5615278847852544,-1.3173506643983424,199.0,1.3187554644040411,1.441797747538122,191.0,3.1890164888822117,1.699634171949469,169,1.0628331851084434,1.2332557514262101,201,-1.3696561,-0.16050196,-0.8796218,2.475748,No reliable edge,-0.64448684,2.3795395,1.6771697,7.6802926,No reliable edge,-2.4814045,6.913705,4.4472055,4.649112,No reliable edge,56.613756613756614,189.0,pattern+scale,major
Chart pattern,Cup (no handle),Cup (no handle) breakout,1,61,57,23,2017-10-25,2026-09-04,0.33141566806885064,-0.21504287607967854,0.21864089649170637,25.0,17.693712,-0.04419155,34.54545454545455,30.897894,2.5053282,40.816326530612244,44.004395,7.304964,-0.22193503379821777,-0.2525175775769153,60.0,-0.9561566439541903,-0.4456518531655254,55.0,-2.162285940987723,-0.6429878694082887,49,-0.21504287607967854,-0.14771834213056279,60,0.13080366,-0.4916764,0.5548327,0.6794357,No reliable edge,-2.9565165,0.83726954,2.137086,-3.214927,Too few events,-6.34067,2.965731,-1.0407676,0.5267496,Too few events,58.92857142857143,56.0,pattern+scale,minor
Chart pattern,Cup (no handle),Inverted cup breakdown,-1,150,119,69,2017-08-02,2026-09-22,0.7633567423414008,0.9427134536913243,3.275502210534695,14.583333333333334,15.353039,-0.8750017,14.084507042253522,15.808471,-2.033796,12.068965517241379,14.811153,-2.9289627,-0.5504137145148383,-1.0823245375316193,144.0,0.44943065374669894,0.5258827331416609,142.0,2.2575241615032327,1.0837167540822734,116,0.9427134536913243,0.9241871109232739,145,-1.5533433,-0.016940497,0.13902159,-1.4161584,No reliable edge,-1.2761362,1.3872386,0.39301997,0.30525842,No reliable edge,1.3789417,2.9231172,1.8249166,-0.3324118,No reliable edge,41.95804195804196,143.0,pattern+scale,intermediate
Chart pattern,Cup (no handle),Inverted cup breakdown,-1,63,53,27,2017-08-02,2026-09-07,1.9392391363720571,2.174754575976441,2.6952041733649468,16.666666666666664,15.6159315,0.30585214,14.754098360655737,14.855538,-3.8621664,12.76595744680851,11.666994,-5.469301,0.41519463857014977,0.44857817956112134,60.0,-0.3875337194223873,-0.21363283955463003,61.0,3.5916718827917222,1.109716115597872,47,2.174754575976441,1.1963634044737177,62,1.7665035,-0.31243318,-2.2666976,2.4494004,No reliable edge,0.5446481,-0.9517491,-2.4708278,1.0821897,No reliable edge,2.8610566,4.291845,-1.3671188,2.7593412,Too few events,27.419354838709676,62.0,pattern+scale,major
Chart pattern,Cup (no handle),Inverted cup breakdown,-1,36,32,15,2017-08-08,2026-09-11,0.03446827243481364,0.9328074862851816,6.1357971554731625,8.823529411764707,15.176238,-1.8158427,21.21212121212121,19.029308,-0.27704787,6.25,14.602322,-7.070924,-1.4203046910903032,-1.3716597182190555,34.0,1.4650552923029119,0.7053050126351054,33.0,-1.266244888305664,-0.32440641532622894,32,0.9328074862851816,0.3883025664914804,34,-3.077883,-0.7296471,-2.1568313,-1.5529872,Too few events,-6.432706,4.8988643,-2.4918156,4.8515115,Too few events,-7.1475706,1.4070851,-4.262648,-2.7885828,Too few events,61.76470588235294,34.0,pattern+scale,minor
Chart pattern,Darvas box,Darvas box breakdown,-1,4329,462,1701,2017-04-07,2026-09-25,-0.2940640134042197,-0.24150976008334402,-0.33785721060782153,9.761848620608347,12.050341,-1.1811125,10.089307265266715,13.136324,-3.6804292,12.190626645602949,14.349292,-7.4633584,-0.3371730841322064,-3.9816844810778496,4241.0,-0.5754829423311911,-2.798213660828945,4143.0,-1.001875537392213,-3.0106981393411503,3798,-0.24150976008334402,-1.3585432443315988,4269,-0.3364143,-0.3376563,-0.310172,-0.18557367,Works in reverse (fade it),-0.4917313,-0.6318133,-0.7713351,0.7375336,Weak - tends to fail,-0.8754197,-1.101221,-0.87872213,-0.6617127,Works in reverse (fade it),43.67462757152991,4229.0,pattern+scale,bar
Chart pattern,Darvas box,Darvas box breakout,1,3795,443,1373,2017-04-05,2026-09-23,0.25288962933162284,0.45466592310997894,1.3564797546053808,20.457604306864063,18.660463,-0.3093904,34.28261459180906,32.318924,2.448003,48.77764842840512,46.677074,8.758598,-0.1883672578177574,-1.5615466430293752,3715.0,0.3791085417302346,1.4245675198395367,3687.0,0.9902782862067084,2.245913567414604,3436,0.45466592310997894,2.1749193740957224,3774,-0.3279442,-0.10501715,-0.09942838,-1.3719618,No reliable edge,0.59734255,0.24365954,0.5651938,-2.0214846,No reliable edge,2.052506,0.2474544,0.9933695,-5.516849,Weak edge,65.4157667386609,3704.0,pattern+scale,bar
Chart pattern,Descending broadening wedge,Descending broadening wedge - down breakout,-1,36,35,18,2017-08-10,2026-09-10,-1.8898832301298778,-2.7873840369284153,0.3445916303566524,17.142857142857142,15.613158,-0.6269116,8.823529411764707,13.911427,-6.68827,8.695652173913043,8.590023,-7.5472145,-0.197184876033238,-0.18932340868525813,35.0,-2.5924346026252296,-0.9373569156055884,34.0,2.613120701002038,0.6738805745984615,23,-2.7873840369284153,-1.3848864718001102,35,-2.4029448,1.1062186,-2.3065307,0.113498926,Too few events,-9.545585,1.7118963,-3.095964,-2.3881402,Too few events,4.60213,-0.48089302,7.3941503,-9.374161,Too few events,35.294117647058826,34.0,pattern+scale,intermediate
Chart pattern,Descending broadening wedge,Descending broadening wedge - down breakout,-1,5,5,0,2018-12-07,2022-06-13,-2.18722652643919,-0.35310015082359314,-11.388866305351257,20.0,7.6542606,-5.9074965,0.0,2.2400918,-24.575493,0.0,4.095568,-40.78303,-1.0002937316894531,,5.0,-7.655301666259765,,5.0,-7.524705505371093,,5,-0.35310015082359314,,5,0.3673473,-6.4708576,,-0.05834633,Too few events,-9.084098,-1.9401147,,-8.2675705,Too few events,-8.511581,-3.5772011,,-6.0648136,Too few events,,5.0,pattern+scale,major
Chart pattern,Descending broadening wedge,Descending broadening wedge - down breakout,-1,231,180,102,2017-04-19,2026-09-22,-0.027342261500361207,1.0359604242340192,1.571280646448334,12.785388127853881,14.016855,-0.88830405,13.513513513513514,16.204735,-2.6978717,13.846153846153847,13.778509,-7.9705215,-0.014995030616516391,-0.037220742945811805,219.0,0.5163124015739372,0.6253412480595806,222.0,0.9031386155348557,0.5070920163112992,195,1.0359604242340192,1.765077249565284,226,0.46324006,-0.26916188,0.93595254,-1.170892,No reliable edge,1.9976612,-0.31825042,-0.08007115,-0.56891644,No reliable edge,4.0136695,-1.3540603,1.4358678,-0.071741186,No reliable edge,58.744394618834086,223.0,pattern+scale,minor
Chart pattern,Descending broadening wedge,Descending broadening wedge - up breakout,1,196,150,97,2017-07-03,2026-08-18,0.08727565006238922,-0.33469951749608223,1.2951894325488897,17.857142857142858,17.124882,0.28799096,26.42487046632124,30.352146,2.6039019,40.74074074074074,39.9602,6.6999235,0.08935585800482303,0.22169476717913167,196.0,-0.9937608155561852,-1.1628526986594148,193.0,-0.5880892718279803,-0.3193244193580592,162,-0.33469951749608223,-0.5216697196421032,196,0.3122061,-0.0020287535,0.78839993,0.4118687,No reliable edge,-1.1387582,-0.9329898,-1.0078988,-0.82335633,No reliable edge,1.4184616,-1.6773597,-0.5176084,1.2294195,No reliable edge,44.632768361581924,177.0,pattern+scale,intermediate
Chart pattern,Descending broadening wedge,Descending broadening wedge - up breakout,1,58,55,16,2018-11-02,2026-02-20,1.6208539108729696,2.5052301505387855,5.567056431980996,19.642857142857142,16.704632,0.094611526,41.07142857142857,33.439995,6.813847,64.58333333333334,58.137333,19.264528,0.27866618973868235,0.39554436347788285,56.0,2.4107892172677174,1.4882660793310993,56.0,0.8359051545461019,0.2716361207308114,48,2.5052301505387855,1.5274570640680862,58,0.060651302,0.5128303,0.74495167,0.56120664,Too few events,3.0068183,1.7706099,0.8337202,5.788668,Too few events,1.207758,0.21615012,1.5004102,4.6814113,Too few events,32.758620689655174,58.0,pattern+scale,major
Chart pattern,Descending broadening wedge,Descending broadening wedge - up breakout,1,882,366,369,2017-04-07,2026-09-25,-0.47232316782725675,-0.5683446895186556,-0.647767685606868,14.631336405529954,16.600979,-0.1807592,24.708624708624708,27.693546,1.687833,40.43126684636118,40.1079,7.691136,-0.2822762941984537,-1.3090219074665541,868.0,-0.680785279173951,-1.4785609299674995,858.0,-0.056931976359488184,-0.06288660778966097,742,-0.5683446895186556,-1.7735598074541112,876,-0.71736544,-0.039345022,-0.03189106,-0.9250695,No reliable edge,-0.5867882,-0.73449796,-0.10919116,-2.1055715,No reliable edge,0.47798112,-0.44505495,0.4360135,0.005587856,No reliable edge,61.37689614935823,857.0,pattern+scale,minor
Chart pattern,Descending triangle,Descending triangle - down breakout,-1,579,326,303,2017-04-20,2026-09-25,0.4180377915784756,0.43119543134119664,0.6658052186389546,13.416815742397137,11.512241,-0.4511636,18.634686346863468,15.308907,-1.6822205,15.081206496519723,13.352172,-5.8622146,0.47750559689107225,1.8824881603522294,559.0,1.1143151314936002,2.4576496738600095,542.0,0.5595930767723136,0.6045730005365074,431,0.43119543134119664,1.0482481334362643,566,0.6841489,0.40033174,0.04502806,0.2919151,No reliable edge,1.9563544,0.77706426,1.1504409,-0.25983232,Weak edge,2.3429992,-0.4419575,-2.0086608,-0.9104332,No reliable edge,14.594594594594595,555.0,pattern+scale,intermediate
Chart pattern,Descending triangle,Descending triangle - down breakout,-1,147,125,83,2017-04-18,2026-09-18,0.33078341312556675,0.35090447439562894,0.3333901761905521,8.695652173913043,12.452232,-1.0794702,13.768115942028986,15.119132,-3.9055645,10.989010989010989,12.093297,-7.8317356,-0.17464239700980808,-0.39582529023063057,138.0,-0.6251560155896173,-0.8049405299892133,138.0,-1.0067801003927712,-0.47615099290697827,91,0.35090447439562894,0.47564180116124144,142,-1.5474104,0.23977816,-0.6924822,-0.044816576,No reliable edge,-1.7926784,-0.2582204,-0.0422879,-2.5839052,No reliable edge,-0.8778963,-1.0801108,-6.620472,-3.0351644,No reliable edge,0.7092198581560284,141.0,pattern+scale,major
Chart pattern,Descending triangle,Descending triangle - down breakout,-1,1664,440,779,2017-04-18,2026-09-24,-0.08730621816833778,-0.09783529231400724,-0.18314004102565168,12.222222222222221,13.192685,-0.7530309,14.213197969543149,14.61188,-2.8442128,14.17854463615904,14.674372,-5.9256854,-0.12650649459273727,-1.0443507290869243,1620.0,-0.006859485267987711,-0.022894450245867996,1576.0,0.40011305927067703,0.7796504026947028,1333,-0.09783529231400724,-0.34675761902880514,1619,-0.27544805,-0.053270027,-0.08631176,-0.22304218,No reliable edge,-0.1308996,0.057431057,0.36461645,-0.17507415,No reliable edge,0.54042536,0.3042684,0.98171777,-0.39090422,No reliable edge,26.001232285890325,1623.0,pattern+scale,minor
Chart pattern,Descending triangle,Descending triangle - up breakout,1,1092,394,468,2017-04-11,2026-09-23,0.07018935748201865,0.03528319990801485,-0.3872496493341323,19.387755102040817,16.449612,0.0017835934,29.523809523809526,27.261003,1.3432406,40.19933554817276,38.569016,4.806561,0.14733975893491275,0.955499184601854,1078.0,0.22454121907552083,0.5668371873687361,1050.0,-0.4337497850589182,-0.5762631302885061,903,0.03528319990801485,0.1290470207166266,1078,0.8618906,-0.20498727,0.30861378,-0.43777108,No reliable edge,0.47784546,0.09294029,0.76282984,-0.6641027,No reliable edge,1.2429144,-1.5402249,0.61626744,0.16616221,No reliable edge,30.122757318224743,1059.0,pattern+scale,intermediate
Chart pattern,Descending triangle,Descending triangle - up breakout,1,304,217,151,2017-06-01,2026-09-18,0.1718757423593758,0.2693246257958618,-0.4430160937872269,19.063545150501675,16.688543,-0.10630183,26.89655172413793,27.89684,0.68415636,43.60189573459716,40.759586,5.6557145,0.21167593098005721,0.6306304162901768,299.0,-0.40097261626144937,-0.6018870003638364,290.0,0.6507749873879961,0.4339107715010774,211,0.2693246257958618,0.3704865274470637,301,1.2022896,-0.09680462,0.24816497,0.8389653,No reliable edge,-0.36866772,-0.4114459,-0.74627024,-0.8283533,No reliable edge,-0.25685668,1.1110739,-0.53625154,-0.018604755,No reliable edge,14.074074074074074,270.0,pattern+scale,major
Chart pattern,Descending triangle,Descending triangle - up breakout,1,3066,462,1323,2017-04-05,2026-09-25,-0.0833258579816969,-0.062272737948727695,-0.33916324162109046,18.704318936877076,17.245314,0.09285942,28.54237288135593,28.499273,1.4723107,42.43614931237721,41.88804,6.850627,0.041133791901344474,0.39346404482421105,3010.0,-0.40225060414459746,-1.8293977139880557,2950.0,-0.3735090634209234,-0.9256156826318894,2545,-0.062272737948727695,-0.35547809600886404,3032,0.1691368,-0.03028819,-0.108357064,0.6046795,No reliable edge,-0.036992434,-0.6153669,-0.5852984,-0.6174855,No reliable edge,-0.32340235,-0.41104606,-0.70270413,0.28050098,No reliable edge,33.94858272907054,3034.0,pattern+scale,minor
Chart pattern,Diamond,Diamond - down breakout,-1,531,310,273,2017-05-04,2026-09-15,-0.13547186691419416,0.21385301493644487,1.2523826055862957,9.505703422053232,12.493939,-0.88654405,15.157480314960631,13.833971,-1.6614416,16.51376146788991,16.618628,-3.9403918,-0.15598951274451195,-0.8325980408008482,526.0,0.660694632943221,1.4212731850994968,508.0,0.44221832555368407,0.4718822081406143,436,0.21385301493644487,0.5232842853466046,528,-0.031612635,-0.20423068,-0.074441716,-0.0503735,No reliable edge,1.5728664,0.28569058,1.0473754,0.69538105,No reliable edge,0.66024965,0.32902446,0.9167878,1.978367,No reliable edge,13.429752066115702,484.0,pattern+scale,intermediate
Chart pattern,Diamond,Diamond - down breakout,-1,112,100,46,2017-08-08,2026-09-15,-0.048489255310447364,0.7935918948020447,2.960759753344256,10.185185185185185,12.6912,-0.6879018,17.75700934579439,16.315397,-1.5503678,18.91891891891892,13.193102,-1.4578965,-0.08954208868521231,-0.19343669089559684,108.0,0.77359700425763,0.715231417752866,107.0,5.411803374419341,2.2708627376587995,74,0.7935918948020447,1.0584413398131218,110,0.21161748,-0.2887708,0.1614496,-1.0104417,No reliable edge,-1.0133533,1.9742042,3.2502966,0.30258587,No reliable edge,5.614685,5.1303864,4.8165607,23.087523,Weak edge,3.1914893617021276,94.0,pattern+scale,major
Chart pattern,Diamond,Diamond - down breakout,-1,1946,448,872,2017-04-13,2026-09-24,-0.009133195800329987,0.12000402516534558,0.3399561137329549,11.33159268929504,12.906924,-0.54091424,16.15673644659152,15.590567,-2.23275,16.01246105919003,15.841432,-5.394533,-0.053885142672466545,-0.4628510834491414,1915.0,0.12846121427133655,0.5209400190633934,1863.0,0.27996628425574377,0.5725535581815971,1605,0.12000402516534558,0.5370084007419501,1926,0.1654734,-0.16791677,0.09457591,-0.42549187,No reliable edge,0.73778456,-0.20504716,-0.09204085,-0.2748354,No reliable edge,0.5759225,0.0727342,-0.04364446,-0.20414834,No reliable edge,21.568627450980394,1734.0,pattern+scale,minor
Chart pattern,Diamond,Diamond - up breakout,1,582,318,283,2017-04-28,2026-09-23,-0.05015655678483,-0.31144922182594453,-1.0457318613483395,18.914185639229423,16.38009,-0.28347906,28.24156305506217,27.076609,0.9723806,39.6588486140725,38.94489,3.8961916,-0.05676290909588441,-0.24877703245709726,571.0,-0.0395525293705942,-0.07371083937702715,563.0,-1.2679717952508662,-1.2708185682762347,469,-0.31144922182594453,-0.8505845467244634,579,0.23732805,-0.18039815,-0.13555637,-0.59865963,No reliable edge,0.24787939,-0.16388696,0.55350226,-1.8438818,No reliable edge,-0.7174763,-1.5838602,-0.6149957,-3.775493,No reliable edge,25.294117647058822,510.0,pattern+scale,intermediate
Chart pattern,Diamond,Diamond - up breakout,1,172,146,76,2017-10-17,2026-09-04,0.10430648365209616,-0.14535487705721842,-1.0749594358328198,18.34319526627219,17.17503,0.009267528,29.166666666666668,28.939375,1.9535952,43.41085271317829,43.878994,6.48501,0.22161228699091623,0.5136895157116779,169.0,0.5975725991385323,0.6734021678807346,168.0,-0.3250154007312863,-0.16580818927831156,129,-0.14535487705721842,-0.21047062514123527,171,0.7377174,-0.041048367,-0.17060953,3.758504,No reliable edge,0.29253614,0.75421286,-0.4385238,4.310583,No reliable edge,-0.45661914,-0.22082911,-2.0680718,8.198655,No reliable edge,11.39240506329114,158.0,pattern+scale,major
Chart pattern,Diamond,Diamond - up breakout,1,1985,444,785,2017-04-05,2026-09-25,0.020930395615583755,0.08747884800033005,-0.20023471867570253,18.028600612870278,17.04974,-0.05449998,28.615863141524105,28.921333,1.9454057,43.12908982748364,42.74467,7.3358088,0.031392154946877596,0.252809903997571,1958.0,0.03107171580234051,0.10659859023345487,1929.0,0.03926581587556003,0.07013872584050822,1681,0.08747884800033005,0.38460125545343515,1970,0.11930911,-0.019514594,0.1341787,0.40443525,No reliable edge,0.3714487,-0.17343697,0.4135671,-0.7816525,No reliable edge,0.4322218,-0.25873947,-0.14660858,0.85989094,No reliable edge,31.038374717832955,1772.0,pattern+scale,minor
Chart pattern,Divergence,Bearish divergence (MACD hist),-1,5632,479,2304,2017-04-06,2026-09-25,-0.15620482967056515,-0.32824953152351927,-0.2645310234781579,9.574660633484163,11.21894,-1.1299117,10.559583565718535,12.91371,-3.5388877,13.181163890602509,15.236458,-7.550092,-0.16213146917420815,-2.013669542124302,5525.0,-0.49476606798429074,-2.9806192311875477,5379.0,-1.3684848641849168,-4.839120573952385,4863,-0.32824953152351927,-2.1368197978287666,5548,-0.09064367,-0.20384805,-0.21813123,0.14636074,Weak - tends to fail,-0.4649673,-0.5132031,-0.7288916,-0.004364415,Weak - tends to fail,-1.3844432,-1.3567567,-1.406903,0.39362592,Works in reverse (fade it),,0.0,pattern+scale,intermediate
Chart pattern,Divergence,Bearish divergence (MACD hist),-1,10395,485,3964,2017-04-05,2026-09-25,0.1495333217234791,0.13044519268667149,0.03331040120375281,11.357638549506403,11.382593,-0.5838014,13.800381947934465,13.847995,-2.7594442,15.394033837934105,16.15463,-6.3313217,0.04835275652447983,0.8915372028556952,10231.0,-0.08761379814397176,-0.7295151073448717,9949.0,-0.5066968556078862,-2.533139875690954,8984,0.13044519268667149,1.2119055460081538,10287,0.1199227,0.0061867447,0.06894317,0.11967454,No reliable edge,0.09149429,-0.19934076,-0.112682216,0.69659835,No reliable edge,-0.62713176,-0.41744432,-0.42933863,0.47504103,Weak - tends to fail,,0.0,pattern+scale,minor
Chart pattern,Divergence,Bearish divergence (MFI),-1,4811,470,1895,2017-04-06,2026-09-25,-0.09073982094984291,-0.2118516631853287,-0.27128925022581396,9.52078032230704,11.147926,-1.0570756,9.958776307224996,12.731363,-3.6289494,11.84053473382669,14.535347,-8.114354,-0.11204928720877068,-1.2552991235397422,4716.0,-0.5121347266387773,-2.832337641052932,4609.0,-1.6126360753237645,-4.878596306704788,4189,-0.2118516631853287,-1.2346410564089851,4745,-0.09320069,-0.123170346,-0.24570921,0.38106427,No reliable edge,-0.37221822,-0.5992869,-0.95966953,0.5282846,Weak - tends to fail,-1.3499129,-1.8050609,-1.7600355,0.72135276,Works in reverse (fade it),,0.0,pattern+scale,intermediate
Chart pattern,Divergence,Bearish divergence (MFI),-1,9799,482,3780,2017-04-05,2026-09-25,0.0354144894501408,-0.08086809029731358,-0.11734710317237242,11.336998236697438,11.454968,-0.622868,12.763241863433311,13.51642,-3.0597956,14.432260346657234,15.574749,-6.8857107,-0.03010325001033185,-0.5195197539477057,9641.0,-0.32574152586384547,-2.7088351873803806,9402.0,-0.8906401994163424,-4.243256801298056,8481,-0.08086809029731358,-0.7291101038133243,9689,0.035982102,-0.06843102,0.04897899,-0.055110212,No reliable edge,-0.37973332,-0.2927656,-0.37337837,0.15497792,Weak - tends to fail,-1.1813937,-0.6794844,-0.7958243,-0.48739737,Works in reverse (fade it),,0.0,pattern+scale,minor
Chart pattern,Divergence,Bearish divergence (OBV),-1,1277,388,550,2017-04-06,2026-09-25,0.44305443283335505,0.3735056697919462,0.1427894466882193,10.539018503620273,11.340536,-0.59607303,12.694512694512694,14.104252,-2.7379413,13.53874883286648,16.056292,-6.866029,0.3023371063502489,1.9666453137603397,1243.0,0.037325397463336914,0.11480452988946376,1221.0,-1.2493161327030813,-2.154222837533088,1071,0.3735056697919462,1.3349025833404395,1260,0.4463365,0.21627064,0.16101228,1.0949169,No reliable edge,0.48024988,-0.23987101,-0.20104624,0.2631693,No reliable edge,-1.2418362,-1.2552102,-0.97206944,0.54993725,Weak - tends to fail,,0.0,pattern+scale,intermediate
Chart pattern,Divergence,Bearish divergence (OBV),-1,4393,471,1810,2017-04-06,2026-09-25,0.13512275686918077,0.1290481486653815,-0.054675339859475924,11.928934010152284,11.95089,-0.44168594,13.3934932320114,14.255124,-2.6202092,15.13586956521739,16.344715,-5.9573836,0.10065255651399184,1.2803298585946272,4334.0,-0.14718176434765345,-0.8299769436296464,4211.0,-0.725311279296875,-2.393247522595912,3680,0.1290481486653815,0.9275620788138456,4341,0.050804123,0.13026096,0.08848087,0.2971923,No reliable edge,-0.15136875,-0.1445665,-0.33523074,0.6589479,No reliable edge,-0.67966753,-0.76124555,-0.52603346,-0.6950522,Weak - tends to fail,,0.0,pattern+scale,minor
Chart pattern,Divergence,Bearish divergence (RSI),-1,4197,470,1648,2017-04-06,2026-09-25,-0.19367819561837837,-0.3408712001089128,-0.2532240049625725,9.298373391599903,11.203961,-1.0264685,9.990059642147116,12.825998,-3.6818573,11.431682090364726,14.288129,-8.393653,-0.09733663412169595,-1.058569006574449,4119.0,-0.5798179671968191,-2.9067467277645873,4024.0,-1.75821798342236,-5.350707976196956,3674,-0.3408712001089128,-1.7150470968440967,4149,0.09295957,-0.21096832,-0.16260405,0.28638428,No reliable edge,-0.4015798,-0.69207406,-0.76576793,-0.0018104581,Weak - tends to fail,-1.3860327,-2.0322561,-1.6651952,-0.4830064,Works in reverse (fade it),,0.0,pattern+scale,intermediate
Chart pattern,Divergence,Bearish divergence (RSI),-1,7468,478,2849,2017-04-06,2026-09-25,-0.12267467809645158,-0.17732193880753674,-0.2778293187213332,11.160957041870583,11.618933,-0.6256553,12.695530726256985,13.686742,-2.8772023,14.091470951792337,15.796159,-6.9920597,-0.03406488357386296,-0.5437085248127929,7356.0,-0.28830658470452164,-2.187399924682536,7160.0,-1.150699195814663,-5.0629180904453595,6472,-0.17732193880753674,-1.3514882892188513,7389,0.088920206,-0.10643248,0.011309823,0.1219927,No reliable edge,-0.07196438,-0.4224192,-0.40080705,0.38329577,Weak - tends to fail,-1.2017318,-1.1132078,-1.0864153,-0.045495342,Works in reverse (fade it),,0.0,pattern+scale,minor
Chart pattern,Divergence,Bullish divergence (MACD hist),1,3476,473,1685,2017-04-07,2026-09-25,-0.3385278479864853,-0.45012236848868814,-0.6481100267690522,17.39766081871345,18.001942,0.29393533,27.091396248883598,28.585014,1.5439281,36.8569415081043,39.11582,4.4466076,-0.1444164610745614,-1.411249702179312,3420.0,-0.6341118456246279,-2.6445163230195576,3359.0,-1.8652703336967054,-4.272579349851891,2838,-0.45012236848868814,-2.3449887001555716,3433,-0.049204674,-0.18694763,-0.007211426,-0.39904228,No reliable edge,-0.3601058,-0.7609709,-0.5302956,-0.94843036,Weak - tends to fail,-2.016107,-1.7748023,-1.8648971,-2.3541646,Works in reverse (fade it),,0.0,pattern+scale,intermediate
Chart pattern,Divergence,Bullish divergence (MACD hist),1,7267,480,3454,2017-04-05,2026-09-25,0.0025067632068739814,-0.0675587901998051,-0.5159287845521151,16.46067415730337,16.235872,0.13010824,26.692651941677493,27.393198,1.7943467,37.99313893653517,38.7345,5.468861,0.06471313733733103,0.9329803659449195,7120.0,-0.08672414597656813,-0.5090103980816407,6927.0,-0.7337121770475986,-2.1776237313715523,5830,-0.0675587901998051,-0.5488628843813078,7128,0.13963369,0.026257653,-0.03554568,0.21309008,No reliable edge,0.6800005,-0.50103164,0.06591704,0.06447074,No reliable edge,-0.585498,-0.83964175,-0.77220935,-1.0651416,Weak - tends to fail,,0.0,pattern+scale,minor
Chart pattern,Divergence,Bullish divergence (MFI),1,2743,461,1340,2017-04-12,2026-09-25,-0.2307444737004829,-0.33732369034205834,-0.8224607306838587,16.784518049869742,17.969536,0.3698397,26.436349981224183,28.379118,2.0680637,36.027088036117384,38.52785,5.9389763,-0.16476113333948758,-1.4272367249043392,2687.0,-0.7551014664206253,-2.8469227602830336,2663.0,-1.5012053823363432,-2.760415957692535,2215,-0.33732369034205834,-1.7713143851813287,2711,0.09520343,-0.2865041,-0.031064903,-0.44538784,No reliable edge,-0.9584665,-0.65776634,-0.49174428,-1.1267867,Weak - tends to fail,-1.3377097,-1.6053691,-1.8023213,-1.5484627,Weak - tends to fail,,0.0,pattern+scale,intermediate
Chart pattern,Divergence,Bullish divergence (MFI),1,7225,479,3375,2017-04-06,2026-09-24,-0.03688928236980874,-0.0712322403355436,-0.3503117595302173,17.04320813329568,16.738281,0.13728943,26.78494158372999,27.756819,1.8834643,37.85824609576111,39.02887,5.814579,-0.022661346461401926,-0.30861165543332864,7082.0,-0.29942134481375304,-1.8137241192617675,6933.0,-0.8139778321820834,-2.553923969181885,5827,-0.0712322403355436,-0.5664276133781923,7100,-0.03702924,-0.014999923,-0.18440464,0.16607282,No reliable edge,-0.12665966,-0.3956976,-0.44641647,0.213264,No reliable edge,-0.6739377,-0.917815,-0.6496595,-0.45926675,Weak - tends to fail,,0.0,pattern+scale,minor
Chart pattern,Divergence,Bullish divergence (OBV),1,3527,466,1760,2017-04-05,2026-09-25,-0.3853893145413458,-0.4762884323923268,-0.526766632007659,16.762839007501444,17.58411,0.15055123,26.42669007901668,28.071081,1.4794633,36.83120469451156,39.16542,5.7525024,-0.1768685597872638,-1.925867137159773,3466.0,-0.698027269443225,-2.89481112188602,3417.0,-1.2574583823243872,-2.3159691448535313,2897,-0.4762884323923268,-2.5296699454623806,3477,-0.13827471,-0.1932547,-0.03997621,-0.3689546,No reliable edge,-0.91356343,-0.604115,-0.14159687,-1.8498182,Weak - tends to fail,-1.7228596,-0.9979847,-0.7903141,-3.7614546,Weak - tends to fail,,0.0,pattern+scale,intermediate
Chart pattern,Divergence,Bullish divergence (OBV),1,8811,485,3979,2017-04-05,2026-09-25,-0.08934381146806727,-0.040805048952578984,-0.2243366236806746,16.712898751733704,16.98385,0.045064624,28.289786223277908,28.691748,2.0764275,41.493370551291,41.570915,7.6134286,-0.05010994440749791,-0.8276176767966963,8652.0,-0.10681234980422358,-0.664776817237762,8420.0,0.2547847814353629,0.8795989107793887,7165,-0.040805048952578984,-0.35638922697377673,8650,-0.09005484,-0.029155592,-0.09292632,0.07754669,No reliable edge,0.23167905,-0.2932975,-0.08497546,0.09233699,No reliable edge,0.47677344,0.09562112,0.6502152,-0.5859516,No reliable edge,,0.0,pattern+scale,minor
Chart pattern,Divergence,Bullish divergence (RSI),1,1982,453,1006,2017-04-05,2026-09-23,-0.5055681956046696,-0.6631206560914983,-1.0261235991132263,15.881147540983607,17.534784,0.17294182,24.236147074054895,27.83379,1.5006846,35.06988564167726,37.66358,4.829717,-0.2471586289953013,-1.8552512843843363,1952.0,-0.9964703915959995,-3.156003992234806,1931.0,-1.7952292998530812,-2.558750564718821,1574,-0.6631206560914983,-2.957482619892392,1967,-0.024932913,-0.34319016,-0.14837942,-0.43094417,No reliable edge,-0.33103663,-1.2921082,-0.81087273,-1.246422,Works in reverse (fade it),-1.0291252,-2.2595823,-1.9699599,-2.5218499,Weak - tends to fail,,0.0,pattern+scale,intermediate
Chart pattern,Divergence,Bullish divergence (RSI),1,4840,473,2317,2017-04-05,2026-09-25,0.003639089191332071,-0.01205527637567785,-0.45304127717338716,16.65615141955836,16.344173,0.13312934,25.762784701332187,27.209265,1.7585025,38.03253292021689,38.566265,6.2322135,0.08220928525072292,0.9265957164570062,4755.0,-0.3135712758430248,-1.3666635002322636,4654.0,-0.6010549295604183,-1.3895066265187723,3873,-0.01205527637567785,-0.07699389968195167,4770,0.19282784,0.027629586,-0.045665585,0.21020293,No reliable edge,0.19937138,-0.57721776,-0.49163482,0.26499665,No reliable edge,-0.7017738,-0.5316542,-0.15807617,-1.0676898,No reliable edge,,0.0,pattern+scale,minor
Chart pattern,Divergence,Hidden bearish divergence (MACD hist),-1,3799,475,1811,2017-04-17,2026-09-24,-0.033916890055342645,-0.007204969859702863,0.2507196066995431,10.839160839160838,11.996756,-0.67008996,15.076335877862595,15.719739,-2.519408,15.247524752475247,15.356838,-5.3870206,0.060448443908855565,0.7079889513208376,3718.0,0.10776026402330971,0.5956943914621564,3668.0,0.40167280644080033,1.1520834803578652,3030,-0.007204969859702863,-0.04142326037441577,3754,0.047804806,0.06637812,0.08658208,-0.038030602,No reliable edge,0.11161657,0.10590372,0.3210905,-0.05924317,No reliable edge,0.14625749,0.56754667,0.83695275,-0.07359186,No reliable edge,,0.0,pattern+scale,intermediate
Chart pattern,Divergence,Hidden bearish divergence (MACD hist),-1,7254,477,3288,2017-04-05,2026-09-25,0.08865929024364876,0.17801415885112704,0.5249703554636354,11.881049235516903,11.840641,-0.55793524,14.2692750287687,14.373859,-2.7380967,15.936389781762816,15.183042,-5.2005258,0.06762935035374877,1.1419765086922131,7129.0,0.06393980019660485,0.4872155853253258,6952.0,0.5716721043129335,2.2213085061458573,5911,0.17801415885112704,1.5179262447541462,7135,-0.015693627,0.110530235,0.103838444,-0.056890573,No reliable edge,-0.0751893,0.13870402,0.34091818,-0.26575828,No reliable edge,0.72959393,0.46104506,0.81425184,0.14929114,Weak edge,,0.0,pattern+scale,minor
Chart pattern,Divergence,Hidden bearish divergence (MFI),-1,2942,472,1394,2017-04-17,2026-09-25,0.06645771691020558,0.030151127460806764,0.1263530183420016,11.53979840111227,12.106696,-0.5515005,15.933286018452803,15.7847595,-2.445025,16.323024054982817,15.985994,-5.531999,0.17861829220026287,1.8144898340813267,2877.0,0.1513806052712196,0.7214463784041316,2818.0,0.1472278083722616,0.36672307388813613,2328,0.030151127460806764,0.1652104828237367,2895,0.31411985,0.1144078,0.28928494,0.08472782,No reliable edge,0.13145645,0.16117918,0.5075612,-0.049764574,No reliable edge,0.050844587,0.21123065,0.42001164,-0.45386222,No reliable edge,,0.0,pattern+scale,intermediate
Chart pattern,Divergence,Hidden bearish divergence (MFI),-1,7173,481,3232,2017-04-07,2026-09-25,-0.0030047379183393286,0.00021003708558255842,0.08479845570299882,12.091038406827881,12.084803,-0.5422882,13.945034171877271,14.379737,-3.131032,15.034364261168385,15.095801,-5.952983,0.08319815015725018,1.197206594966634,7030.0,-0.22667729260010724,-1.8461906019892391,6877.0,0.07843102523961018,0.3055151503182016,5820,0.00021003708558255842,0.0019557322361980424,7054,0.001965647,0.12657061,0.21352927,-0.17846031,No reliable edge,-0.30752608,-0.18173487,-0.2791777,-0.38577107,No reliable edge,-0.04644113,0.16985525,0.022830995,0.42460188,No reliable edge,,0.0,pattern+scale,minor
Chart pattern,Divergence,Hidden bearish divergence (OBV),-1,3660,473,1728,2017-04-07,2026-09-25,0.0864176315318904,0.2549567694850779,0.34025605711915957,10.717276025676806,11.833545,-0.58608794,14.514743773260808,14.6054535,-2.4533074,14.041680901947387,14.708006,-6.405514,0.19557241471226974,2.054805200540085,3583.0,0.3854669089853815,1.8716096304142091,3493.0,-0.24343193322674667,-0.6164678850022901,2927,0.2549567694850779,1.4538276422308118,3594,0.23606706,0.17628448,0.11826979,0.27442113,Weak edge,0.5873675,0.28455994,0.7766233,0.02129047,No reliable edge,0.5589415,-0.7739455,0.7087037,-0.67026323,No reliable edge,,0.0,pattern+scale,intermediate
Chart pattern,Divergence,Hidden bearish divergence (OBV),-1,8007,480,3575,2017-04-05,2026-09-25,0.05804954297929578,0.041426839158599876,0.18236421069467626,11.529651310766099,11.838171,-0.4919311,13.437132016223996,14.2235565,-2.8552442,14.77325134511914,15.545744,-5.9663644,0.12188303601077326,2.1527830527476692,7858.0,-0.09433137922874689,-0.7096771001593855,7643.0,-0.12827106214870773,-0.5393008721384794,6505,0.041426839158599876,0.370246241974918,7863,0.085347354,0.14160787,0.13086593,0.007487712,Weak edge,-0.42211464,0.09178226,0.07794945,-0.34651268,No reliable edge,-0.5514985,0.18521392,0.09658937,0.21136117,No reliable edge,,0.0,pattern+scale,minor
Chart pattern,Divergence,Hidden bearish divergence (RSI),-1,2382,464,1115,2017-04-19,2026-09-24,0.1676979957893648,0.204664644555362,0.5424114570354621,12.163892445582587,12.221553,-0.4784476,16.819571865443425,15.752189,-2.2608805,17.03940362087327,16.145342,-5.3095794,0.2363873887560686,2.2065035566113567,2343.0,0.35732862906666396,1.4904180804814025,2289.0,0.27831787499376,0.5874911594489716,1878,0.204664644555362,1.080121598753035,2354,0.3684653,0.17481165,0.27779528,0.22693212,Weak edge,0.6324861,0.22429718,0.81436634,-0.47391164,No reliable edge,0.37955362,0.21160242,0.918636,-1.299096,No reliable edge,,0.0,pattern+scale,intermediate
Chart pattern,Divergence,Hidden bearish divergence (RSI),-1,5194,475,2325,2017-04-07,2026-09-25,-0.011096626812520383,0.1442503541237589,0.46055155693797334,11.877695021560172,11.525318,-0.6362411,14.753768844221105,14.35146,-2.9288142,15.819750719079579,14.902587,-5.429688,0.053862388906923755,0.6945250113891778,5102.0,0.07404048440444409,0.4623568402135694,4975.0,0.7575642045369427,2.326408579594891,4172,0.1442503541237589,1.05573474226285,5106,-0.049975276,0.10902226,0.275128,-0.28973815,No reliable edge,-0.041404504,0.13796426,0.39481923,-0.49777988,No reliable edge,1.0699793,0.526218,0.77982414,0.6154931,Weak edge,,0.0,pattern+scale,minor
Chart pattern,Divergence,Hidden bullish divergence (MACD hist),1,5105,477,2087,2017-04-06,2026-09-25,0.14942734255432497,0.19644990643780677,0.4099295058655668,19.716340391530164,17.355135,-0.026637966,30.89365143550344,29.37553,2.347101,43.43090537780803,43.255455,7.6073604,-0.0026310272232037374,-0.027514481688214815,5006.0,0.45475243962924583,2.164861159444545,4946.0,0.5832805386849047,1.5267364851769156,4407,0.19644990643780677,1.1344557065884309,5057,-0.024496833,0.00989218,-0.031903096,0.3422646,No reliable edge,0.63302785,0.34886733,0.28343034,0.6389047,Weak edge,0.81952757,0.41330802,0.24288528,0.7385342,No reliable edge,,0.0,pattern+scale,intermediate
Chart pattern,Divergence,Hidden bullish divergence (MACD hist),1,9547,480,3636,2017-04-05,2026-09-25,-0.10610036707699746,-0.17439622397439417,0.14931732923302948,17.68447837150127,17.623962,-0.31545037,30.245172488609246,29.971731,1.9189262,44.965550586244404,44.18747,8.025802,-0.21166042234050308,-3.298667714145367,9432.0,-0.1010392781425438,-0.7252697242103866,9218.0,0.40586403176183067,1.4707643249147466,8273,-0.17439622397439417,-1.580332308122583,9457,-0.25673997,-0.18462491,-0.18304849,-0.6049008,Works in reverse (fade it),-0.39342877,0.08276319,-0.0515046,-0.45922032,No reliable edge,0.8399959,0.07745388,0.5117146,-0.5244958,No reliable edge,,0.0,pattern+scale,minor
Chart pattern,Divergence,Hidden bullish divergence (MFI),1,4494,469,1892,2017-04-05,2026-09-24,0.21132451777207995,0.42672149538612847,0.7253939023549689,19.845594913714805,17.412369,-0.012193224,31.176061238691723,29.472628,2.3971648,44.16217603284578,43.302597,7.815434,0.013439452182586143,0.1329904154324812,4404.0,0.5562700817132046,2.563786212094097,4311.0,0.739988104331056,1.900914476319193,3897,0.42672149538612847,2.2203299643994274,4449,-0.01683003,0.030274842,0.06691559,0.19614741,No reliable edge,0.6673535,0.4911649,0.51483166,0.84213406,Weak edge,0.8116063,0.6904708,0.46037218,0.039578456,No reliable edge,,0.0,pattern+scale,intermediate
Chart pattern,Divergence,Hidden bullish divergence (MFI),1,10175,480,3974,2017-04-05,2026-09-25,0.07302471645784485,0.13813030764071835,0.26420043454393455,18.206251244276327,17.577894,-0.21089578,30.337307653113214,30.08693,2.0052233,45.105609811492165,44.250206,8.18806,-0.11015414299301339,-1.7932931845160862,10046.0,0.0004696062212992332,0.0032920734644705267,9813.0,0.6144635271760731,2.296611515209626,8806,0.13813030764071835,1.2572302459856193,10078,-0.08590312,-0.12410095,-0.10482524,-0.39589924,No reliable edge,-0.083820425,0.051288716,0.12808661,-0.8518433,No reliable edge,1.2069724,0.18530941,0.7322461,-0.99745864,Weak edge,,0.0,pattern+scale,minor
Chart pattern,Divergence,Hidden bullish divergence (OBV),1,1355,405,549,2017-04-05,2026-09-23,-0.03005849826736901,-0.13963283547497787,0.18357901789468287,19.172932330827066,17.343592,-0.066615425,30.868902439024392,29.018852,2.6134272,43.17032040472175,41.64552,7.7071943,-0.12560834382709704,-0.7551569137111337,1330.0,0.4310075713366997,1.1384939295354226,1312.0,0.6891860833256482,0.9793553119094001,1186,-0.13963283547497787,-0.5033291305947831,1346,0.17164667,-0.31107515,0.2688566,-0.74988914,No reliable edge,1.347,-0.16088216,1.0755571,-0.5813082,No reliable edge,1.1877551,0.30521348,0.79717386,-1.3945104,No reliable edge,,0.0,pattern+scale,intermediate
Chart pattern,Divergence,Hidden bullish divergence (OBV),1,4546,470,1794,2017-04-05,2026-09-25,-0.12933778419836478,-0.1935130618468262,-0.31293965227457515,17.38937069157216,16.976858,-0.22025692,28.311747330152237,28.923285,1.5315322,42.77232834279815,42.416363,7.1199875,-0.11636226994211418,-1.4432902140536223,4497.0,-0.3765044521131561,-1.9188214787913764,4401.0,-0.1394139232251468,-0.37971080428382337,3874,-0.1935130618468262,-1.3546017467391884,4513,0.006104957,-0.1907971,-0.085044675,-0.23018205,No reliable edge,-0.13458434,-0.53023297,-0.4498751,-0.9300753,No reliable edge,0.6526802,-0.76598495,-0.31472525,0.14843522,No reliable edge,,0.0,pattern+scale,minor
Chart pattern,Divergence,Hidden bullish divergence (RSI),1,3671,464,1466,2017-04-05,2026-09-25,0.0049989024758822255,0.143898560729777,0.3922042336597438,19.185722253206915,17.548792,-0.10694123,31.587885649589587,29.958231,2.5144918,44.02824685293215,43.772568,7.9043226,-0.13729278002779907,-1.2665634349320778,3586.0,0.4998029530166466,1.9423738791783947,3533.0,0.583118226728009,1.2267735273585807,3257,0.143898560729777,0.6285694316276018,3625,-0.11376005,-0.15145026,-0.0935643,-0.43531746,No reliable edge,0.68709266,0.38216436,0.32895303,0.38234767,No reliable edge,0.87073,0.37561825,0.32591623,-2.4431245,No reliable edge,,0.0,pattern+scale,intermediate
Chart pattern,Divergence,Hidden bullish divergence (RSI),1,7607,478,2855,2017-04-05,2026-09-25,-0.00906481482638996,-0.07229141778145542,0.41348624735653206,18.03300505722651,17.561556,-0.26189283,30.810147299509,30.287529,1.9064268,46.39612356147789,44.909718,8.635563,-0.1154897170464092,-1.6367856415096511,7514.0,-0.03942343321122306,-0.24579759164561782,7332.0,0.9522161639725923,3.2518673661622852,6604,-0.07229141778145542,-0.596485261829125,7525,-0.1086401,-0.11970375,-0.10729791,-0.28574708,No reliable edge,-0.18638341,0.055753816,0.008918545,-0.35426125,No reliable edge,1.36595,0.6314612,1.1847893,-1.6022246,Works (significant),,0.0,pattern+scale,minor
Chart pattern,Double bottom/top,Double bottom,1,1142,403,498,2017-04-05,2026-09-25,0.021389004818984987,-0.2872504266156445,-0.8341572881818554,19.82062780269058,17.318045,-0.17931761,29.044117647058826,28.656584,0.8852938,39.1124871001032,39.075058,4.0129104,-0.14063527744447168,-0.7640783347185931,1115.0,-0.8072762208826402,-2.2270218197810987,1088.0,-1.012939642088332,-1.3492794221639755,969,-0.2872504266156445,-0.9804739731782062,1128,0.21713941,-0.33233547,0.02655057,-0.5153943,No reliable edge,-0.96327406,-0.7194155,-0.48681054,-0.60934305,Weak - tends to fail,0.44142193,-2.0009983,-1.0601542,-0.5405036,No reliable edge,61.09090909090909,1100.0,pattern+scale,intermediate
Chart pattern,Double bottom/top,Double bottom,1,305,224,117,2017-06-05,2026-08-26,-0.09123923035613338,0.7474990068843252,0.6014871564162457,18.79194630872483,17.950365,-0.4704654,28.95622895622896,29.672888,1.5410496,43.47826086956522,40.98398,6.4676075,-0.4367560060232278,-1.3385302923706413,298.0,-0.23795917138507472,-0.3143551172548646,297.0,1.1637696277482708,0.7298669250685943,253,0.7474990068843252,1.0386186877494612,305,-0.83120346,-0.26608163,-0.20081826,-1.3824766,No reliable edge,-2.176835,0.6459401,-0.20057538,1.6691889,No reliable edge,-1.1650773,2.5174117,0.27873254,15.389186,No reliable edge,49.81818181818182,275.0,pattern+scale,major
Chart pattern,Double bottom/top,Double bottom,1,1769,443,678,2017-04-06,2026-09-23,-0.3923484525905902,-0.3922424698808579,0.008266708441298964,19.297235023041477,17.46884,-0.40614933,32.73915626856803,29.738983,1.3572669,44.28191489361702,43.084694,5.7269607,-0.2997973393734699,-2.3184382903454095,1736.0,-0.36834426671355097,-1.2526883808397027,1683.0,-1.1284408569335938,-2.016065450633308,1504,-0.3922424698808579,-1.7842353125277424,1746,-0.41438636,-0.23304947,-0.3080623,-0.25497612,Weak - tends to fail,-0.6169531,-0.2130837,-0.32180852,-0.7697623,No reliable edge,-0.76690686,-1.4028683,-0.9895921,-1.0274291,Weak - tends to fail,64.35643564356435,1717.0,pattern+scale,minor
Chart pattern,Double bottom/top,Double top,-1,905,378,420,2017-04-13,2026-09-25,0.199979416650132,0.5166255581558662,1.1776886243474245,11.224489795918368,12.284195,-0.74373084,17.421602787456447,15.904799,-1.4460121,16.41991924629879,16.567183,-3.8236148,0.15208417758379394,0.8416473456440257,882.0,0.9594620938362006,2.634343642588494,861.0,1.4993042156481327,1.9757011396750173,743,0.5166255581558662,1.5506850693038972,883,0.38069683,0.029413968,0.59064627,-0.64154595,No reliable edge,1.3154114,0.7571739,0.7897432,1.3148663,Weak edge,3.1764643,0.2717326,0.05322159,4.0250154,No reliable edge,47.4537037037037,864.0,pattern+scale,intermediate
Chart pattern,Double bottom/top,Double top,-1,279,203,134,2017-05-12,2026-09-24,0.680200507383565,1.2451724193312905,2.0459544623181936,16.730038022813687,13.592313,-0.3139947,16.541353383458645,16.337034,-2.1654303,16.818181818181817,13.489142,-3.5146406,0.3649185238682272,0.9789935551513864,263.0,0.5571063048857495,0.6989837717008169,266.0,3.0925728537819603,2.042495436436209,220,1.2451724193312905,1.9547433943001158,275,0.7007008,0.21008556,1.5327876,-0.2663579,No reliable edge,1.6830024,0.009883156,2.6280334,-0.5759485,No reliable edge,5.5508957,1.390657,4.870527,0.71232563,Weak edge,24.63235294117647,272.0,pattern+scale,major
Chart pattern,Double bottom/top,Double top,-1,1451,428,619,2017-04-05,2026-09-25,0.3132450184411131,0.13298607298024576,-0.1458491839002818,11.744022503516174,12.265264,-0.44235066,14.673514306676449,14.761339,-2.6278498,17.358171041490262,16.694086,-4.9383764,0.3144007171759626,2.454870445639868,1422.0,0.00028733024681130493,0.0009721801214596997,1363.0,0.6651254729837003,1.1516310642938714,1181,0.13298607298024576,0.49264185790627457,1418,0.44429702,0.23534618,0.41553634,0.20319898,Weak edge,-0.15673096,0.10331268,0.14957376,0.56158096,No reliable edge,0.41188717,0.87846196,1.3549193,0.18731566,No reliable edge,55.832147937411094,1406.0,pattern+scale,minor
Chart pattern,Dow theory reversal,Dow trend reversal down,-1,1029,393,459,2017-05-03,2026-09-25,0.2529697209995772,0.4311695406939558,0.8718091189288176,10.834990059642147,12.0801735,-0.88051033,12.59029927760578,14.50913,-2.6741073,14.131736526946106,14.344357,-5.734776,-0.01969514547238056,-0.11009822957961282,1006.0,-0.002422157086824116,-0.00690296216100974,969.0,0.6208645209580839,0.9264843214517259,835,0.4311695406939558,1.4106305996899327,1010,0.23354693,-0.14955312,-0.1278383,-0.43426624,No reliable edge,1.1851383,-0.65900606,-0.2571848,0.10533925,No reliable edge,2.4544053,-0.68934536,0.16780986,-0.118406154,No reliable edge,50.353892821031344,989.0,pattern+scale,intermediate
Chart pattern,Dow theory reversal,Dow trend reversal down,-1,281,221,131,2017-05-05,2026-09-22,0.8047814293923925,0.5014214230862131,1.9863032446737108,11.07011070110701,12.125519,-0.9375822,15.018315018315018,14.354102,-2.300378,14.975845410628018,12.234124,-3.238122,-0.011275495550289364,-0.040640423264081335,271.0,0.9197931534204727,1.3435752731743402,273.0,3.547294284986413,2.341847022889409,207,0.5014214230862131,0.777051704698523,278,0.50174284,-0.24571936,-0.7954235,-0.11458965,No reliable edge,0.820282,0.9655576,-0.7754268,0.47024235,No reliable edge,2.4077475,4.35722,0.21008436,4.5023813,Weak edge,25.547445255474454,274.0,pattern+scale,major
Chart pattern,Dow theory reversal,Dow trend reversal down,-1,4079,469,1758,2017-04-07,2026-09-24,-0.22345094078502123,-0.25913851268666044,-0.27787874262665224,10.525,12.354715,-0.8441532,12.541592014333247,14.004028,-3.1144211,13.28815556865056,14.749668,-7.2226143,-0.08326317596435547,-1.0525893070785013,4000.0,-0.17353589985722742,-0.9467015263574358,3907.0,-0.8305887774151075,-2.3040746199186786,3394,-0.25913851268666044,-1.5465231426304027,4015,0.08944115,-0.1773867,-0.05774126,-0.3128968,No reliable edge,0.30258673,-0.4456881,-0.11449598,-0.7310428,No reliable edge,-0.062952146,-1.3854692,-0.80930203,-1.4787828,Weak - tends to fail,57.84708249496981,3976.0,pattern+scale,minor
Chart pattern,Dow theory reversal,Dow trend reversal up,1,1081,407,451,2017-04-07,2026-09-24,-0.043599564688472196,-0.11474273128564967,-0.015751410900117214,19.339622641509436,16.96549,-0.40769058,30.0952380952381,30.130615,1.5637763,43.88646288209607,44.44713,6.84603,-0.24843185712706367,-1.334326179630247,1060.0,-0.836885753813244,-2.1245011824515196,1050.0,-1.3440791633972435,-1.9478871742164656,916,-0.11474273128564967,-0.3390029501405037,1075,-0.2553502,-0.24488883,-0.34903196,-0.12389001,No reliable edge,-0.35942328,-1.0902332,-0.5576191,-2.2124784,Weak - tends to fail,-0.49487945,-1.9040587,-1.2027061,-5.397087,No reliable edge,65.86306653809064,1037.0,pattern+scale,intermediate
Chart pattern,Dow theory reversal,Dow trend reversal up,1,341,242,102,2017-04-28,2026-09-21,1.1876848170853402,0.9207036879767353,1.3379815065612395,25.0,20.128222,0.60113174,36.0,35.586185,3.205973,58.27067669172933,56.98506,13.289394,0.34697507067424493,1.0670197450945922,328.0,0.015757092695969803,0.023545878659699305,325.0,0.030306407383510044,0.021192549796741015,266,0.9207036879767353,1.4508206412739761,336,1.1381752,-0.18587399,-0.050548162,4.299837,No reliable edge,0.86924964,-0.56797874,-0.1088167,-0.22319147,No reliable edge,0.620376,-0.5509561,-0.49430424,9.180899,No reliable edge,60.122699386503065,326.0,pattern+scale,major
Chart pattern,Dow theory reversal,Dow trend reversal up,1,3661,466,1440,2017-04-05,2026-09-23,-0.08058692724073893,0.043101321480007955,0.09808041850176949,19.539272828198722,17.488758,-0.12295121,28.900759066629185,29.227055,1.6668657,41.66401020082881,42.99567,6.9217043,-0.10152663782243096,-0.9946324036482624,3603.0,-0.4088600122228177,-1.8315240153453103,3557.0,-0.938078403928913,-2.3124133598678602,3137,0.043101321480007955,0.22309107326396702,3640,-0.010211284,-0.15147759,-0.070109144,-0.32193357,No reliable edge,-0.3623446,-0.4354902,-0.28951162,-1.2466996,No reliable edge,-1.025537,-0.8763485,-0.79518485,-1.2379701,Weak - tends to fail,65.37695590327169,3515.0,pattern+scale,minor
Chart pattern,Elliott wave,Elliott 5-wave advance complete,-1,1050,407,363,2017-04-07,2026-09-25,-0.6250208126421144,-0.6920523773510949,-1.0313896350361502,8.518877057115198,11.373149,-1.340125,8.562992125984252,12.869169,-4.369196,9.650053022269352,14.104313,-9.655514,-0.4274163481572937,-2.1960496811646695,1033.0,-1.2781321608175442,-3.3960154052209375,1016.0,-2.6507608488533934,-4.320697838442116,943,-0.6920523773510949,-2.071674382301538,1038,-0.28545606,-0.5270458,-0.24123767,-1.6861022,Weak - tends to fail,-0.9834606,-1.4961083,-1.2628338,-1.5034648,Works in reverse (fade it),-1.5147715,-3.6111276,-2.446678,-4.6260114,Works in reverse (fade it),55.867602808425275,997.0,pattern+scale,intermediate
Chart pattern,Elliott wave,Elliott 5-wave advance complete,-1,324,232,166,2017-05-23,2026-09-15,-0.8671232786424377,-1.5263762252515536,-1.1175748775713146,10.0,12.199577,-1.4140182,9.177215189873419,12.718436,-4.243558,8.469055374592834,12.828657,-8.373131,-0.2901704357516381,-0.7182661903866462,310.0,-1.0320096559162382,-1.343193810409654,316.0,-2.176069725608204,-1.8131854064732074,307,-1.5263762252515536,-2.3543242725130598,321,-0.692387,-0.11779192,-0.36504936,0.05150989,No reliable edge,-1.8921973,-0.65665495,-1.1378318,-0.29383895,No reliable edge,-0.6886381,-2.8631215,-3.2073507,-3.5004332,No reliable edge,58.36065573770492,305.0,pattern+scale,major
Chart pattern,Elliott wave,Elliott 5-wave advance complete,-1,2171,447,731,2017-04-05,2026-09-15,-0.027523214646313247,-0.6327264835880069,-1.1188155602837333,11.298640412564463,11.322537,-0.7359675,11.868446139180172,13.944663,-3.3414435,13.493333333333332,15.903017,-7.3892665,-0.02605810760054519,-0.2117712055371458,2133.0,-0.6102073822166945,-2.4673865860541064,2098.0,-1.1465485677083334,-2.7142451195207355,1875,-0.6327264835880069,-2.6570624675711505,2151,0.119185865,-0.119493164,-0.026958099,0.3473634,No reliable edge,-0.027849665,-1.0006095,-0.8011634,0.91730696,Weak - tends to fail,-0.7447048,-1.4747989,-1.1119499,2.7030756,Weak - tends to fail,60.604508196721305,1952.0,pattern+scale,minor
Chart pattern,Elliott wave,Elliott 5-wave decline complete,1,300,209,122,2017-05-15,2026-07-07,-0.6408937551702062,-0.8060805788263679,-1.8218728348481965,17.869415807560138,16.544542,0.84438705,22.2972972972973,25.363722,3.9128976,34.552845528455286,39.448147,14.519799,-0.2544267267705649,-0.51923430459954,291.0,-1.9126378652211782,-2.3210559470538925,296.0,-2.3352690906059452,-1.8680720971227587,246,-0.8060805788263679,-1.2873732025670983,300,-0.8821662,0.116042495,0.21732558,-0.966896,No reliable edge,-3.2746103,-1.083611,-2.3120646,-2.368902,Weak - tends to fail,-5.920785,0.66157997,-4.7698092,-5.3183413,No reliable edge,60.824742268041234,291.0,pattern+scale,intermediate
Chart pattern,Elliott wave,Elliott 5-wave decline complete,1,29,27,10,2017-09-14,2026-09-25,-0.519616758850004,-2.037450947266604,-2.941444909407033,7.4074074074074066,18.35078,-0.2686518,22.22222222222222,26.164568,2.3547764,25.0,40.58697,-0.8950049,-0.8106980500397859,-0.8009055001987087,27.0,-0.03972668117947049,-0.013637462639978828,27.0,-7.795098876953125,-1.591101501855929,20,-2.037450947266604,-1.7881172947816129,28,-2.1081212,0.2272405,-2.1530843,3.1959953,Too few events,0.2383323,-0.2979242,-7.174533,16.40785,Too few events,-8.459042,-6.5620623,-14.469985,9.101597,Too few events,,28.0,pattern+scale,major
Chart pattern,Elliott wave,Elliott 5-wave decline complete,1,1332,418,600,2017-04-11,2026-09-23,-0.22636115566493434,-0.42206536190957394,-0.10544197438550437,14.877300613496933,16.052162,-0.08105877,24.418604651162788,26.445786,2.5467434,34.02646502835538,38.806522,8.467346,-0.2913513885685271,-1.4465006660678128,1304.0,-0.6726890386537064,-1.7662261385276157,1290.0,-2.002654163959121,-2.3947956264225363,1058,-0.42206536190957394,-1.5751233534529452,1318,-0.49565417,-0.17849842,-0.3874268,-0.43482667,No reliable edge,-1.0261471,-0.46941826,-0.26204193,-0.87524277,No reliable edge,-3.422626,-0.8632899,-1.1574845,-2.3357317,Weak - tends to fail,65.50580431177447,1206.0,pattern+scale,minor
Chart pattern,Event decline,Dead-cat bounce breakdown,-1,332,181,85,2017-04-28,2026-09-07,-0.8610582496712814,-2.3780142058703033,-5.5214768987515885,8.307692307692308,12.979643,-2.9402902,4.86322188449848,10.758231,-14.340095,4.45859872611465,10.530885,-28.860529,-1.3373154860276442,-1.4469883684842506,325.0,-5.799392468298822,-5.011115491175072,329.0,-10.022847363903264,-4.344826533773198,314,-2.3780142058703033,-1.9542425980117042,330,-1.9739434,-0.27800843,-2.448354,-1.2718064,No reliable edge,-7.2298226,-3.4037125,-5.4674954,-6.5605707,Works in reverse (fade it),-11.572101,-7.025692,-8.775743,-11.118766,Works in reverse (fade it),,0.0,pattern+scale,bar
Chart pattern,Event decline,Event decline (>=15% in 2 days),1,595,264,180,2017-04-12,2026-09-24,1.1281249454185291,1.4541653891111306,2.4338873498797318,14.507772020725387,18.366497,2.9539871,17.826825127334462,24.385187,11.625737,36.72014260249554,43.056282,35.159164,1.2916528573307966,1.6436478431510388,579.0,3.793240662139219,3.229319535964358,589.0,11.143223074030749,3.4277911429043573,561,1.4541653891111306,1.411078204068381,593,1.2751682,1.3142855,2.8338463,0.6184834,No reliable edge,4.9374356,2.2308857,2.491084,5.2046947,Works (significant),14.015372,6.724533,5.401168,18.165735,Works (significant),,0.0,pattern+scale,bar
Chart pattern,Falling wedge,Falling wedge - down breakout,-1,159,130,88,2017-05-12,2026-09-24,-0.21097392472586815,-0.6863832640915345,0.49568211647849053,11.11111111111111,13.364053,-0.48274162,8.38709677419355,12.34945,-5.7937436,9.01639344262295,11.102661,-6.4200068,0.25994987737119585,0.5304121481831762,153.0,-1.1304642215851815,-1.4873090148797299,155.0,1.5107394359150872,0.8374139183661355,122,-0.6863832640915345,-0.9704128071237338,156,1.5493348,-0.13678393,2.7380147,-0.69385076,No reliable edge,1.6421633,-1.9692421,-0.056714267,-2.1527474,No reliable edge,4.023893,0.45872197,9.718937,-0.14498016,No reliable edge,14.64968152866242,157.0,pattern+scale,intermediate
Chart pattern,Falling wedge,Falling wedge - down breakout,-1,26,25,9,2017-08-04,2026-08-31,-0.6304718016718442,1.6740065217018127,4.955584675073624,16.0,20.231133,0.29175267,24.0,22.839231,1.3718212,21.052631578947366,21.77805,-1.9361249,0.1474578094482422,0.1130007490527178,25.0,2.947365417480469,1.1633693137336216,25.0,3.9817195691560445,0.7392970591870722,19,1.6740065217018127,0.5832824653757936,25,-0.75061876,0.97645164,2.1663032,-1.5319076,Too few events,-1.6904978,7.9717174,3.4944515,0.050423056,Too few events,2.7105353,6.7359524,-14.792737,1.8230575,Too few events,,25.0,pattern+scale,major
Chart pattern,Falling wedge,Falling wedge - down breakout,-1,625,313,277,2017-04-18,2026-09-25,-0.5694287739169773,-0.077535607938775,0.5134110995287063,11.932773109243698,13.248329,-1.0474726,13.310580204778159,14.551271,-3.9259775,12.09016393442623,13.217707,-7.8246064,-0.2204833984375,-1.006217531139894,595.0,-0.6316943900983895,-1.5184746032142977,586.0,-0.21912360582195345,-0.256557693255897,488,-0.077535607938775,-0.15566148923261897,604,0.25073668,-0.45020318,0.54156643,-0.5371735,No reliable edge,0.07745581,-0.9991297,-0.64493054,0.31698084,No reliable edge,0.086498626,-0.44426164,0.4376424,-0.41783562,No reliable edge,30.449251247920134,601.0,pattern+scale,minor
Chart pattern,Falling wedge,Falling wedge - up breakout,1,886,369,439,2017-04-19,2026-09-22,-0.24756808791073337,-0.06494951728048494,-0.2538273913803203,17.376294591484466,16.657455,0.5292184,26.643192488262912,27.417542,2.085534,35.95505617977528,37.0912,4.9481797,0.14416121997547918,0.725548790757422,869.0,-0.333200517394733,-0.6659109260272542,852.0,-1.7982285746027915,-1.8438512811662167,712,-0.06494951728048494,-0.19600298052515572,881,0.42653564,0.035174586,0.29459432,0.1387546,No reliable edge,-0.74882126,-0.16736169,0.19521631,-1.3335005,No reliable edge,-2.463039,-1.4494524,-0.7255565,-3.40275,No reliable edge,31.34502923976608,855.0,pattern+scale,intermediate
Chart pattern,Falling wedge,Falling wedge - up breakout,1,189,140,81,2017-10-04,2026-09-17,-0.16503353724553388,-0.8312897729156639,-1.4587910284421273,19.672131147540984,16.90732,0.28809574,25.71428571428571,26.80538,1.8238453,35.25179856115108,37.955223,2.0887449,0.24019014118799095,0.5066458825687123,183.0,-0.162376469203404,-0.1932135398024911,175.0,-3.62260843180924,-2.1351752984791554,139,-0.8312897729156639,-1.3058251860429417,186,-0.5273258,0.5699822,0.18344562,-0.6156041,No reliable edge,-1.4517277,0.47678903,-0.97748727,0.9477677,No reliable edge,-6.9753375,-1.2218887,-3.9017458,-1.5448424,Weak - tends to fail,6.918238993710692,159.0,pattern+scale,major
Chart pattern,Falling wedge,Falling wedge - up breakout,1,3307,463,1579,2017-04-07,2026-09-25,0.07265073497447215,0.06598198593495799,-0.06747738419594299,17.628897807965423,16.677118,0.24560697,28.436018957345972,27.96154,2.389933,39.288506645817044,39.642735,6.3961306,0.08397497193023502,0.7804688296454677,3239.0,0.055754487096415874,0.23600246691331137,3165.0,-0.6649797930206705,-1.3297200014715769,2558,0.06598198593495799,0.395556300688215,3258,0.13216688,0.060793508,0.06896947,0.23644802,No reliable edge,0.48082384,-0.15738513,0.3683666,0.050670672,No reliable edge,-1.4006307,-0.1469365,-0.25988814,-1.3458064,No reliable edge,41.57959434542102,3254.0,pattern+scale,minor
Chart pattern,False breakout,2B bottom / Turtle soup,1,17241,489,8005,2017-04-05,2026-09-25,-0.10947509496764037,-0.20710745307219375,-0.5453688403149507,16.36654424831181,17.503199,0.16423687,27.07861731416335,28.337013,2.1189895,38.78809869375907,39.530716,6.2479362,0.007059498373302093,0.15545881683702822,16882.0,-0.19699780967994798,-1.871653797865169,16345.0,-0.4717205429630805,-2.3571576111352024,13780,-0.20710745307219375,-2.504672313467334,16878,-0.010903416,0.016465714,-0.07963043,0.20877871,No reliable edge,-0.04602508,-0.28110647,-0.33989477,0.25854096,No reliable edge,-0.16688178,-0.6966683,-0.6843573,0.28783554,Weak - tends to fail,,0.0,pattern+scale,bar
Chart pattern,False breakout,2B top / Turtle soup,-1,20459,489,8216,2017-04-05,2026-09-25,0.15739160247700523,0.13743879138395562,0.08624603764625473,12.469013386217153,11.473019,-0.3528335,15.13992965285212,14.175028,-2.2627828,16.155255324021066,16.222773,-5.6630597,0.1828502044148178,4.558140851689358,20170.0,0.1920373417547599,2.3789746160678376,19617.0,-0.18351721496092854,-1.227784856550151,17468,0.13743879138395562,1.790258061173034,20270,0.1775912,0.18583123,0.19453596,0.23717897,Works (significant),0.30754408,0.123205006,0.09359212,0.3525966,Weak edge,-0.20115028,-0.17076513,-0.39092532,0.6387876,No reliable edge,,0.0,pattern+scale,bar
Chart pattern,Fibonacci,Fibonacci 38-62% pullback bounce (uptrend),1,2706,463,1174,2017-04-12,2026-09-25,-0.6115282183539157,-0.6607013444222799,-0.2146389434027305,13.23529411764706,17.200321,-0.35098743,26.888802789616427,28.752974,1.8835725,40.23642732049037,42.023087,7.3002,-0.4455565025364112,-3.4639749716659383,2652.0,-0.0631772868626804,-0.1991574804192095,2581.0,0.025349211150000685,0.03367975218369112,2284,-0.6607013444222799,-3.3340668883338798,2653,-0.5307546,-0.40007478,-0.5660976,-0.6903021,Works in reverse (fade it),0.04344927,-0.12334051,-0.46143466,-0.26846036,No reliable edge,-0.44510928,0.34907204,-2.0278556,0.053727537,No reliable edge,51.80630284396618,2602.0,pattern+scale,minor
Chart pattern,Fibonacci,Fibonacci 38-62% rally failure (downtrend),-1,2047,458,908,2017-04-28,2026-09-25,0.6837134866572268,0.8075083708416935,0.6766529114982441,11.48682247637991,11.266984,-0.34451038,15.485829959514168,13.660787,-2.1502202,17.401812688821753,15.659015,-4.95041,0.35707985353019334,2.844727642647027,2011.0,0.7725102969026758,3.0684272669406627,1976.0,1.1828246701520015,2.4389476046235807,1655,0.8075083708416935,3.353098151084186,2033,0.58973557,0.2467219,0.47354355,0.48826215,Weak edge,0.4704574,0.9212554,1.0152888,0.37448695,Works (significant),0.8873169,1.375406,1.6465386,1.1256824,Weak edge,34.79834539813857,1934.0,pattern+scale,minor
Chart pattern,Flag / pennant,Bear flag,-1,2164,432,1108,2017-04-06,2026-09-25,-0.20507828763498287,-0.43879864326903323,-0.5468268281223009,13.519924098671726,13.588627,-0.9474742,13.731198447355652,14.627992,-4.517764,13.636363636363635,14.083097,-7.97046,-0.2899041076312708,-1.965937022813066,2108.0,-0.945728226115205,-3.0873608353815936,2061.0,-0.16591519822516151,-0.23921881144933987,1606,-0.43879864326903323,-1.7756356157525683,2110,-0.49922848,-0.1880467,-0.13438141,-0.38999176,No reliable edge,-1.3626833,-0.73127675,-0.7018395,-1.2980449,Works in reverse (fade it),-0.23883533,-0.1094323,-0.2264413,-1.0009419,No reliable edge,18.5924869234427,2103.0,pattern+scale,bar
Chart pattern,Flag / pennant,Bear pennant,-1,188,143,92,2017-05-18,2026-09-15,-0.2317803540829828,0.23133567307849187,-0.6137166417750489,9.62566844919786,13.816597,-1.1421804,11.41304347826087,15.051052,-3.3798134,11.510791366906476,15.328405,-9.469403,-0.5203983082490808,-1.246853552198693,187.0,-0.2577427781146506,-0.26761664100383104,184.0,-2.951914176666479,-1.2380705394503442,139,0.23133567307849187,0.30279226974546947,185,-0.4885379,-0.53582287,-0.47470206,-0.6358941,No reliable edge,0.028833827,-0.39986604,2.96166,-2.5397274,No reliable edge,-4.689539,-1.5930018,5.6150017,-7.5567384,No reliable edge,14.754098360655737,183.0,pattern+scale,bar
Chart pattern,Flag / pennant,Bull flag,1,3500,453,1223,2017-04-05,2026-09-23,-0.14931247604075817,0.011669364469222183,0.7822053362829,20.005815644082585,18.47266,-0.51769483,33.50059031877214,31.607449,1.886847,47.596950613191915,46.417866,8.119133,-0.3005283063981172,-2.8894751349246732,3439.0,-0.07113072779271509,-0.29994078850190947,3388.0,0.27807932781943984,0.6470889875229995,3017,0.011669364469222183,0.053264157114033206,3481,-0.74181455,-0.06912688,-0.3410866,-0.6120301,Weak - tends to fail,-0.6216839,0.23355414,-0.13349378,-1.2297003,No reliable edge,0.21902281,0.3175701,-0.074937075,1.0481335,No reliable edge,37.31559155336998,3457.0,pattern+scale,bar
Chart pattern,Flag / pennant,Bull pennant,1,387,245,102,2017-04-19,2026-09-10,0.278238579269874,0.5592494941159308,3.6134341796239218,21.899736147757256,19.274769,-0.27815962,38.93333333333333,33.979,3.6376154,55.6497175141243,50.544403,13.037006,-0.35203850174956713,-1.0529034657943503,379.0,0.7615001627604167,1.0333655800280908,375.0,2.914261122881356,2.56871418130195,354,0.5592494941159308,0.8274460572613062,385,-0.54299057,-0.2227657,-0.108609356,-2.0642912,No reliable edge,0.55588573,0.9047791,1.5326333,-1.2191393,No reliable edge,3.9705842,2.1008923,2.8750956,0.19655189,Weak edge,43.523316062176164,386.0,pattern+scale,bar
Chart pattern,Flag / pennant,High tight flag,1,216,63,38,2017-04-06,2026-07-07,3.4590741645337806,5.5622741217828455,6.432741152052328,38.5,18.557348,1.79295,51.674641148325364,34.667953,9.063472,55.44554455445545,51.288223,17.649225,1.699244842529297,1.716486646092018,200.0,4.480867960806669,2.787870936158831,209.0,4.452874514135984,1.403401608475267,202,5.5622741217828455,3.167340216882121,216,1.8481873,1.4613234,1.4955777,-0.21846592,No reliable edge,7.0085387,-0.03523758,3.2521281,3.420818,No reliable edge,7.449982,-1.4531908,6.9489417,-16.12875,No reliable edge,75.34883720930232,215.0,pattern+scale,bar
Chart pattern,Gaps,Breakaway gap down,-1,537,234,249,2017-05-05,2026-09-24,1.019185103497174,1.305672808754907,3.3323810273119783,16.370808678500985,14.570086,0.27950415,16.962524654832347,17.25158,-0.27538377,17.475728155339805,15.9170475,-2.23321,0.6630636662891396,2.4286430997535158,507.0,1.4471817167082717,2.894138846939876,507.0,3.208928969299909,2.923980825599047,412,1.305672808754907,3.4096793058263963,528,-0.3175993,1.0153662,1.1787186,-0.11102408,No reliable edge,1.6525921,1.3680482,2.6284077,0.22604394,Weak edge,5.793811,1.8051544,3.2907965,4.5198383,Weak edge,,0.0,pattern+scale,bar
Chart pattern,Gaps,Breakaway gap up,1,1110,378,471,2017-04-05,2026-09-15,0.11607688323792999,0.29726442914114787,0.4808536242044428,20.4311152764761,18.085768,0.020416722,32.92568203198495,31.668764,2.5469315,44.55231930960086,46.98479,6.7908597,0.17553171803153556,1.0267172436483385,1067.0,0.43089103519299743,0.9603394168026403,1063.0,-1.147022695860302,-1.3304860829474707,927,0.29726442914114787,0.6101494777958911,1105,-0.26349548,0.39628202,-0.009884763,0.17767814,No reliable edge,-0.530632,0.9463897,0.38914406,0.9755922,No reliable edge,-1.081056,-1.1912383,-1.4050653,1.5429962,No reliable edge,,0.0,pattern+scale,bar
Chart pattern,Gaps,"Exhaustion gap (down, filled)",1,92,73,12,2018-02-07,2026-05-20,0.9714312165590894,2.2937364532085867,0.5056455043023047,13.333333333333334,13.022359,-0.76666635,17.391304347826086,19.882471,7.7639875,44.827586206896555,43.5818,36.185986,-1.666068861219618,-1.5853326945770994,90.0,-0.7582390826681386,-0.3241339591484141,92.0,4.832895914713542,1.0113886041192865,87,2.2937364532085867,0.9991415449732314,92,-0.25443012,-3.3531494,-5.4011908,-1.1803606,No reliable edge,2.5930314,-4.9268928,3.8298917,-0.753935,No reliable edge,6.1260657,3.0009067,32.987583,0.5395545,No reliable edge,,0.0,pattern+scale,bar
Chart pattern,Gaps,"Exhaustion gap (up, filled)",-1,307,129,77,2017-04-07,2026-07-17,1.4060894575679874,0.7396338625844411,-4.0099035441005,9.854014598540147,8.713847,-1.9450794,11.80327868852459,10.111869,-4.6108484,7.931034482758621,12.345827,-13.686363,-0.8232284880032504,-1.6208077002329402,274.0,-0.1071796479772349,-0.0918005009177814,305.0,-4.616346477640086,-2.5817609902218113,290,0.7396338625844411,0.5330865152907414,307,-0.70307964,-0.9751522,-0.42975935,-2.313405,No reliable edge,-0.0446168,-0.18917494,0.051910896,-4.3333063,No reliable edge,-4.431496,-4.8896713,-5.3963933,-11.158568,Weak - tends to fail,,0.0,pattern+scale,bar
Chart pattern,Gaps,Runaway gap down,-1,270,182,68,2017-05-24,2026-09-16,0.46931282343640646,1.0038096391938653,0.49994830459133904,14.068441064638785,14.223738,-1.49522,12.030075187969924,12.779135,-4.7217207,5.416666666666667,10.221411,-14.534898,-0.5908051697473562,-0.9022278328311719,263.0,-0.12010737110797624,-0.10426559821546305,266.0,-2.9983009338378905,-1.6821708426473159,240,1.0038096391938653,0.9813152498828044,269,-0.12405856,-0.9059334,-1.1557789,0.4332385,No reliable edge,-1.0701034,0.54976165,-4.038161,1.0475059,No reliable edge,-7.6925325,1.1091521,-13.270105,-1.2268974,No reliable edge,,0.0,pattern+scale,bar
Chart pattern,Gaps,Runaway gap up,1,395,194,161,2017-04-25,2026-09-08,1.9973823644480184,2.382150617886694,6.656005478147274,23.876404494382022,19.074505,0.49102616,40.616966580976865,32.290646,7.6761107,51.63934426229508,46.47639,15.012769,-0.3670548428310437,-0.6707193880303288,356.0,2.877918076699068,2.7468395956618523,389.0,2.9596150716145835,1.4954356752092828,366,2.382150617886694,2.2403134669063127,394,-1.7647053,0.5282144,-0.69806975,0.63154113,No reliable edge,3.6826444,2.3036203,1.295445,6.4111104,Weak edge,3.1819036,2.7830918,2.8615096,2.5900557,No reliable edge,,0.0,pattern+scale,bar
Chart pattern,Harmonic,Bearish AB=CD,-1,1583,438,599,2017-04-07,2026-09-23,-0.04407650654431126,0.05026390332431406,-0.11406200340451308,12.125079770261646,12.368301,-0.6104289,12.873258128732582,13.897117,-3.2263849,13.27116212338594,15.604083,-7.4285097,-0.15507166508891893,-1.019280378867157,1567.0,-0.48053541480901624,-1.684052014308016,1507.0,-1.358281358584783,-2.790894383963522,1394,0.05026390332431406,0.18662121149446292,1573,-0.19446415,-0.13089256,-0.14365122,0.24884598,No reliable edge,-0.39870387,-0.53511995,-0.5374037,0.38612345,No reliable edge,-1.9421395,-0.91188854,-1.4685891,-0.17923702,Weak - tends to fail,34.21733505821475,1546.0,pattern+scale,intermediate
Chart pattern,Harmonic,Bearish AB=CD,-1,720,340,264,2017-04-07,2026-09-24,-0.005398255563763229,-0.2843428657594392,-0.8762123755405884,10.84507042253521,12.134589,-0.6559106,11.0,14.173327,-3.2660635,12.380952380952381,15.9452095,-7.240845,-0.11027348478075484,-0.5105181865830967,710.0,-0.7542228480747768,-1.8740137638579828,700.0,-1.5721448141431051,-2.233828538842405,630,-0.2843428657594392,-0.7714499913093332,716,0.2726669,-0.33018824,0.12770863,0.090657085,No reliable edge,-0.68730706,-0.79376394,-0.46889725,1.885403,No reliable edge,-2.338971,-1.033294,-1.7964395,7.96192,Weak - tends to fail,12.376933895921239,711.0,pattern+scale,major
Chart pattern,Harmonic,Bearish AB=CD,-1,2687,457,1016,2017-04-05,2026-09-24,0.29621286675444775,0.16665417509154887,-0.05040473831455906,13.773584905660377,11.971746,-0.15512878,15.691592406044169,14.556321,-2.3899124,17.041522491349482,16.16928,-5.2419643,0.35231062979068395,3.3256562739010045,2650.0,0.18006308731853568,0.9106709527614129,2581.0,0.32369931758893816,0.8640525139386505,2312,0.16665417509154887,0.8730613912980669,2659,0.26038724,0.40874106,0.44892505,0.20644428,Works (significant),0.20066646,0.16681713,0.35596734,0.054106068,No reliable edge,0.5521156,0.14588603,0.37521973,-0.027989516,No reliable edge,60.73893625659764,2463.0,pattern+scale,minor
Chart pattern,Harmonic,Bearish Bat,-1,56,53,25,2017-06-01,2026-08-04,-0.8058224205992052,0.20787508609438582,0.7014273964571502,9.25925925925926,10.947501,-1.7531798,15.09433962264151,14.134045,-2.9937382,26.666666666666668,16.673353,-2.4225323,-1.2331456784848813,-1.887555213482222,54.0,-0.18257123119426225,-0.14596335829984852,53.0,2.8654832628038194,1.051807106054962,45,0.20787508609438582,0.19196027089968162,56,-2.6240857,-0.5940653,-1.3371679,-2.10676,Too few events,-1.0237855,0.2500533,1.0980247,-5.239493,Too few events,2.5432456,3.0803084,4.318207,-3.6348393,Too few events,40.0,55.0,pattern+scale,intermediate
Chart pattern,Harmonic,Bearish Bat,-1,28,27,4,2018-01-24,2026-09-07,-0.458110446509506,-1.5856995833692726,-0.5662752108441459,14.285714285714285,13.092734,-0.31803805,7.4074074074074066,8.695766,-3.7107894,11.538461538461538,9.698566,-8.58513,0.035484143665858676,0.03192623961029537,28.0,0.513548144587764,0.3393278454964587,27.0,0.7638576214130108,0.22833667754071474,26,-1.5856995833692726,-0.7288559832658976,27,-0.84605634,1.2108716,-0.7933985,10.329774,Too few events,1.3163621,-0.65418106,0.03125991,,Too few events,-4.371377,8.980233,-0.14319976,,Too few events,,27.0,pattern+scale,major
Chart pattern,Harmonic,Bearish Bat,-1,166,139,70,2017-06-14,2026-09-22,0.10798511222343553,-0.07078444133653786,1.4087606900892917,14.02439024390244,13.013327,-0.005530567,15.09433962264151,15.318457,-3.1447308,16.666666666666664,15.962312,-5.102768,0.20930962446259288,0.5525896647663667,164.0,-0.6912721358005356,-0.870299068178876,159.0,0.354476981692844,0.23933358130561144,144,-0.07078444133653786,-0.10482949221453179,165,0.44867465,0.12154244,0.2507466,0.8913021,No reliable edge,-0.120964594,-0.9094767,-0.888603,0.07703064,No reliable edge,-4.1749897,2.3474424,0.112989716,3.4181547,No reliable edge,65.60509554140127,157.0,pattern+scale,minor
Chart pattern,Harmonic,Bearish Butterfly,-1,209,164,79,2017-04-06,2026-09-23,-0.01837288414557966,0.6741459854171038,0.20090571803907256,12.135922330097088,11.186256,-0.7684278,10.945273631840797,13.638787,-3.4708729,15.934065934065933,16.64646,-6.528527,0.026644678949152383,0.06864489240078502,206.0,-0.7873336260591574,-1.040934862406313,201.0,-1.4219797993754293,-0.9961045160581106,182,0.6741459854171038,1.0858107265698225,208,0.26204175,-0.11978343,-0.17601055,-0.76146865,No reliable edge,-0.087458014,-1.2500613,-0.7321192,-0.6658157,No reliable edge,-2.4722466,-0.5982413,-1.7463969,7.055129,No reliable edge,31.18811881188119,202.0,pattern+scale,intermediate
Chart pattern,Harmonic,Bearish Butterfly,-1,70,68,16,2017-05-05,2026-09-02,0.8377582593155759,1.2455970966729566,2.4190557564594855,4.285714285714286,10.596885,-0.46259362,8.955223880597014,10.710871,-4.5780053,11.11111111111111,14.147194,-8.256798,0.19831183297293528,0.3126018113671687,70.0,-0.9599579768394356,-0.7327808035966433,67.0,-1.2585606650700645,-0.5331053722755619,63,1.2455970966729566,1.2674449618862165,69,0.29314232,0.127189,0.23522909,-0.7144103,No reliable edge,-0.66092026,-1.202421,-0.69659835,-0.17851429,No reliable edge,1.0897871,-3.3934221,-3.9020534,1.1360397,No reliable edge,8.695652173913043,69.0,pattern+scale,major
Chart pattern,Harmonic,Bearish Butterfly,-1,478,278,185,2017-04-07,2026-09-25,-0.351323393083514,-0.6890522991061995,-0.5565360669166811,14.893617021276595,13.665366,-0.19013475,13.822894168466524,14.766164,-3.338857,15.270935960591133,16.934658,-7.231597,0.12489759566936087,0.515503414348666,470.0,-0.694151843340814,-1.5380937009947513,463.0,-1.4291977154210282,-1.5553385477588955,406,-0.6890522991061995,-1.376704811715874,475,0.12931332,0.121901214,0.017692083,0.2092106,No reliable edge,-0.7837238,-0.63069135,-0.43647695,0.7590781,No reliable edge,-0.56902194,-2.2009444,-1.4508696,4.937954,No reliable edge,55.00000000000001,460.0,pattern+scale,minor
Chart pattern,Harmonic,Bearish Crab,-1,12,12,3,2017-11-02,2026-05-12,-4.342767860119541,-6.337173593540986,-22.55614499251048,9.090909090909092,13.465299,-0.5294935,0.0,12.208413,-7.607141,0.0,18.238352,-13.215441,-0.24058684435757724,-0.13395192773234513,11.0,-4.628682916814631,-2.497746359714824,11.0,-8.967494201660156,-2.0238585730600662,10,-6.337173593540986,-1.7111569361412362,12,-2.128674,1.3328192,-0.8985782,-4.5476356,Too few events,-4.613698,-4.641171,-4.221301,-6.8058124,Too few events,-14.054044,-1.3376714,-8.967494,,Too few events,,12.0,pattern+scale,intermediate
Chart pattern,Harmonic,Bearish Crab,-1,10,10,2,2017-06-27,2026-05-12,-0.3800225630402565,-1.239431481808424,-10.785983316600323,20.0,11.628351,0.07729731,10.0,11.679066,-7.756817,12.5,21.26299,-9.864208,0.1719416618347168,0.12473734197856101,10.0,-5.294866561889648,-1.8618044458317053,10.0,-6.4865241050720215,,8,-1.239431481808424,-0.4162085650185094,10,0.34866494,-0.0047816755,0.8106405,-4.5476356,Too few events,-9.642788,-0.9469455,-3.294881,-6.8058124,Too few events,-8.749756,-2.7144701,-3.8439648,,Too few events,,10.0,pattern+scale,major
Chart pattern,Harmonic,Bearish Crab,-1,30,27,14,2018-01-29,2026-09-15,-0.2512778765682516,0.25725214342985836,0.5545258937802698,10.344827586206897,10.23059,-0.62144965,0.0,8.338286,-5.917917,4.545454545454546,10.706198,-5.0133805,0.6091957749991581,0.5836345929288536,29.0,-1.4935565676007951,-0.9887300039680911,28.0,3.383691267533736,0.891370152988092,22,0.25725214342985836,0.1685069736290943,28,4.37099,-0.17451137,0.106622465,0.28789106,Too few events,1.4705296,-2.137923,-0.1519855,-7.829595,Too few events,12.18347,0.79552114,1.7399017,3.4785032,Too few events,30.0,30.0,pattern+scale,minor
Chart pattern,Harmonic,Bearish Cypher,-1,202,164,85,2017-07-17,2026-08-31,0.2010872989252099,0.6836356887065652,0.9927509612578729,11.940298507462686,11.26269,-0.7278978,13.77551020408163,13.069332,-2.6477783,23.391812865497073,14.583877,-3.5210333,-0.04469658960750447,-0.12168952161921416,201.0,0.4126673717888034,0.5673551429622715,196.0,2.796948170801352,1.8790644644574677,171,0.6836356887065652,1.0807768503833928,201,-0.40401632,0.08397868,0.37326616,-0.11145788,No reliable edge,0.19015229,0.49513805,0.38817364,1.0891743,No reliable edge,2.3435423,3.000597,2.4594228,8.371646,No reliable edge,50.5,200.0,pattern+scale,intermediate
Chart pattern,Harmonic,Bearish Cypher,-1,43,40,19,2018-06-18,2026-09-01,-0.39683535565124,-2.480580061230631,1.1739321005267975,7.142857142857142,10.500609,-0.93001246,10.256410256410255,13.710825,-2.1259055,12.903225806451612,20.066776,-8.457376,-0.4981509617396763,-0.7610339458813857,42.0,0.23545475495167267,0.16561366161053173,39.0,-3.4421273508379535,-1.4403904582925944,31,-2.480580061230631,-1.4467603734468166,42,-1.1928407,-0.11221224,-0.72391665,-1.9651637,Too few events,1.1273601,-0.321986,-2.0539923,4.688322,Too few events,-1.2390915,-5.5074735,-5.168607,3.620985,Too few events,31.57894736842105,38.0,pattern+scale,major
Chart pattern,Harmonic,Bearish Cypher,-1,451,271,184,2017-05-12,2026-09-25,0.10285221443265143,-0.28220107233537745,0.3534039478182518,9.234234234234235,11.450106,-0.8036004,12.903225806451612,13.433583,-3.3516083,14.921465968586386,14.028029,-7.4191933,-0.12118049140449043,-0.4693145332203571,444.0,-0.05214642819171677,-0.10365112955214427,434.0,-0.5630897801583974,-0.6083212669292953,382,-0.28220107233537745,-0.5778549889178111,444,0.11116314,-0.2546545,0.03718335,0.5906037,No reliable edge,-1.3152628,0.70015085,0.11903008,1.1147476,No reliable edge,-2.1122665,0.5776676,-0.5920835,-0.6136379,No reliable edge,69.45812807881774,406.0,pattern+scale,minor
Chart pattern,Harmonic,Bearish Deep crab,-1,68,60,27,2017-09-13,2026-08-14,0.30159752555739355,0.7825612111071891,0.5316266947640822,13.432835820895523,11.484228,-0.8705915,9.230769230769232,13.626056,-3.5663695,17.24137931034483,14.947913,-5.233288,-0.3597970934056524,-0.5479396205425893,67.0,-0.7858353834885817,-0.6791204092093364,65.0,1.608294256802263,0.7360036089658828,58,0.7825612111071891,0.8471580045821532,68,0.44037828,-0.67653316,-0.33155856,0.5710288,No reliable edge,-1.0492798,-0.6770214,-0.87595177,-3.12946,No reliable edge,2.9567978,0.95133084,0.65365285,-5.403607,Too few events,27.941176470588236,68.0,pattern+scale,intermediate
Chart pattern,Harmonic,Bearish Deep crab,-1,32,31,12,2017-08-21,2026-09-22,-0.7265734936921827,-1.8875747228101376,-3.875990162293116,12.903225806451612,9.196939,-0.2648223,3.3333333333333335,11.176356,-5.888532,7.142857142857142,13.340829,-10.408168,0.4893983410250756,0.5515526833243262,31.0,-2.3529449462890626,-1.1085412531501695,30.0,-3.4087341853550504,-0.9958440676939065,28,-1.8875747228101376,-0.934514366144401,31,2.7551181,-1.1469549,0.9131076,,Too few events,-0.10481592,-4.072102,-2.2557356,,Too few events,-1.1434613,-5.3719707,-5.8708973,,Too few events,9.67741935483871,31.0,pattern+scale,major
Chart pattern,Harmonic,Bearish Deep crab,-1,140,111,49,2017-04-13,2026-09-24,0.30584834192110144,0.08521588330251584,0.17790372448938865,12.5,12.992537,-0.6799298,11.11111111111111,13.414446,-4.4626894,20.51282051282051,16.54951,-6.9018006,-0.24926499759449677,-0.5404141048540356,136.0,-1.1993185537832756,-1.4115715371914423,135.0,-0.19542420216095754,-0.11385336718932704,117,0.08521588330251584,0.10304292414370214,138,-0.8133022,0.23750694,-0.5315605,0.11184889,No reliable edge,-1.6526141,-0.790714,-1.4736092,1.9012265,No reliable edge,0.3631785,-0.86996293,0.9792039,2.4672918,No reliable edge,47.05882352941176,136.0,pattern+scale,minor
Chart pattern,Harmonic,Bearish Gartley,-1,189,152,74,2017-04-27,2026-09-11,-0.30952037418598033,0.17705943727707293,1.0592801483451493,14.43850267379679,13.925033,-0.35339367,15.0,16.215324,-1.7630346,17.28395061728395,18.134378,-3.2660885,-0.1502243184788342,-0.36856097294023366,187.0,0.4173446231418186,0.5011432377741223,180.0,1.442429342387635,0.9281106926908888,162,0.17705943727707293,0.23253842571804317,188,-0.13846467,-0.15809906,0.044654135,1.157976,No reliable edge,0.34231675,0.4721726,-0.041701954,2.4103987,No reliable edge,1.0049256,1.8290604,-0.8920018,5.3133683,No reliable edge,56.75675675675676,185.0,pattern+scale,intermediate
Chart pattern,Harmonic,Bearish Gartley,-1,63,62,21,2018-11-30,2026-08-27,2.1617264645765464,2.256288549249312,0.5666360411731923,17.46031746031746,11.979531,0.6082074,14.754098360655737,15.386982,-0.74693143,14.893617021276595,15.598516,-8.232769,1.085206773546007,2.0599102152273057,63.0,1.044306332947778,0.8375280290612755,61.0,-1.4720241465467088,-0.6473619493921552,47,2.256288549249312,2.6735900775975243,63,1.1016686,1.0757413,0.9047314,-4.995303,Weak edge,-2.3136954,3.076781,-0.0036170168,-7.219288,No reliable edge,-7.986206,4.7707334,-1.919909,,Too few events,33.33333333333333,60.0,pattern+scale,major
Chart pattern,Harmonic,Bearish Gartley,-1,437,266,171,2017-04-07,2026-09-24,-0.10959733050081065,-0.26518644234832317,0.17968658313824493,10.185185185185185,11.401697,-0.68136793,15.165876777251185,14.822147,-2.712073,15.135135135135137,15.510156,-5.399178,-0.090914284741437,-0.3771962165974492,432.0,0.06286050697073552,0.12147504975124185,422.0,0.7626150595175253,0.8014639453782547,370,-0.26518644234832317,-0.5394253305052373,433,0.22616218,-0.2578556,-0.03165834,-0.2362175,No reliable edge,-0.48195902,0.36643156,-0.23674095,0.118707255,No reliable edge,0.98750645,0.60581005,0.38838688,-0.7134255,No reliable edge,72.56410256410255,390.0,pattern+scale,minor
Chart pattern,Harmonic,Bullish AB=CD,1,1016,385,469,2017-05-03,2026-09-23,-0.14824643324707185,-0.3156496597321843,-0.5977909567555224,14.19939577039275,16.003012,-0.045435905,25.614754098360653,27.623255,2.1980762,36.64596273291926,38.73706,6.1299767,-0.2536403813510983,-1.350989084373359,993.0,-0.33205929740530543,-0.8075022429482077,976.0,-1.212046520162073,-1.3862876804220845,805,-0.3156496597321843,-1.0138398537590896,994,-0.47360578,-0.14265783,-0.12894931,-0.27869454,No reliable edge,-0.89970636,-0.03404465,-0.46179876,0.12804504,No reliable edge,-1.7489538,-0.8273965,-0.15434235,-2.3054557,No reliable edge,41.14688128772636,994.0,pattern+scale,intermediate
Chart pattern,Harmonic,Bullish AB=CD,1,287,207,131,2017-05-03,2026-09-18,-0.2517097450253083,-0.1313303814359089,-0.8156584532532308,12.36749116607774,13.850883,-0.38998953,21.428571428571427,24.377449,1.1806664,32.093023255813954,34.49512,6.4201593,-0.10166757940824799,-0.30731261232394536,283.0,-1.1984899248395646,-1.4602579817260368,280.0,-1.7913632415061773,-0.9104967226174954,215,-0.1313303814359089,-0.2361072990932534,281,-0.017687164,-0.14827208,-0.6191085,-0.028660882,No reliable edge,-0.71691954,-1.4702138,-2.9792373,0.61638516,No reliable edge,-3.687666,-0.11130563,-6.6852865,2.6259522,No reliable edge,18.505338078291814,281.0,pattern+scale,major
Chart pattern,Harmonic,Bullish AB=CD,1,2550,455,1147,2017-04-11,2026-09-23,0.08633474059890778,-0.0785590895327882,-0.3474108533840017,16.939672393128248,16.762177,0.2014803,27.81646866038509,28.409067,2.5275292,40.70107108081792,41.194145,7.2075377,0.05278645483817856,0.4893638422722398,2503.0,0.10776410694739605,0.42360227126282746,2441.0,-0.47122296386243306,-1.0275569650874348,2054,-0.0785590895327882,-0.4266550565963983,2501,-0.14454825,0.15086368,-0.054888807,0.25294226,No reliable edge,-0.31519064,0.32847056,-0.1666849,0.025414962,No reliable edge,-0.6215853,-0.36739242,-0.5006483,-0.08857983,No reliable edge,65.20226185297956,2299.0,pattern+scale,minor
Chart pattern,Harmonic,Bullish Bat,1,61,59,27,2018-01-17,2026-09-18,-1.090964899243166,-2.397919080685824,-3.99971319721979,10.0,14.941673,-1.8016073,14.035087719298245,26.457628,-3.0330184,31.372549019607842,40.1261,3.3628306,-1.245719273885091,-1.4947555978058589,60.0,-3.8002313981976426,-3.108355784586847,57.0,-2.599173751531863,-0.8333298933475197,51,-2.397919080685824,-2.6549465358951023,60,0.016501676,-1.9764788,-0.5497494,0.42267644,No reliable edge,-3.7862427,-3.8090246,-5.5592995,-3.6228673,Too few events,-2.1486673,-2.9409373,-3.8133507,-8.860027,Too few events,38.59649122807017,57.0,pattern+scale,intermediate
Chart pattern,Harmonic,Bullish Bat,1,17,16,10,2018-07-10,2026-09-18,-0.7619514421094209,-1.2363889603875577,6.911088491324335,18.75,19.678272,0.030391604,37.5,32.710995,10.980988,55.55555555555556,41.556545,23.261986,-1.1887085437774658,-1.7610426025896337,16.0,3.430771827697754,0.9307043708869686,16.0,4.112081315782335,,9,-1.2363889603875577,-0.7131327174479534,16,-3.7931347,-0.8166478,-2.8722615,-0.677124,Too few events,-3.8276181,4.4676847,-6.937504,5.40016,Too few events,-12.075992,8.737245,-8.593067,3.5437543,Too few events,,15.0,pattern+scale,major
Chart pattern,Harmonic,Bullish Bat,1,195,154,78,2017-04-26,2026-09-17,0.40678700618930935,0.8367959996879412,0.09069008693257545,20.634920634920633,17.296705,0.41124558,31.550802139037433,28.206152,2.763699,40.0,41.73323,6.090875,0.2824805123465402,0.6569555958142235,189.0,0.5837904986213235,0.5621875683239776,187.0,-1.8468642726089015,-0.8652271115124676,165,0.8367959996879412,1.0731329750485439,192,-0.3209779,0.59880954,0.34544116,0.5313544,No reliable edge,-2.5893462,2.274396,0.49248043,0.2153328,No reliable edge,-2.596597,-1.3470427,-1.0827941,-4.2803445,No reliable edge,74.86338797814209,183.0,pattern+scale,minor
Chart pattern,Harmonic,Bullish Butterfly,1,141,127,65,2017-05-26,2026-09-21,-0.7120696797618549,-1.20498273309375,0.22665541291374852,13.043478260869565,16.19329,0.30774307,27.40740740740741,27.05386,2.2923694,38.18181818181819,37.728886,6.8256526,-0.2590658768363621,-0.5891592286266409,138.0,0.1625364798086661,0.13921562971442258,135.0,0.7411300659179687,0.2893336503241421,110,-1.20498273309375,-1.9313867289895832,136,0.17014992,-0.48798096,-1.418744,-0.35933608,No reliable edge,1.0488542,-0.34245852,1.6609615,-2.7742913,No reliable edge,0.61093116,0.84571564,2.5854115,1.6968693,No reliable edge,43.06569343065693,137.0,pattern+scale,intermediate
Chart pattern,Harmonic,Bullish Butterfly,1,40,39,20,2017-05-31,2026-06-05,-0.47895858297124505,-3.1045874673873186,-1.2439945596270263,12.5,15.112916,1.3137366,25.0,31.7143,3.4871826,33.33333333333333,39.554863,7.831124,0.030782437324523924,0.029374969374144192,40.0,-3.2612091064453126,-1.166862637414038,40.0,-6.427754257664536,-1.5186784472458248,33,-3.1045874673873186,-2.445159246494597,40,-1.5136477,0.86239856,1.839488,-0.6813871,Too few events,-0.15154497,-4.935643,9.233862,-6.1319327,Too few events,-12.402359,-2.0254142,9.902627,-9.23365,Too few events,17.94871794871795,39.0,pattern+scale,major
Chart pattern,Harmonic,Bullish Butterfly,1,401,270,197,2017-04-21,2026-09-25,0.19163975143170045,0.4292734595424591,0.5658033502614856,17.647058823529413,16.620237,0.62232435,27.034120734908136,27.398676,2.5001073,40.317460317460316,39.938164,8.536222,0.4359682673383552,1.4660660648374,391.0,0.5534295910612492,0.8032166598002547,381.0,1.478282722594246,0.9479048970257736,315,0.4292734595424591,0.7937007604212186,390,0.73205274,0.30007872,0.30968788,0.21441507,No reliable edge,1.6739899,0.019209033,-0.41069812,0.9519506,No reliable edge,3.6366556,0.095575064,-0.27306357,2.0411673,No reliable edge,61.71875,384.0,pattern+scale,minor
Chart pattern,Harmonic,Bullish Crab,1,4,4,3,2019-08-06,2026-02-05,-1.0928817559033632,-3.5671561141498387,1.1551644187420607,0.0,8.421658,-3.7200398,0.0,18.19507,-1.1940696,0.0,25.87922,-5.6831455,-1.3287405967712402,,4.0,1.7112828493118286,,4.0,-2.411039670308431,,3,-3.5671561141498387,,4,-1.8146478,-1.1667715,,0.1281777,Too few events,3.125443,1.2398962,,-0.013930559,Too few events,-15.52448,4.1456804,,-14.798044,Too few events,,4.0,pattern+scale,intermediate
Chart pattern,Harmonic,Bullish Crab,1,1,1,0,2023-02-03,2023-02-03,15.376527607440948,37.27709352970123,30.042845010757446,0.0,11.897106,15.894778,0.0,17.777779,37.27028,100.0,68.769714,110.260704,15.787672996520996,,1.0,35.469390869140625,,1.0,85.60708618164062,,1,37.27709352970123,,1,,15.787673,,,Too few events,,35.46939,,,Too few events,,85.607086,,,Too few events,,1.0,pattern+scale,major
Chart pattern,Harmonic,Bullish Crab,1,27,27,14,2017-09-26,2026-09-15,1.095984517954863,-1.1712560501809304,0.9417555903872619,15.384615384615385,14.446388,-0.62828636,23.076923076923077,25.866968,1.2108167,31.818181818181817,39.531727,1.890651,-0.2226102535541241,-0.20128536477573536,26.0,-0.1219631708585299,-0.040841966918471286,26.0,-3.822975505482067,-0.8871523172509678,22,-1.1712560501809304,-0.6922766835745818,26,1.1888864,-0.7426353,1.6653134,-0.5044051,Too few events,7.8596964,-3.0625746,-1.3979647,-0.5320314,Too few events,-5.683086,-2.954924,-7.822348,9.430684,Too few events,,27.0,pattern+scale,minor
Chart pattern,Harmonic,Bullish Cypher,1,262,188,99,2017-05-04,2026-09-23,-0.3380750084806478,-0.2719197443924671,-0.8266160049128766,13.618677042801556,17.990482,0.06496213,28.235294117647058,29.965126,1.9179374,42.06008583690987,42.470333,7.6628714,-0.33431300300568456,-1.0576970941344954,257.0,-0.37521625593596813,-0.44590043028545917,255.0,0.22267732088146291,0.12912881080737043,233,-0.2719197443924671,-0.4266149066276524,258,-0.19622886,-0.43124622,-0.64188474,0.12449609,No reliable edge,-1.0262992,0.09549916,-1.2194263,3.452813,No reliable edge,-2.0522661,2.1545737,-1.9434584,0.92340875,No reliable edge,62.745098039215684,255.0,pattern+scale,intermediate
Chart pattern,Harmonic,Bullish Cypher,1,76,71,46,2017-06-30,2026-09-18,0.39834449378152686,0.2908197734504938,-0.2608659115862356,17.333333333333336,16.844612,0.58654696,21.91780821917808,29.293669,3.292005,38.983050847457626,37.811436,12.916212,0.23055946350097656,0.3482451922210016,75.0,-0.660286158731539,-0.509284454959442,73.0,3.8860339148569913,1.0514737737218502,59,0.2908197734504938,0.2938773112354727,75,-0.4514503,0.47856304,-0.92035383,0.41670147,No reliable edge,-2.477356,0.025400512,-2.5315633,0.06389406,No reliable edge,-0.23193209,5.9978113,1.0159754,-1.1938561,Too few events,52.112676056338024,71.0,pattern+scale,major
Chart pattern,Harmonic,Bullish Cypher,1,524,300,206,2017-04-20,2026-09-18,-0.4183995090051061,0.1692096386481658,0.5464423768801162,16.73076923076923,17.352133,-0.21324551,28.000000000000004,28.407791,1.3241658,43.86363636363637,42.033596,8.370123,-0.22249339177058294,-0.9331879691273447,520.0,-0.37720718383789065,-0.6963766008127557,500.0,1.6297737815163351,1.4559855965671733,440,0.1692096386481658,0.3966679485654453,519,-0.23946641,-0.21222576,-0.3170809,-0.66737276,No reliable edge,0.4502007,-0.9151588,-0.16140276,-2.382187,No reliable edge,3.1331003,0.41102767,2.1629279,-2.0558295,No reliable edge,76.83982683982684,462.0,pattern+scale,minor
Chart pattern,Harmonic,Bullish Deep crab,1,33,33,17,2018-03-27,2026-09-17,0.6104487954871729,1.1712033621734008,-1.5679796633776277,19.35483870967742,14.8028345,-0.7435315,21.875,26.559746,-0.7057796,38.095238095238095,36.86534,3.038897,-0.2631900848880891,-0.22671540669700133,31.0,-2.2976062297821045,-0.857153652598146,32.0,-0.8052697862897601,-0.1580252493917968,21,1.1712033621734008,0.7485975383459825,32,-0.34277803,-0.21941674,-3.1608684,0.8722492,Too few events,-3.8206682,-1.4998115,-0.5438292,-5.35925,Too few events,-6.80522,5.7946763,-2.8980162,6.0993476,Too few events,31.25,32.0,pattern+scale,intermediate
Chart pattern,Harmonic,Bullish Deep crab,1,17,17,10,2018-07-17,2026-07-07,5.2725887624546885,6.421372245120652,4.686154029332101,31.25,19.817854,4.6632805,40.0,27.77096,13.125373,50.0,30.757887,18.769045,3.427748918533325,1.7059095762604704,16.0,7.855508931477865,2.1615218457216496,15.0,14.6195068359375,,10,6.421372245120652,2.866404652039516,17,2.7415202,3.8394864,10.148508,1.4416614,Too few events,12.693752,4.630013,13.162132,4.616579,Too few events,-4.268166,42.95102,63.73,-8.166959,Too few events,,17.0,pattern+scale,major
Chart pattern,Harmonic,Bullish Deep crab,1,118,103,53,2017-06-15,2026-09-10,-0.11117908693218635,-0.8591438639619998,1.5251392935427417,10.344827586206897,15.052494,-0.6115603,28.57142857142857,28.554169,3.1490512,46.391752577319586,41.61029,10.289679,-0.4172361636983937,-0.8695835431386039,116.0,0.7320515087672642,0.5728616410365085,112.0,2.139057749325467,0.6876595071720458,97,-0.8591438639619998,-0.9020822358496872,116,-1.9239124,0.34588557,-1.0455009,0.43438688,No reliable edge,0.5040846,0.853842,-2.5547037,5.3170047,No reliable edge,0.71340424,3.0976865,-0.7140736,14.369402,No reliable edge,52.21238938053098,113.0,pattern+scale,minor
Chart pattern,Harmonic,Bullish Gartley,1,191,160,101,2017-11-20,2026-09-23,0.36402632333562374,0.18261126753861537,0.8520030822992497,10.869565217391305,15.3822365,-0.4156851,26.31578947368421,25.845146,1.8781254,38.513513513513516,38.801514,5.162834,0.011814865081206612,0.030866581299928687,184.0,1.3513188947711074,1.4028467985596489,171.0,0.017478530471389357,0.008826313666969602,148,0.18261126753861537,0.2964496192328076,185,0.24571104,-0.06615053,-0.46253774,2.9569557,No reliable edge,-1.0869899,2.2486165,0.15586498,5.5025167,No reliable edge,-0.44170722,0.2245624,-0.53329486,-2.4596133,No reliable edge,67.79661016949152,177.0,pattern+scale,intermediate
Chart pattern,Harmonic,Bullish Gartley,1,77,74,32,2017-11-22,2026-04-08,-1.578326097556523,-2.1573285889727147,-3.144117614085024,12.987012987012985,13.439997,-1.3867397,15.584415584415584,25.524456,-3.607091,19.672131147540984,34.09095,-1.5305946,-0.6159141837776482,-1.072951556051401,77.0,-5.223474279626624,-3.99145340826417,77.0,-8.238292756627818,-3.1103692376816983,61,-2.1573285889727147,-1.5942104179111891,77,-0.48329568,-0.6796731,0.025473872,-1.329981,No reliable edge,-5.44372,-5.1175866,-3.963288,-6.751632,Works in reverse (fade it),-9.042116,-7.6800823,-7.3767285,-8.2572,Works in reverse (fade it),32.467532467532465,77.0,pattern+scale,major
Chart pattern,Harmonic,Bullish Gartley,1,466,288,190,2017-05-08,2026-09-17,-0.31725097290071624,-0.6258721382120783,-1.576330507470464,16.666666666666664,17.031647,-0.06586174,26.136363636363637,29.78425,1.8981405,44.55696202531645,44.08159,8.955274,-0.0457028393105511,-0.16911182983777961,462.0,-0.38477682633833454,-0.5612415783489575,440.0,0.6571352415446994,0.5214252375166957,395,-0.6258721382120783,-1.3303582417361761,457,-0.11762178,-0.007234572,-0.39419913,0.2452933,No reliable edge,-0.5157483,-0.30919832,-1.2775323,-0.20219989,No reliable edge,-0.6344206,1.5457699,-0.40231824,0.54275,No reliable edge,78.41191066997519,403.0,pattern+scale,minor
Chart pattern,Head & shoulders,Head & shoulders top,-1,559,323,248,2017-04-17,2026-09-25,0.43657446510843473,0.7437314299750142,0.26314509055438134,10.603290676416819,11.90935,-0.62821627,12.854442344045369,13.646945,-3.0159729,12.24944320712695,13.461329,-6.490377,0.1612185629891739,0.7348104161453487,547.0,-0.08760636875895336,-0.2044212413813328,529.0,0.13921577096781912,0.16937229889789635,449,0.7437314299750142,2.0316976736117907,544,0.57092893,-0.049878724,0.18458374,-0.24789692,No reliable edge,0.4648672,-0.39471665,-0.51916164,0.61139005,No reliable edge,0.99237865,-0.48096803,-0.8271525,0.49226022,No reliable edge,23.193916349809886,526.0,pattern+scale,intermediate
Chart pattern,Head & shoulders,Head & shoulders top,-1,180,149,73,2017-08-21,2026-09-24,0.7139841337908017,1.390262710004203,1.4727866531095721,14.367816091954023,13.868743,-0.22153798,15.909090909090908,14.495237,-2.0515406,16.0,12.889892,-4.142463,0.46918921635068694,0.9060588746539048,174.0,1.0576247301968662,1.189923998400175,176.0,2.524187215169271,1.446392551719326,150,1.390262710004203,2.0819728546497105,177,0.9947584,0.21314268,0.9010811,-0.2753803,No reliable edge,1.9945611,0.5970968,2.4424803,-1.7310435,No reliable edge,7.2812757,-0.47484654,3.0185575,1.020461,No reliable edge,6.857142857142858,175.0,pattern+scale,major
Chart pattern,Head & shoulders,Head & shoulders top,-1,1284,410,534,2017-04-19,2026-09-16,-0.21077889690118634,-0.037055768587576095,-0.0635314996531568,11.10223642172524,13.248827,-0.74580866,14.674361088211047,15.792918,-2.2974389,15.868544600938966,16.827578,-5.742987,-0.19514016830883088,-1.52555557982227,1252.0,-0.13567086241015303,-0.4893029836036925,1213.0,-0.3763185886150235,-0.6831821556823773,1065,-0.037055768587576095,-0.14225652351975443,1256,-0.24777867,-0.16382526,-0.046347335,-0.7580658,No reliable edge,-0.37724474,0.017673189,-0.06117814,0.25556523,No reliable edge,0.394277,-0.9920141,-0.01878511,-0.11027849,No reliable edge,38.08764940239044,1255.0,pattern+scale,minor
Chart pattern,Head & shoulders,Inverse head & shoulders,1,571,327,256,2017-04-06,2026-09-18,-0.3062290754148802,-0.466859258297235,-0.12874204489226276,19.36056838365897,16.918226,-0.42051902,27.48643761301989,29.625946,0.9920167,42.55765199161425,41.260986,5.7160945,-0.24977789382528032,-1.0204291965951964,563.0,-1.2940279803698576,-2.7612502454134797,553.0,-0.5177972181788031,-0.4870941089670105,477,-0.466859258297235,-1.0864561100002637,569,0.025002537,-0.3513999,-0.17358932,-0.62289906,No reliable edge,-0.90027064,-1.4432826,-1.1007566,-1.4137983,Weak - tends to fail,-0.32449588,-0.60907835,0.3292937,-3.4161987,No reliable edge,42.486085343228204,539.0,pattern+scale,intermediate
Chart pattern,Head & shoulders,Inverse head & shoulders,1,115,98,30,2018-06-01,2026-09-17,1.2826085053874474,1.2771119592351872,0.8554280842695616,28.31858407079646,19.607697,0.76350564,40.17857142857143,34.71965,4.1595078,59.80392156862745,53.043312,11.308851,0.6610641479492188,1.3295569115862684,113.0,1.427281107221331,1.4502431282146693,112.0,0.7400367587220436,0.3841377482919305,102,1.2771119592351872,1.6012642724613944,114,0.41270816,0.77717865,0.26073834,0.8806095,No reliable edge,2.7461417,0.8025575,1.3813325,1.3303304,No reliable edge,-3.746296,3.187127,1.3677379,4.7005115,No reliable edge,32.743362831858406,113.0,pattern+scale,major
Chart pattern,Head & shoulders,Inverse head & shoulders,1,1211,396,462,2017-04-05,2026-09-24,0.060950330925594154,-0.32065570481987166,-0.9070551864352352,19.69823973176865,17.718363,-0.3421153,27.858985382631126,28.890574,0.30623287,40.15151515151515,41.252968,4.9033346,-0.2413791806779783,-1.5793009059979801,1193.0,-0.9930678127351139,-2.750232798275998,1163.0,-1.1976821205832742,-1.832428014410971,1056,-0.32065570481987166,-1.1726002524949226,1205,-0.22050126,-0.25425103,-0.16562872,-0.08936378,No reliable edge,-1.2591544,-0.81895715,-0.6924846,-1.3001027,Weak - tends to fail,-0.6454055,-1.6272306,-1.2073225,0.59641415,No reliable edge,46.950710108604845,1197.0,pattern+scale,minor
Chart pattern,IBD bases,Flat base breakout (25d),1,1863,386,651,2017-04-05,2026-09-23,0.03597181743037531,-0.004924471346649327,-0.12430826315468661,20.58984161660295,18.666098,-0.25925642,33.48571428571429,31.536583,1.6369339,47.94604537093807,47.31988,6.958458,-0.12378357200268382,-0.7710028023135598,1831.0,-0.07538296944754465,-0.21268478657848874,1750.0,-1.091305225776939,-2.0187734602702987,1631,-0.004924471346649327,-0.014252420471242795,1844,-0.0340429,-0.1881847,-0.06888701,-2.271564,No reliable edge,-0.024961716,-0.114816256,0.04861164,-2.8891673,No reliable edge,-1.2422833,-0.9566159,-1.3081797,-3.8596222,Weak - tends to fail,,0.0,pattern+scale,bar
Chart pattern,IBD bases,Flat base breakout (40d),1,569,235,198,2017-04-05,2026-09-24,0.18273062766463918,0.059884001657498624,-1.1184024795862713,21.364452423698385,17.314224,-0.24941663,29.174311926605505,28.13356,0.09059385,43.366336633663366,42.049305,4.06758,0.21966271939782736,1.0363954130594586,557.0,-0.4198912174329845,-0.91210040426884,545.0,-1.248685870784344,-1.3385894014640707,505,0.059884001657498624,0.13166466783534803,565,0.422806,0.073575124,0.2755389,-2.314055,No reliable edge,-0.32951453,-0.48840255,-0.4992639,-2.9378796,No reliable edge,-2.5018904,-0.15793371,-2.1588163,0.5923095,No reliable edge,,0.0,pattern+scale,bar
Chart pattern,IBD bases,Flat base breakout (60d),1,124,77,39,2017-05-10,2026-08-13,-0.7980442093309736,-1.7422942213729145,-2.656908528726609,10.655737704918032,20.198994,-0.9612541,30.327868852459016,33.31516,-0.042679567,47.22222222222222,48.198814,4.800263,-0.7900412512607262,-2.629755740101545,122.0,-1.7554932891345414,-1.9644666484198992,122.0,-3.1616908885814525,-2.5972678102351434,108,-1.7422942213729145,-2.354745728277552,124,-1.2847242,-0.54873246,-0.7677244,-2.0719643,Weak - tends to fail,-2.64926,-1.3030928,-1.8150421,-7.053194,No reliable edge,-2.8176944,-3.3721962,-3.4326665,-4.916777,Weak - tends to fail,,0.0,pattern+scale,bar
Chart pattern,Island reversal,Island bottom,1,548,236,287,2017-10-04,2026-09-21,1.5896549631462433,1.4220610681948738,0.4260575994008914,22.328244274809162,18.93944,1.738653,29.75517890772128,30.576954,5.0605106,39.90267639902677,42.238777,11.536628,0.6617679741546398,1.238649368263929,524.0,-0.04802752708535635,-0.05499686445360341,531.0,0.06576177035515035,0.03827038189583636,411,1.4220610681948738,1.6660260766363775,542,-0.3917514,0.9352778,-0.8108624,1.7362354,No reliable edge,3.0938067,-0.93593717,-1.1826092,0.7671829,No reliable edge,2.652335,-0.9635888,-1.4641646,-0.9945888,No reliable edge,,0.0,pattern+scale,bar
Chart pattern,Island reversal,Island top,-1,329,162,132,2017-08-04,2026-09-24,1.387405347096075,1.8546134451619134,0.2649384353286292,14.473684210526317,10.355208,-0.41877592,12.460063897763577,11.005595,-2.4371269,11.450381679389313,11.227879,-9.556386,0.5174173053942228,1.3273152002323507,304.0,1.7467645517172523,1.8208746317370723,313.0,-0.19728469848632812,-0.11462150241239062,262,1.8546134451619134,1.945131243888132,325,0.06944334,0.72104186,1.019698,-0.13129844,No reliable edge,1.5011798,1.8779837,2.809713,0.879463,No reliable edge,-6.2000775,4.079215,1.7744577,-2.6110365,No reliable edge,,0.0,pattern+scale,bar
Chart pattern,New highs / lows,52-week high breakout,1,4404,458,1581,2017-04-05,2026-09-24,0.2499201393830078,0.3817503291102392,0.9870299873960428,20.893438808748254,18.275213,-0.269442,34.30981954534802,31.590826,2.4323876,47.39543238388504,45.754616,7.9506917,-0.09880537385439085,-0.9409238379376121,4298.0,0.46800647822313685,2.1876830227487853,4267.0,0.40821133193401976,1.0501529896253265,3897,0.3817503291102392,1.9579417763157319,4375,0.083712555,-0.20921578,-0.013021216,-1.1447511,No reliable edge,0.3589778,0.5368843,0.5773097,-2.0225217,Weak edge,0.40133005,0.41328037,0.6867228,-4.430559,No reliable edge,,0.0,pattern+scale,bar
Chart pattern,New highs / lows,52-week low breakdown,-1,1615,401,683,2017-04-18,2026-09-25,0.33131102224849984,0.5667417636496196,1.264211837113499,16.01815823605707,14.240855,-0.16655354,14.983713355048861,14.787835,-3.6737084,14.493927125506072,14.371765,-7.425727,0.461790883896725,2.6078907753460454,1542.0,0.21903483735621945,0.731208901001445,1535.0,0.8641188401442308,1.2085360401053702,1235,0.5667417636496196,1.9553065670780505,1574,0.7605995,0.27862996,0.75978136,-0.016811855,Weak edge,0.893802,-0.21873035,1.0674784,-0.8293092,No reliable edge,1.3284273,0.41388023,0.18574543,0.16414647,No reliable edge,,0.0,pattern+scale,bar
Chart pattern,New highs / lows,Multi-year high breakout (since 2016),1,2659,402,1132,2018-06-11,2026-09-24,0.08873682699194683,0.2636498276589681,1.065344666682636,20.454545454545457,17.97891,-0.3720845,34.3399148277197,31.464354,2.3289535,46.60519698239732,44.74779,7.7725854,-0.13305878014704112,-0.9939865391940261,2596.0,0.39443848034322976,1.4238065823322634,2583.0,0.5312684179851216,1.0407356670221368,2386,0.2636498276589681,1.0834105290896048,2645,0.14058027,-0.2521046,-0.16276526,-1.467291,No reliable edge,0.37313074,0.40403354,0.5093556,-3.0671456,No reliable edge,0.52476704,0.53457254,0.53188896,-4.5741096,No reliable edge,,0.0,pattern+scale,bar
Chart pattern,Pipes & horns,Horn bottom (weekly),1,95,87,41,2017-06-09,2026-09-25,-0.0747727036991335,-0.4834151816784695,-1.4251487830313303,11.827956989247312,15.331149,0.78827953,13.978494623655912,21.754835,-0.8487893,23.61111111111111,35.003426,2.2686806,-0.0337798826156124,-0.0506728664936009,93.0,-2.868859075730847,-3.1065396761060944,93.0,-9.451138814290365,-3.5532327287677807,72,-0.4834151816784695,-0.6861529655451514,93,0.17093721,-0.12196576,-0.5960714,-0.513805,No reliable edge,-3.8454242,-2.426353,-3.401922,-3.9267082,Works in reverse (fade it),-16.744429,-4.5324097,-8.388542,-11.42375,Works in reverse (fade it),,0.0,pattern+scale,bar
Chart pattern,Pipes & horns,Horn top (weekly),-1,171,135,57,2017-05-12,2026-09-25,0.0167196909623111,-0.9490782324742724,1.4691779232886901,9.580838323353294,11.300786,-0.82187885,9.036144578313253,13.835306,-2.5203848,9.032258064516128,16.256075,-7.6262183,-0.13770447234193722,-0.293274248868267,167.0,0.029543204479906934,0.03158963936723939,166.0,-2.7820538920740927,-1.8985465764358411,155,-0.9490782324742724,-0.977008546553171,169,-0.61047935,0.19516762,-0.57099956,2.1019049,No reliable edge,-0.7085512,0.5811717,-0.5418863,2.9147186,No reliable edge,-3.4397852,-2.2261143,-2.773747,-11.351742,No reliable edge,,0.0,pattern+scale,bar
Chart pattern,Pipes & horns,Pipe bottom (weekly),1,359,225,111,2017-05-26,2026-09-25,-0.5372974547110184,-0.2562438571920334,-2.313850631425553,7.536231884057972,11.187226,-0.6470816,11.89801699716714,17.604252,2.5566635,35.23809523809524,39.57543,19.12239,-0.7436593318331068,-2.0972809599849818,345.0,-2.15416736981011,-2.3332730685290195,353.0,-2.6260465107266864,-1.3140344775918322,315,-0.2562438571920334,-0.38650652372118627,354,0.10794737,-1.4631985,0.16624704,-0.55067396,No reliable edge,-1.5143017,-2.7352345,1.7563199,-3.522161,Weak - tends to fail,-3.6803043,-1.4211807,1.3946267,-6.7204638,No reliable edge,,0.0,pattern+scale,bar
Chart pattern,Pipes & horns,Pipe top (weekly),-1,950,377,293,2017-04-13,2026-09-25,-0.7592304858824996,-1.0694805266742937,-1.5606048242834214,6.881720430107527,11.3890295,-1.1767477,7.634408602150537,13.171375,-4.258133,7.380952380952381,13.997284,-10.495341,-0.40178665653351814,-1.877731011080751,930.0,-1.327303716187836,-2.8455363374950546,930.0,-3.62921636672247,-4.491025887230084,840,-1.0694805266742937,-2.756939731694214,942,0.10483107,-0.7791361,-0.180607,-1.0851033,No reliable edge,-0.45525467,-1.9797014,-1.3641597,-2.7137892,Weak - tends to fail,-2.6935534,-4.4717364,-3.9437559,-1.3581544,Works in reverse (fade it),,0.0,pattern+scale,bar
Chart pattern,Point & figure,P&F bearish descending breakdown,-1,5395,471,2306,2017-04-12,2026-09-25,-0.18106542027944209,-0.340791387627933,-0.7016257563189586,11.487509462528388,12.413525,-1.2142678,11.06651376146789,13.117271,-5.229988,10.315695864828813,12.1307955,-10.312388,-0.28782537144120224,-2.5676555550817985,5284.0,-0.8991686153120222,-4.155765921627525,5232.0,-1.0981404061527344,-2.7505609130597826,4498,-0.340791387627933,-1.6309165456366304,5335,-0.29924932,-0.28068715,0.0270586,-0.40943477,Weak - tends to fail,-1.2021414,-0.70193505,-0.532834,-0.9287823,Works in reverse (fade it),-0.8751088,-1.2894815,-1.2118217,-1.6781722,Weak - tends to fail,,0.0,pattern+scale,bar
Chart pattern,Point & figure,P&F bullish ascending breakout,1,8148,479,2886,2017-04-05,2026-09-24,0.15799727419892756,0.2711614372728977,1.2058812101131955,19.722707969023233,17.892317,-0.33396313,31.387414708112203,30.378574,2.6072385,47.067689778021375,45.626114,10.421087,-0.310123974402011,-3.61087314556949,8006.0,0.08041149695654062,0.43776668272079444,7914.0,1.194910661525418,3.5170019398060837,7298,0.2711614372728977,1.6238263529019978,8102,-0.53004545,-0.16407344,-0.20512262,-0.97239316,Works in reverse (fade it),-0.43127632,0.43492633,0.26310566,-1.2578386,No reliable edge,0.8297142,1.4868157,1.0917118,-1.1765994,Works (significant),,0.0,pattern+scale,bar
Chart pattern,Point & figure,P&F double-bottom sell,-1,9274,484,3849,2017-04-10,2026-09-25,-0.2971029288345285,-0.37156997062906677,-0.8165708242347289,9.794611307420494,11.294115,-1.2040144,10.205687310329324,12.59711,-4.3122864,11.062169645104456,13.542761,-8.707017,-0.1407243438828539,-1.8868471187385953,9056.0,-0.6071207947552546,-3.893710714729384,8897.0,-1.2771177371082936,-4.595087836960957,7946,-0.37156997062906677,-2.574344260456829,9138,-0.13688171,-0.14323534,0.00918179,-0.22915265,No reliable edge,-0.46858624,-0.70193386,-0.31728193,-0.897241,Works in reverse (fade it),-0.94589823,-1.5555506,-0.44194293,-1.6452051,Works in reverse (fade it),,0.0,pattern+scale,bar
Chart pattern,Point & figure,P&F double-top buy,1,9274,483,3740,2017-04-05,2026-09-25,0.03782576162497695,0.23463005845854473,0.6319650985798057,19.226979086827985,17.275045,0.2555279,29.153743907842266,29.004684,3.25411,41.26117179741807,42.089573,9.702233,-0.01759864158049792,-0.2505419325388908,9133.0,0.1545079695634415,0.9366965898599122,9028.0,0.3827493737683869,1.1623904530942248,8056,0.23463005845854473,1.8656042724997266,9222,0.07145104,-0.07448305,0.022772063,-0.19823512,No reliable edge,0.22241741,0.10951015,0.013959191,0.03374309,No reliable edge,0.46667877,0.31484064,0.12927778,-0.11843289,No reliable edge,,0.0,pattern+scale,bar
Chart pattern,Point & figure,P&F triple-bottom sell,-1,1975,452,871,2017-04-19,2026-09-25,0.09683205039829576,0.18751670131926454,0.32969338533649023,11.099585062240664,11.429688,-0.79440016,12.71860095389507,12.900297,-3.4193463,12.779156327543426,13.354763,-7.0327554,0.168458044281639,1.1441048468959143,1928.0,0.2813667010300742,1.0370527712143311,1887.0,0.19272225429639037,0.34195997859581284,1612,0.18751670131926454,0.7648113279731087,1941,0.20632142,0.1456897,0.42533228,-0.08849658,No reliable edge,0.7276483,-0.0021033494,0.457745,-0.37816554,No reliable edge,1.8350447,-1.1975139,-0.91536856,0.24353004,No reliable edge,,0.0,pattern+scale,bar
Chart pattern,Point & figure,P&F triple-top buy,1,2408,459,984,2017-04-05,2026-09-23,-0.0997110885825047,0.07724673123995221,0.10675409148602169,18.887015177065766,17.611208,-0.13934557,29.25257731958763,30.01245,2.2203085,44.93731918997107,43.873837,9.731905,-0.336364951945879,-2.293470514910561,2372.0,-0.4894613154565346,-1.4537515676151216,2328.0,0.9643584116215647,1.6321691560192233,2074,0.07724673123995221,0.29645914544923946,2394,-0.25448433,-0.3877862,-0.3296951,-0.4711843,Weak - tends to fail,-0.8769523,-0.23490319,-0.2426088,-1.4762897,No reliable edge,-0.06334287,1.7884836,1.8546281,-2.2053173,No reliable edge,,0.0,pattern+scale,bar
Chart pattern,Quasimodo,Bearish Quasimodo,-1,1754,440,755,2017-04-07,2026-09-24,0.25753101128010225,0.4641320487721195,0.9878866423967458,10.776361529548089,11.41259,-0.401061,15.339578454332553,14.891203,-1.57238,14.824619457313037,15.206421,-5.2399015,0.13285335218091415,1.0565382067677027,1726.0,0.7961199936877927,2.844589013050165,1708.0,0.0912124967038592,0.17445524832626555,1511,0.4641320487721195,2.097508963323985,1734,0.03500479,0.18729208,0.0768682,0.2343291,No reliable edge,1.0257888,0.6645786,1.0444387,0.7514623,Weak edge,0.736031,-0.36241397,0.4558678,1.5629573,No reliable edge,50.23310023310024,1716.0,pattern+scale,intermediate
Chart pattern,Quasimodo,Bearish Quasimodo,-1,511,306,213,2017-04-13,2026-08-18,0.6394576802558162,0.8685711239065442,-0.09683390802878189,9.523809523809524,9.821678,-0.3850155,12.650602409638553,12.606271,-2.7645729,13.876651982378855,15.556622,-6.684418,0.5171490018329923,2.08908595897574,504.0,0.5179450100205509,1.0323486269647553,498.0,-0.16878165022392105,-0.199319857431817,454,0.8685711239065442,1.9639965176881795,511,0.53505385,0.50685376,0.31844118,0.36979774,Weak edge,0.45337287,0.55578345,0.22102809,0.34394017,No reliable edge,-0.60705507,0.13263312,-0.4927148,0.48903,No reliable edge,22.653061224489797,490.0,pattern+scale,major
Chart pattern,Quasimodo,Bearish Quasimodo,-1,4583,476,1925,2017-04-06,2026-09-25,-0.20181937922133733,-0.2513275953572033,-0.07941671159995999,10.92005359535507,11.955831,-0.6785972,12.477189781021899,13.598389,-3.1131315,14.214266912345355,14.977024,-5.9205623,-0.11898490220854037,-1.5836334827688732,4478.0,-0.31191813336671703,-2.0809934697106547,4384.0,0.002863859119902287,0.010099295392967288,3799,-0.2513275953572033,-1.7704006604689706,4505,-0.19668317,-0.0755788,-0.12746243,-0.086661644,No reliable edge,-0.6369303,-0.12254282,-0.23516041,-0.42816594,Weak - tends to fail,0.16747485,-0.11925471,0.06216611,1.1144702,No reliable edge,63.46153846153846,4264.0,pattern+scale,minor
Chart pattern,Quasimodo,Bullish Quasimodo,1,1654,439,768,2017-04-05,2026-09-23,-0.3673192062754875,-0.5424337782620755,-0.4168924044039954,16.257668711656443,17.413439,-0.17374301,26.13003095975232,27.819405,1.5221267,39.270072992700726,39.51632,6.950643,-0.31364495213046395,-2.1067753963483717,1630.0,-0.38494857929808435,-1.1468637194084637,1615.0,0.6583088895700274,1.030319183263442,1370,-0.5424337782620755,-2.1543432536633307,1639,-0.30369917,-0.3183438,-0.337356,-0.27049583,Weak - tends to fail,-0.615169,-0.27343556,-0.7298993,-0.9297406,No reliable edge,0.111067496,1.0004159,-0.10430125,0.8510467,No reliable edge,58.728179551122196,1604.0,pattern+scale,intermediate
Chart pattern,Quasimodo,Bullish Quasimodo,1,397,259,160,2017-04-24,2026-09-23,-0.8197145773433582,-1.5914567721491304,-1.768964083890456,9.32642487046632,14.811902,-1.2862482,19.18918918918919,24.78297,-0.5466215,34.06940063091483,39.26042,3.943792,-0.9554126324431266,-3.296377728635345,386.0,-1.9059712177998311,-2.6911640309190616,370.0,-4.007733558630718,-2.746054081725816,317,-1.5914567721491304,-4.266236742719041,386,-1.2639424,-0.7697828,-1.159007,-1.2196637,Works in reverse (fade it),-2.969887,-1.2125261,-3.2020662,-0.15674652,Weak - tends to fail,-6.7517323,-1.6649041,-6.2946067,-4.8778114,Weak - tends to fail,36.43835616438356,365.0,pattern+scale,major
Chart pattern,Quasimodo,Bullish Quasimodo,1,4579,468,2011,2017-04-05,2026-09-25,0.00528270783534062,-0.038506505559520836,-0.2609424805616154,18.53324497459686,17.347464,0.042924836,27.590115620040805,28.456549,1.5220327,42.14680347277032,41.47709,7.269618,0.009629425898223938,0.10768957579043856,4527.0,-0.31934114022472226,-1.6054759784180128,4411.0,0.35459983803604317,0.8703336613526494,3801,-0.038506505559520836,-0.2595022143200938,4537,0.067422576,-0.020727547,-0.01996894,-0.13938168,No reliable edge,-0.49266988,-0.2240286,-0.33190304,-0.22389074,No reliable edge,0.00989107,0.5958652,0.035002206,0.24413154,No reliable edge,70.96069868995633,4122.0,pattern+scale,minor
Chart pattern,Range contraction,Inside day breakout down,-1,52667,496,21879,2017-04-05,2026-09-25,-0.0831825371979791,-0.06454085246541454,-0.144166188465016,11.560984094466885,12.479794,-0.5326942,14.104611698941905,14.838271,-2.6110895,15.220769723009417,16.052763,-6.018601,-0.0800762848507286,-3.1806063616962694,51743.0,-0.16155648348597523,-3.1227375300560527,50090.0,-0.3346024821952989,-3.7212335395451905,43756,-0.06454085246541454,-1.394730916432358,51814,-0.11457234,-0.060176983,-0.07333562,-0.053360723,Works in reverse (fade it),-0.3577788,-0.041344177,-0.12840682,-0.14226867,Works in reverse (fade it),-0.46762672,-0.23188867,-0.2898381,-0.37980407,Works in reverse (fade it),,0.0,pattern+scale,bar
Chart pattern,Range contraction,Inside day breakout up,1,48990,491,19113,2017-04-05,2026-09-25,0.010634929324008882,-0.030943333023397822,-0.03276374571744089,18.080287894769498,17.147028,-0.16007611,29.545598983158566,29.329103,1.767683,43.29101260093852,42.82591,7.125072,-0.07762143944799488,-2.947146563936469,48351.0,-0.1932417447833916,-3.1389207631656526,47205.0,-0.17352761470590863,-1.5694100006933092,41981,-0.030943333023397822,-0.6783205284703976,48505,-0.12360154,-0.05023155,-0.046361033,-0.08679184,Weak - tends to fail,-0.18822132,-0.19638155,-0.101886034,-0.43536225,Works in reverse (fade it),-0.022744337,-0.28873447,0.032326,-1.1624218,No reliable edge,,0.0,pattern+scale,bar
Chart pattern,Range contraction,NR7 breakout down,-1,53157,493,22338,2017-04-05,2026-09-25,-0.04431885379148421,-0.07820791312894552,-0.07761613624111309,11.341687744309038,12.091027,-0.5671482,13.977407847800238,14.6510105,-2.6682432,15.483797352806938,15.977766,-5.904297,-0.07751443324495094,-2.981564346143683,52188.0,-0.17058824440150613,-3.2489021933567677,50460.0,-0.2570225362634071,-2.7226974279473986,43820,-0.07820791312894552,-1.6346956285627792,52313,-0.079938844,-0.07615915,-0.051423,-0.1632225,Weak - tends to fail,-0.24504161,-0.12630214,-0.050879475,-0.42863452,Works in reverse (fade it),-0.26140693,-0.25371307,0.015644995,-0.89934194,Weak - tends to fail,,0.0,pattern+scale,bar
Chart pattern,Range contraction,NR7 breakout up,1,51056,490,20676,2017-04-05,2026-09-25,-0.006654390669268364,-0.052689271794340874,-0.03534554501948597,17.658276882735056,17.076965,-0.12141337,29.588540079244137,29.302519,1.8800689,42.95070665287832,42.795647,7.189155,-0.09591848129059974,-3.6673790850576142,50339.0,-0.1945260313484202,-3.3777285638542294,49215.0,-0.3617663045429737,-3.2969097551804247,43515,-0.052689271794340874,-1.162319899348748,50583,-0.14990066,-0.06592115,-0.08188878,-0.091088235,Works in reverse (fade it),-0.22315209,-0.17780685,-0.12427805,-0.29053572,Works in reverse (fade it),-0.18541901,-0.4881909,-0.29179427,-1.060187,Works in reverse (fade it),,0.0,pattern+scale,bar
Chart pattern,Rectangle,Rectangle - down breakout,-1,125,113,74,2017-05-25,2026-08-17,0.010855210572481155,0.49013020247220995,0.9963634088024741,10.569105691056912,13.858044,-0.8197042,11.666666666666666,14.409026,-3.3940551,13.043478260869565,12.734949,-4.350115,0.03847396276830658,0.09157214014703,123.0,-0.34516385396321614,-0.3826875457841564,120.0,1.6035260739533796,0.8822001343712397,92,0.49013020247220995,0.8314685872345836,125,-0.37651038,0.20352454,-0.20110907,0.76234186,No reliable edge,-1.4975712,0.12935683,0.9556162,-0.8329827,No reliable edge,1.4990082,1.6677039,-0.19633217,-3.9252725,No reliable edge,45.76271186440678,118.0,pattern+scale,intermediate
Chart pattern,Rectangle,Rectangle - down breakout,-1,26,26,11,2017-08-17,2026-09-09,0.585791515186429,1.1821916475892067,1.791918683797121,16.0,13.4283285,0.7253811,8.0,13.498719,-3.915139,14.285714285714285,13.974686,0.2725269,0.732643051147461,0.6955393312983089,25.0,-0.7854682159423828,-0.33970926418143577,25.0,6.120101202101934,1.1567404049602268,21,1.1821916475892067,0.8065438739223203,25,1.3042024,0.20504966,-0.8380707,1.158791,Too few events,0.92199165,-2.3615851,4.3059306,-4.1152344,Too few events,10.510007,0.26689455,17.874155,3.626784,Too few events,,25.0,pattern+scale,major
Chart pattern,Rectangle,Rectangle - down breakout,-1,419,267,191,2017-05-17,2026-09-24,-0.04351679789653759,0.3612918852478339,0.5057114228323291,12.165450121654501,11.313113,-0.6799251,13.959390862944163,14.025108,-3.4167004,14.984709480122325,14.68807,-7.66551,0.17314185075226202,0.6646799078592983,411.0,-0.2279901843385648,-0.47216312460097976,394.0,-1.2199981409475344,-1.3418042606100256,327,0.3612918852478339,0.7549636265088971,407,0.15994078,0.18041489,0.21761693,-0.40568376,No reliable edge,-0.7519717,0.080482796,-0.7012588,0.8658613,No reliable edge,-0.6980633,-1.6462448,-1.1805825,-0.6846003,No reliable edge,52.63157894736842,399.0,pattern+scale,minor
Chart pattern,Rectangle,Rectangle - up breakout,1,168,135,68,2017-07-05,2026-09-18,-0.06906984062551196,-0.39231061307062587,-0.2957213276661701,16.666666666666664,17.485182,-0.47488314,32.5,29.923988,1.8358209,43.05555555555556,42.26481,5.585798,-0.3604089713390963,-0.8609849611128848,162.0,0.1661350965499878,0.1554568674004765,160.0,-0.6220403247409396,-0.3299699086510623,144,-0.39231061307062587,-0.5452366567491717,166,-0.39192408,-0.3381826,-0.56843525,-1.4230589,No reliable edge,-1.0326202,1.0521715,0.2667293,1.3286585,No reliable edge,-2.247143,0.83199894,-0.72448915,15.709476,No reliable edge,60.97560975609756,164.0,pattern+scale,intermediate
Chart pattern,Rectangle,Rectangle - up breakout,1,36,35,12,2017-07-25,2026-06-25,1.1944106159110863,2.127150042603413,6.383681281780203,11.76470588235294,17.073355,-1.5041927,28.57142857142857,26.00061,2.621719,37.5,37.305897,3.780546,-1.2301882575539982,-1.231895002352355,34.0,2.3818110874720984,1.0558077551410272,35.0,0.336645245552063,0.08532394343092264,32,2.127150042603413,0.9515949621785375,36,-3.149782,-0.31212178,-1.0167274,-3.631978,Too few events,-3.2192354,4.9489574,1.1144366,4.2117233,Too few events,-11.076864,6.31515,1.0294379,-32.92241,Too few events,38.23529411764706,34.0,pattern+scale,major
Chart pattern,Rectangle,Rectangle - up breakout,1,480,272,215,2017-04-05,2026-09-21,-0.4681525831101034,-0.14364325164004843,-0.6964384880287805,18.736842105263158,17.960472,-0.4577042,29.978118161925604,29.559982,1.6574277,41.432225063938624,41.208996,5.162416,-0.4956093557257401,-1.8465160469005855,475.0,-0.2951230439367649,-0.4860401244126469,457.0,-0.9190497434962436,-0.7958871035602025,391,-0.14364325164004843,-0.3182037071918992,470,-0.45830688,-0.5154638,-0.2966972,-1.3298881,No reliable edge,-0.71726924,-0.04972327,-0.3421117,-1.0145046,No reliable edge,0.17530175,-1.7434939,-0.3367748,-2.5444026,No reliable edge,63.36206896551724,464.0,pattern+scale,minor
Chart pattern,Reversal bars,Key reversal day (bearish),-1,6154,474,2323,2017-04-06,2026-09-25,-0.10354592969242038,-0.014254008304233514,-0.2474657685164145,13.311312964492156,12.1699505,-0.4753275,15.435111934017842,14.417183,-2.473259,15.978220052572286,15.777699,-6.1073494,0.04090274524137464,0.5450709083309446,6055.0,0.017346220172187975,0.11913934301371415,5941.0,-0.2969340869819048,-1.1587021531561077,5326,-0.014254008304233514,-0.09670224780405368,6119,0.19818382,-0.04525608,0.100924835,0.20320821,No reliable edge,0.0323239,0.008764861,-0.019003026,-0.077252135,No reliable edge,-0.6606237,-0.047063082,-0.35433814,0.043809794,No reliable edge,,0.0,pattern+scale,bar
Chart pattern,Reversal bars,Key reversal day (bullish),1,4025,474,1836,2017-04-07,2026-09-25,-0.2202559906586875,-0.1873458761659498,-0.5046838530935189,14.679601736022466,15.989887,-0.26179007,24.55487642838161,25.881418,1.3214998,37.79602147142406,38.332077,7.121468,-0.10816962967912305,-0.9822227897279178,3917.0,-0.1982469561250166,-0.8867081149107203,3763.0,0.049953112588683096,0.09562550215581697,3167,-0.1873458761659498,-1.079555303541186,3891,-0.23805259,-0.032413315,-0.25614974,0.034120955,No reliable edge,-0.13608365,-0.2375236,-0.45385244,0.33290917,No reliable edge,0.018647065,0.076763265,0.08474089,0.45781422,No reliable edge,,0.0,pattern+scale,bar
Chart pattern,Right-angled broadening (ascending),Right-angled broadening (ascending) - down breakout,-1,95,81,39,2017-06-29,2026-09-02,-0.2251043812812943,-0.046613132779268505,0.4833126638798004,12.76595744680851,11.75913,-0.8455886,12.76595744680851,12.911018,-3.935879,11.904761904761903,12.154377,-7.1192584,-0.022532569601180705,-0.03873918122406782,94.0,-0.5693884098783453,-0.44273356624750004,94.0,0.24766769863310314,0.10785913837967731,84,-0.046613132779268505,-0.05573264736794046,94,-0.1340532,0.027222803,-1.0685686,-1.5871186,No reliable edge,-2.0680852,0.13312557,-0.3271964,-3.081989,No reliable edge,-2.2426925,1.6312013,-1.1131485,-1.544774,No reliable edge,26.595744680851062,94.0,pattern+scale,intermediate
Chart pattern,Right-angled broadening (ascending),Right-angled broadening (ascending) - down breakout,-1,23,23,11,2017-09-27,2026-09-22,-1.2801983970261754,-0.21669943595216387,1.6729888133704662,5.263157894736842,10.472863,-3.414607,5.263157894736842,9.750548,-10.229252,5.555555555555555,8.197861,-12.945045,-0.811663778204667,-0.5541434436856527,19.0,-0.3365866510491622,-0.10016236555612756,19.0,5.7827258639865455,0.9783340985407909,18,-0.21669943595216387,-0.0813054100062166,21,-1.0122886,-0.6311014,4.4314756,-0.53167075,Too few events,1.0065053,-1.8289111,13.855091,1.360597,Too few events,5.672089,5.9210224,6.14988,7.861839,Too few events,,20.0,pattern+scale,major
Chart pattern,Right-angled broadening (ascending),Right-angled broadening (ascending) - down breakout,-1,314,230,159,2017-05-23,2026-09-25,0.004286142366547738,0.1979155114818522,2.192948621963135,10.38961038961039,11.911024,-0.99424684,15.017064846416384,14.514692,-1.8410745,14.522821576763487,15.114345,-5.888095,-0.21056836611264712,-0.6811737743559912,308.0,0.9381329533183127,1.284402981942964,293.0,-0.29525953110817554,-0.20073811116138202,241,0.1979155114818522,0.3395302321583778,307,-0.9599357,0.12365651,-0.76961297,0.5308711,No reliable edge,-0.31964707,1.5510613,-0.04972587,2.8230007,No reliable edge,-0.50602037,-0.15572122,-1.3866627,4.8349395,No reliable edge,53.289473684210535,304.0,pattern+scale,minor
Chart pattern,Right-angled broadening (ascending),Right-angled broadening (ascending) - up breakout,1,98,84,40,2017-04-19,2026-08-12,0.35135347719247245,0.48002368029283016,0.869667622707008,17.391304347826086,17.446703,-0.5441362,25.53191489361702,31.038273,2.5072045,34.831460674157306,41.764065,5.373676,-0.4257329028585683,-0.6997006446727844,92.0,0.2789890613961727,0.21857521708106872,94.0,-0.5512249550122893,-0.20436377470407882,89,0.48002368029283016,0.44987791242977065,98,0.12102771,-0.71733856,-1.0962816,3.0730984,No reliable edge,1.1644003,-0.20000388,-1.1742347,-1.1665889,No reliable edge,1.4366497,-1.8396623,-2.377169,-9.472976,No reliable edge,59.375,96.0,pattern+scale,intermediate
Chart pattern,Right-angled broadening (ascending),Right-angled broadening (ascending) - up breakout,1,39,38,12,2017-11-01,2026-09-07,0.015066623783264404,0.24751224800160057,6.272547994111036,20.51282051282051,19.411842,0.017808901,32.432432432432435,29.127083,3.8786006,44.11764705882353,45.30278,12.66867,-0.33524388533372146,-0.33219367761096724,39.0,0.9113717981286951,0.31566770248518833,37.0,1.6942219453699447,0.33903673270330537,34,0.24751224800160057,0.1390898668585127,38,-1.1722754,0.31155318,-1.6435387,-0.69224435,Too few events,-0.11377352,1.7827456,1.3520747,-7.4790597,Too few events,1.7888575,1.5995858,2.558167,-18.097843,Too few events,31.428571428571427,35.0,pattern+scale,major
Chart pattern,Right-angled broadening (ascending),Right-angled broadening (ascending) - up breakout,1,340,244,152,2017-04-05,2026-09-04,0.11358314856325331,0.16823981113863729,1.1481957524182034,23.867069486404834,18.925493,0.46707812,34.954407294832826,31.446575,2.9623609,48.64864864864865,43.683517,8.780678,0.13172047087793265,0.42182357885882216,331.0,0.5069055992056896,0.6651120583625102,329.0,1.949379792084565,1.6126400152631066,296,0.16823981113863729,0.27977342757942036,339,0.5205995,-0.06448668,0.3557733,0.5110888,No reliable edge,0.25954106,0.6380663,0.9193619,4.17418,No reliable edge,1.4803126,2.243191,2.7396326,6.4751034,No reliable edge,70.05988023952095,334.0,pattern+scale,minor
Chart pattern,Right-angled broadening (descending),Right-angled broadening (descending) - down breakout,-1,53,48,29,2018-05-02,2026-09-09,-0.7878572697628219,-1.8860591091932013,1.1891495655564701,9.615384615384617,15.465763,-0.22660547,14.000000000000002,16.956871,-2.234823,5.405405405405405,13.709268,-10.022647,-0.16184784815861628,-0.1855196470231416,52.0,0.5044910430908203,0.3146374157636768,50.0,-3.010980142129434,-0.9184958821868876,37,-1.8860591091932013,-1.2149193847092323,52,-1.0059437,0.11951741,1.1552317,-1.3133687,Too few events,-1.7671269,1.3026272,5.1072044,-3.4348617,Too few events,-2.7108867,-3.1936457,-6.6093764,-4.249082,Too few events,33.33333333333333,51.0,pattern+scale,intermediate
Chart pattern,Right-angled broadening (descending),Right-angled broadening (descending) - down breakout,-1,10,10,3,2018-06-28,2025-10-30,-2.620133776217699,-8.440112806856632,-4.6703894808888435,10.0,11.214676,-3.456145,10.0,13.718467,-14.476181,0.0,7.3738003,-31.91132,-1.6450889587402344,,10.0,-5.904147338867188,,10.0,-9.720279269748264,,9,-8.440112806856632,,10,-1.3474408,-2.091561,6.450563,-2.5596375,Too few events,-5.4330616,-6.6107755,10.431816,-7.001552,Too few events,-3.0891998,-22.982437,,-5.091059,Too few events,,10.0,pattern+scale,major
Chart pattern,Right-angled broadening (descending),Right-angled broadening (descending) - down breakout,-1,213,165,94,2017-05-18,2026-09-16,0.02098254984817826,0.6046282281962837,-0.5620927789645029,9.35960591133005,11.718877,-1.5556397,12.121212121212121,13.491839,-3.3095133,14.367816091954023,14.660883,-5.7108245,-0.4439252656081627,-1.2637316750364302,203.0,0.1772071375991359,0.21698956212554985,198.0,0.42583772505836925,0.23526320829905317,174,0.6046282281962837,0.9603046716631564,205,0.16189308,-0.79144895,-0.39211473,-1.3570215,No reliable edge,2.015355,-0.94361454,-0.36497647,-0.83676374,No reliable edge,2.7702973,-1.3923147,0.30416867,-1.468942,No reliable edge,53.20197044334976,203.0,pattern+scale,minor
Chart pattern,Right-angled broadening (descending),Right-angled broadening (descending) - up breakout,1,79,74,46,2017-11-02,2026-06-12,-0.6730765228077203,-0.1798879855483346,-0.8836474576139752,10.666666666666668,17.546574,-0.08195611,29.87012987012987,29.700014,2.3792992,34.48275862068966,41.803524,3.4342492,-0.37429405212402345,-0.6802828495202751,75.0,0.30966664599133775,0.21741220493584826,77.0,-2.407397303087958,-0.7392893280597727,58,-0.1798879855483346,-0.17286971464694145,79,0.48616213,-0.55471224,-0.38780558,0.21209173,No reliable edge,2.876912,-0.21180509,0.7423003,-0.3461879,No reliable edge,0.68873847,-3.3018365,-4.195013,24.793411,Too few events,62.5,72.0,pattern+scale,intermediate
Chart pattern,Right-angled broadening (descending),Right-angled broadening (descending) - up breakout,1,19,19,2,2020-05-07,2025-07-16,-3.1506751516931937,-4.468279665237979,-11.095115189489565,10.526315789473683,20.277634,-1.4777361,21.052631578947366,38.042675,0.45637658,36.84210526315789,63.199596,11.266225,-2.3049284282483553,-2.074213341123774,19.0,-5.154895983244243,-2.8748183548270365,19.0,-8.39237494217722,-1.8553874925201346,19,-4.468279665237979,-2.54857536105646,19,-3.4398258,-1.0439314,-0.9599676,-5.3946953,Too few events,-3.7806058,-6.681885,-6.7299285,5.758198,Too few events,-9.605703,-7.044232,-8.768522,-10.201275,Too few events,,19.0,pattern+scale,major
Chart pattern,Right-angled broadening (descending),Right-angled broadening (descending) - up breakout,1,276,205,125,2017-05-09,2026-09-23,-0.9606168772150036,-0.6087839791413259,-1.4427043619269335,15.298507462686567,17.606743,-0.12574606,27.756653992395435,30.047375,1.6526526,43.55555555555555,42.228172,6.5791674,-0.5158542803863981,-1.539858359009462,268.0,-0.9084280035794915,-1.275220811239713,263.0,-0.4114352756076389,-0.2654262929688716,225,-0.6087839791413259,-1.085467632502627,270,-0.52190566,-0.5130436,-1.5466157,0.55799735,No reliable edge,-0.55530465,-1.0770543,-1.3457069,0.18043865,No reliable edge,-0.35031503,-0.44854403,-1.9416516,5.2648754,No reliable edge,66.04477611940298,268.0,pattern+scale,minor
Chart pattern,Rising wedge,Rising wedge - down breakout,-1,1153,401,455,2017-04-10,2026-09-25,-0.04542441328532021,0.2785275851985454,0.3201428875174156,10.846560846560847,12.103664,-0.7132827,13.449222323879232,13.847639,-2.6922967,14.545454545454545,15.6357,-6.8066363,-0.07603104068278425,-0.5156872560336855,1134.0,0.003006651547668401,0.009085243249403987,1093.0,-0.6882220643939394,-1.2572996605761255,990,0.2785275851985454,0.9109621428762124,1133,0.16376093,-0.21496344,-0.09554948,-0.48236495,No reliable edge,0.40271685,-0.24356012,-0.2100391,-1.9899714,No reliable edge,-0.058546282,-1.1464678,-0.65109956,-1.6295425,No reliable edge,20.41553748870822,1107.0,pattern+scale,intermediate
Chart pattern,Rising wedge,Rising wedge - down breakout,-1,192,150,83,2017-05-03,2026-09-24,0.7652807570550413,1.4001067349298753,3.9780784420849336,11.827956989247312,12.617311,-0.295052,16.129032258064516,13.693133,-0.6993195,18.238993710691823,15.334691,-2.9805532,0.42834940264301913,1.1634989676170209,186.0,2.250811012842322,2.951491864870903,186.0,2.3694502152736834,1.4882057611247355,159,1.4001067349298753,2.3244944169797863,187,0.65967786,0.2575555,0.2663627,1.1285276,No reliable edge,3.2105305,1.5264944,2.9064226,2.3576114,Weak edge,3.6005006,1.122817,3.5995893,2.1584737,No reliable edge,8.108108108108109,185.0,pattern+scale,major
Chart pattern,Rising wedge,Rising wedge - down breakout,-1,4044,472,1538,2017-04-07,2026-09-24,0.05565636231572064,-0.12540087517503812,0.11234242576937385,11.649510419281949,11.506013,-0.69518375,13.975716869026092,14.237139,-2.5983176,15.923384791309319,16.320358,-5.966533,-0.03495262197714309,-0.4076080687719503,3983.0,-0.00855492818758981,-0.04813257767151237,3871.0,-0.25411168965971626,-0.8175096065105614,3498,-0.12540087517503812,-0.7711101093827778,4014,0.09159013,-0.108338386,0.021906704,0.031774405,No reliable edge,0.2980799,-0.19567361,-0.09144377,0.25846395,No reliable edge,-0.024290299,-0.4201127,-0.1671165,-0.4238564,No reliable edge,30.15,4000.0,pattern+scale,minor
Chart pattern,Rising wedge,Rising wedge - up breakout,1,297,213,94,2017-04-11,2026-09-07,0.5898728620994723,1.1075814242783077,1.7866644807832524,27.27272727272727,19.71308,0.3297791,35.3356890459364,32.58029,3.2636156,52.59259259259259,47.458622,11.267223,0.13163862695227135,0.3451683227728133,286.0,0.9108018639230897,1.0884468149230242,283.0,2.575833468967014,1.7219922681604172,270,1.1075814242783077,1.3967166990620827,296,-0.07818133,0.2707053,-0.3137318,-0.054042626,No reliable edge,-0.05690838,1.6028613,0.39248875,0.7013509,No reliable edge,0.36181876,4.294608,1.3432326,2.0833125,No reliable edge,48.63013698630137,292.0,pattern+scale,intermediate
Chart pattern,Rising wedge,Rising wedge - up breakout,1,66,56,26,2017-07-24,2026-06-18,0.14850548397975438,-0.34531018216953135,-2.1925940150112817,15.384615384615385,18.169243,-1.2298162,33.33333333333333,32.005135,2.4139054,48.333333333333336,44.702477,5.905111,-0.959177985558143,-1.3336401594116534,65.0,0.351437944354433,0.2542936842258833,66.0,-0.6814449946085612,-0.23555115134427365,60,-0.34531018216953135,-0.2616414699641712,66,-0.30620044,-1.228886,-0.8245489,1.3042753,No reliable edge,-0.15495877,0.5561515,0.7238411,3.2665792,No reliable edge,-5.25301,1.437085,-0.41353133,,No reliable edge,30.158730158730158,63.0,pattern+scale,major
Chart pattern,Rising wedge,Rising wedge - up breakout,1,864,358,289,2017-04-05,2026-09-25,0.13013152114446264,0.370648087460951,0.31157186619386185,21.945432977461447,18.82454,-0.25328895,32.89315726290516,31.21964,2.0780728,45.714285714285715,46.049778,7.7395334,-0.18085574764373888,-0.8839517575985915,843.0,0.09130119332889405,0.20939150165670323,833.0,-0.29538562328784496,-0.3770763712350632,770,0.370648087460951,1.0432723979969842,859,0.31094125,-0.4956441,-0.11460283,-0.0016659185,No reliable edge,0.18456508,0.029187446,0.07821168,0.5245284,No reliable edge,0.27171096,-0.7298127,-0.5483992,1.1022648,No reliable edge,47.39952718676123,846.0,pattern+scale,minor
Chart pattern,Rounding,Rounding bottom (saucer),1,592,281,201,2017-05-08,2026-09-22,0.19479303822887756,-0.40621183095226426,-0.8194427514847901,18.19757365684575,18.409132,-0.23282035,33.631484794275494,32.046318,1.726869,45.88235294117647,46.90897,7.2741337,-0.2567826242959272,-1.017777573714261,577.0,-0.8536083241907984,-1.3432859471454435,559.0,-1.2660631366804533,-1.2534338523311865,510,-0.40621183095226426,-0.8776660533293955,579,-0.11707128,-0.34287924,-0.013767855,0.14683606,No reliable edge,-2.2434921,0.048381153,-0.99602365,4.2720346,No reliable edge,-2.2482998,-0.52091813,-1.1453829,-3.0727756,No reliable edge,50.89605734767025,558.0,pattern+scale,bar
Chart pattern,Rounding,Rounding top,-1,445,228,183,2017-04-10,2026-09-24,-0.17443190797605887,0.323933320266358,-0.4591934021921196,9.669811320754718,12.885144,-1.0269938,10.981308411214954,13.946123,-4.484645,9.635416666666668,12.181427,-8.483667,-0.43957206438172536,-1.7212900959792097,424.0,-0.9164288244514822,-1.6216170231597957,428.0,0.3223490317662557,0.2728420591412221,384,0.323933320266358,0.8235605817139606,439,-0.8384348,-0.20265356,-0.59714067,-0.607983,No reliable edge,-0.36269474,-1.267268,-0.07936982,-1.520885,No reliable edge,-0.25408396,0.7802632,1.5355109,1.1256495,No reliable edge,25.874125874125873,429.0,pattern+scale,bar
Chart pattern,Support / resistance,Horizontal resistance breakout (3+ touches),1,565,312,241,2017-04-24,2026-09-21,-0.15256741836922263,-0.3244378185731226,0.25918831037018786,20.108695652173914,17.164665,-0.004904828,31.09090909090909,28.964272,2.083018,42.768595041322314,40.35219,6.557262,-0.06561532918957697,-0.2852768227823057,552.0,-0.04139213562011719,-0.08037652369787518,550.0,0.0919338967189316,0.09366252515136048,484,-0.3244378185731226,-0.814316517130561,560,-0.2978708,0.07053442,0.078652225,-0.6970114,No reliable edge,-0.41027987,0.18296064,0.2584945,-2.884156,No reliable edge,-1.1515216,1.0290308,0.6854227,-5.075916,No reliable edge,,0.0,pattern+scale,intermediate
Chart pattern,Support / resistance,Horizontal resistance breakout (3+ touches),1,4901,475,1981,2017-04-05,2026-09-23,0.0764148185725973,-0.14159486824162565,-0.22067161870809174,19.122843483683226,17.650381,-0.20568717,30.427422767668215,29.631021,1.6521201,43.36475707034083,42.70912,6.6143665,-0.19674253176314696,-2.1487360397318667,4811.0,-0.3491783319667795,-1.668862931452977,4726.0,-0.41392965964542544,-1.2597874189099036,4137,-0.14159486824162565,-0.8362578868185012,4868,-0.12098319,-0.24024962,-0.26700467,0.18702996,Weak - tends to fail,-0.7692405,-0.09765259,-0.23603055,-1.1632869,No reliable edge,-0.8523796,-0.085092306,-0.35628152,-1.1927308,No reliable edge,,0.0,pattern+scale,minor
Chart pattern,Support / resistance,Horizontal support breakdown (3+ touches),-1,499,288,261,2017-04-24,2026-09-24,-0.0670242417432672,0.08432526462864698,0.9585782458859701,11.875,12.843829,-0.61520463,15.203426124197003,16.305117,-2.1720037,13.563829787234042,14.369899,-5.18961,0.15722146034240722,0.6402574885924468,480.0,0.36173478643184553,0.677630246996552,467.0,0.7498272023302444,0.7999762487733674,376,0.08432526462864698,0.2267040565413021,486,0.48097283,0.021207599,-0.20967834,0.4134284,No reliable edge,0.40086678,0.34463707,1.5420241,-0.5772404,No reliable edge,3.3414965,-0.8587952,0.86688215,-0.019022645,No reliable edge,,0.0,pattern+scale,intermediate
Chart pattern,Support / resistance,Horizontal support breakdown (3+ touches),-1,4360,472,2093,2017-04-07,2026-09-25,0.25002841295727984,0.24697924860056317,0.6954810126326769,12.505887894488932,12.631653,-0.621859,15.362106803218728,14.825052,-2.2814078,14.958530805687204,14.699734,-5.5896425,0.1094958197099108,1.282716229360798,4246.0,0.5121142209026762,2.867737280989661,4101.0,0.3882242356431428,1.147278983426261,3376,0.24697924860056317,1.741450231027295,4273,0.16353126,0.08427926,0.21644512,0.044449694,No reliable edge,0.49926654,0.5185169,0.6194363,0.47047508,Weak edge,0.83398366,0.08154172,0.7634536,0.10078262,No reliable edge,,0.0,pattern+scale,minor
Chart pattern,Symmetrical triangle,Symmetrical triangle - down breakout,-1,519,292,262,2017-05-05,2026-09-17,0.16612142927700957,0.23710634167544878,0.06558277371867059,9.803921568627452,10.732454,-0.6745613,13.524590163934427,13.890173,-1.833814,15.458937198067632,16.244688,-4.677345,0.23640527164234834,1.1172256042918889,510.0,0.8479333471079342,1.7480104104959262,488.0,0.7837002519248188,0.888214865170778,414,0.23710634167544878,0.4720285527420928,511,0.7538951,0.010458993,-0.14198121,0.751319,No reliable edge,2.648692,0.0097424155,0.6716313,1.7850779,No reliable edge,4.319877,-1.3325443,0.31274226,-0.48011371,No reliable edge,7.6923076923076925,494.0,pattern+scale,intermediate
Chart pattern,Symmetrical triangle,Symmetrical triangle - down breakout,-1,133,112,64,2017-05-15,2026-09-08,0.43199497408100535,0.6798955195611625,0.006226413236319564,14.615384615384617,14.149038,0.41418135,24.427480916030532,15.912838,0.300362,15.306122448979592,13.163757,-4.1695256,0.808970700777494,1.795632109699613,130.0,2.534692429404222,2.2965621682045256,131.0,1.7121195890465561,0.860278905748722,98,0.6798955195611625,0.7347700774304572,132,1.1025667,0.6965296,1.1740472,1.8959438,No reliable edge,-0.5588723,3.752372,2.378001,4.0670557,No reliable edge,-1.9454037,3.9306173,2.9468827,2.0386992,No reliable edge,0.7692307692307693,130.0,pattern+scale,major
Chart pattern,Symmetrical triangle,Symmetrical triangle - down breakout,-1,1632,436,708,2017-04-05,2026-09-24,0.08476953390436,0.21625991213653853,0.3184309267860318,12.935323383084576,13.638661,-0.18847121,13.815364751452549,14.779194,-2.5998151,16.017634092578987,15.879734,-5.6321187,0.14468683650837608,1.1162229228058702,1608.0,-0.10188235337692665,-0.33474838354566855,1549.0,0.03310684103198475,0.060180764241566806,1361,0.21625991213653853,0.9696009086226084,1606,0.3084838,0.059065692,0.23586193,-0.27939144,No reliable edge,-0.039319344,-0.13681443,0.23160708,-1.1519159,No reliable edge,0.23730156,-0.10749869,0.09819546,-0.2981346,No reliable edge,17.407639323731996,1597.0,pattern+scale,minor
Chart pattern,Symmetrical triangle,Symmetrical triangle - up breakout,1,543,312,249,2017-04-05,2026-09-18,0.5421254613004605,0.951789075832859,-0.11387685101255919,19.626168224299064,17.242462,-0.045863435,30.409356725146196,29.084045,1.3719549,43.40909090909091,43.790237,6.517309,0.030756399564653914,0.128126435271795,535.0,-0.40217539766843324,-0.7243494708199564,513.0,-1.1140077070756391,-1.129755073739831,440,0.951789075832859,2.2403976769646587,538,-0.08851188,0.08301643,0.056732707,0.63251853,No reliable edge,-0.8405237,-0.19618937,-0.6420478,-1.0318029,No reliable edge,-0.021532698,-1.7631596,-0.41505677,-4.5139823,No reliable edge,22.779922779922778,518.0,pattern+scale,intermediate
Chart pattern,Symmetrical triangle,Symmetrical triangle - up breakout,1,175,146,66,2017-05-24,2026-08-24,1.4353962559252977,1.1477620130670922,0.2734337410513769,23.976608187134502,18.194117,0.39208913,34.523809523809526,33.561874,1.3711522,49.629629629629626,51.78265,7.064008,0.5488760429516173,1.366457691160072,171.0,-1.166130610874721,-1.367513623818775,168.0,-3.5910850242332177,-2.0879114772460223,135,1.1477620130670922,1.3929732645386046,175,1.4196821,0.15775123,0.6301231,1.0502586,No reliable edge,0.060425777,-1.7314132,-1.9691387,-1.3415967,No reliable edge,1.256617,-6.724356,-4.6211963,0.427664,No reliable edge,11.976047904191617,167.0,pattern+scale,major
Chart pattern,Symmetrical triangle,Symmetrical triangle - up breakout,1,1550,434,610,2017-04-07,2026-09-22,-0.10431151038016473,-0.24186798954886576,-0.30485187208912445,19.17268548916612,17.38683,-0.15065108,26.943699731903486,29.103655,1.3789299,42.47191011235955,42.77914,7.026163,-0.05346939177084188,-0.3521279764516286,1523.0,-0.5824904454617335,-1.8274200433834245,1492.0,-0.4456016283356742,-0.6508405499748833,1335,-0.24186798954886576,-0.9306759199917731,1541,0.39575103,-0.30957133,-0.13095249,-0.31229007,No reliable edge,0.012533945,-0.93695956,-0.91642135,-0.8075656,No reliable edge,-0.51092213,-0.3984023,-1.0784035,1.0202807,No reliable edge,26.02206359506814,1541.0,pattern+scale,minor
Chart pattern,Three drives,Three drives bottom,1,140,120,62,2017-10-13,2026-08-06,-0.06794054044543632,-0.45128998130426873,-0.42416477724369883,13.66906474820144,16.58271,-0.92458624,26.811594202898554,29.354263,2.1135247,40.0,39.489376,4.661944,-0.8182642545631463,-1.6478988288455576,139.0,-0.24561434206755264,-0.23508374895552442,138.0,-1.7016223907470702,-0.8690718953396892,120,-0.45128998130426873,-0.5424611002071241,140,-0.68190783,-0.86241776,-1.2381612,0.11686402,No reliable edge,-3.1707487,0.7483634,-1.021704,0.38808963,No reliable edge,-4.4976172,-0.55033016,-1.3605658,-5.943619,No reliable edge,76.92307692307693,91.0,pattern+scale,intermediate
Chart pattern,Three drives,Three drives bottom,1,21,21,4,2017-11-02,2026-07-21,-0.9362258992734409,-3.8498824994478906,-2.4211532063782215,10.0,15.597524,-1.9761051,26.31578947368421,28.397825,2.6531696,52.94117647058824,46.84355,15.880457,-1.368515396118164,-1.2552347184564674,20.0,-0.9164420679995888,-0.3198490490932033,19.0,0.5924495248233571,0.1100711375517454,17,-3.8498824994478906,-3.173940813688901,21,-1.685942,-0.89237535,-0.14209358,-5.8003416,Too few events,-0.5271354,-1.583825,0.23437507,-5.90522,Too few events,-0.5724956,4.3785205,2.8031194,-17.484243,Too few events,,13.0,pattern+scale,major
Chart pattern,Three drives,Three drives bottom,1,442,256,186,2017-04-12,2026-09-23,-0.04681441598786105,-0.025933718661773422,-0.5359659931039281,18.89400921658986,17.269281,0.43296987,28.10304449648712,28.175968,2.4430494,40.389972144846794,39.24284,7.8538375,0.005635390633262248,0.021204593863580895,434.0,0.0020712332088997547,0.003459970603257282,427.0,0.5904043298577863,0.4734456067777844,359,-0.025933718661773422,-0.05788958186677311,438,0.37837473,-0.21202263,0.65893257,-0.8241381,No reliable edge,-0.06412148,0.042536207,0.43165717,-0.29317462,No reliable edge,-1.7223767,2.4922853,1.1818562,-0.5381768,No reliable edge,82.22222222222221,270.0,pattern+scale,minor
Chart pattern,Three drives,Three drives top,-1,186,147,71,2017-05-03,2026-09-15,0.41941775122305025,0.5820557185624903,1.504771475149689,12.154696132596685,12.692012,-0.51330966,13.793103448275861,14.393252,-3.3535655,11.65644171779141,13.682032,-7.440251,0.13281965519183248,0.35316929649778034,181.0,-0.37977209858510685,-0.4761959354764619,174.0,-0.2498638878570744,-0.16668325553110788,163,0.5820557185624903,0.7652859684438035,185,0.24693936,0.052074652,0.13079637,2.4668705,No reliable edge,0.124909766,-0.77115804,-1.6161441,3.1244926,No reliable edge,2.0075374,-2.2710254,-3.3753536,4.558796,No reliable edge,69.34306569343066,137.0,pattern+scale,intermediate
Chart pattern,Three drives,Three drives top,-1,31,31,12,2018-05-18,2026-08-19,-0.3243000486925725,1.408306947879253,1.3896776735782623,6.666666666666667,13.531916,-0.29575732,6.666666666666667,12.237887,-4.1101007,7.142857142857142,11.135727,-8.5272,0.7594312032063802,0.631724825359215,30.0,1.7213601430257162,0.5093657314831512,30.0,4.506373269217355,0.9297698126955494,28,1.408306947879253,0.8343300157483836,31,2.8701036,-0.46253705,-1.3362844,2.3158298,Too few events,2.1441708,1.4394866,-4.314141,5.1865015,Too few events,1.60361,6.683446,-3.2724967,8.159207,Too few events,,17.0,pattern+scale,major
Chart pattern,Three drives,Three drives top,-1,461,272,185,2017-05-03,2026-09-15,0.03550480054813441,0.0838167942896649,0.9682513666638267,8.666666666666668,10.966895,-1.1770105,12.731481481481483,13.314354,-2.88838,12.46819338422392,15.189573,-7.260068,-0.09555297003851997,-0.38581444454990727,450.0,0.2501778072781033,0.48510896172180756,432.0,-1.0017251361720738,-1.0524737560606237,393,0.0838167942896649,0.18158328951634845,455,-0.2340481,-0.021342278,-0.25708437,-1.2596972,No reliable edge,-0.3615884,0.59944063,0.25694385,1.5570065,No reliable edge,-1.8711815,-0.41715464,-1.0961535,1.9267907,No reliable edge,72.0,300.0,pattern+scale,minor
Chart pattern,Trendline break,Downtrend-line breakout,1,4401,478,2054,2017-04-05,2026-09-25,-0.006684162750110255,-0.16258139008825032,-0.30424464276120744,19.55668436850612,17.129444,0.105549045,28.793225123500356,28.94203,1.5823314,39.76137624861265,40.170704,4.9421496,0.03762828304596405,0.43327597742246726,4331.0,-0.4010272514004058,-2.0875972739701316,4251.0,-1.1588812181343646,-2.9879058421622497,3604,-0.16258139008825032,-1.0085166906641436,4373,0.2821089,-0.070722,0.11994871,0.004022881,No reliable edge,-0.1500534,-0.5161789,-0.35094962,-0.4772231,Weak - tends to fail,-0.4357324,-1.5868932,-0.47601548,-3.1213136,Weak - tends to fail,59.19324577861163,4264.0,pattern+scale,intermediate
Chart pattern,Trendline break,Downtrend-line breakout,1,1101,411,442,2017-04-24,2026-09-22,0.23240181509096067,-0.09645248147392059,-0.10942085871874736,20.148560817084494,16.881804,-0.071008526,30.505243088655863,28.822914,1.7578462,42.183908045977006,42.891434,5.82573,0.16817907193466372,0.9731238110649927,1077.0,0.1413293189384235,0.4119847011133416,1049.0,-1.0316317854256465,-1.4015822830898046,870,-0.09645248147392059,-0.31135437714753555,1092,0.5064811,0.009412527,0.2006592,0.5560325,No reliable edge,-0.20751913,0.31376582,-0.21037588,0.6704576,No reliable edge,-1.1021053,-0.9848741,-1.5042274,0.11308895,No reliable edge,47.13870029097963,1031.0,pattern+scale,major
Chart pattern,Trendline break,Downtrend-line breakout,1,10941,485,4757,2017-04-05,2026-09-25,-0.18969552376136958,-0.273051226385614,-0.4312176727918831,18.06746179649646,17.031124,-0.06039257,28.111608418245883,28.572126,1.4519961,40.19154557463672,41.03288,5.791262,-0.09146732951650147,-1.6882878550026161,10732.0,-0.40587317576897436,-3.382734458357866,10501.0,-0.93410654206572,-3.6633064788134764,9084,-0.273051226385614,-2.9419871446716286,10798,-0.012367552,-0.13242112,-0.075385615,0.07673539,No reliable edge,-0.36454234,-0.42830247,-0.33159795,-0.41932815,Works in reverse (fade it),-1.1981773,-0.7524659,-0.7499237,-1.20868,Works in reverse (fade it),60.99931952950326,10287.0,pattern+scale,minor
Chart pattern,Trendline break,Uptrend-line breakdown,-1,4876,477,2171,2017-04-07,2026-09-25,0.049873110463388645,0.010385012583820706,0.22299902052490878,10.801758425790245,11.934859,-0.770077,13.278723862901487,13.896188,-2.5975854,13.986864509851618,15.402704,-5.745197,0.035704323854660026,0.47517498743047887,4777.0,0.09966435795278482,0.6497415260050067,4639.0,-0.007187618997026841,-0.02337220149246336,4111,0.010385012583820706,0.06761663408861862,4795,0.09468245,0.0038869365,-0.012290692,-0.2367111,No reliable edge,0.056792777,0.124255925,-0.25417548,0.4878029,No reliable edge,0.21793231,-0.16560188,-0.2980595,1.9709936,No reliable edge,43.00847457627119,4720.0,pattern+scale,intermediate
Chart pattern,Trendline break,Uptrend-line breakdown,-1,1210,418,550,2017-04-12,2026-09-25,0.5142098403293235,0.9234138090230831,2.203575659129532,12.414383561643834,12.834679,-0.5770181,15.190972222222221,14.583916,-2.1905465,15.29656607700312,13.207018,-4.48508,0.11087625320643595,0.6146408672209056,1168.0,0.7557073169284396,2.139342264122687,1152.0,2.3998192698848855,3.6148927547089924,961,0.9234138090230831,3.2793633292245516,1189,0.3567333,-0.022107122,0.15423092,-0.00066159666,No reliable edge,0.7925687,0.73455745,1.1972264,-0.6322496,Weak edge,3.5988655,1.4490829,1.441595,2.7053127,Works (significant),25.08650519031142,1156.0,pattern+scale,major
Chart pattern,Trendline break,Uptrend-line breakdown,-1,11675,491,4865,2017-04-06,2026-09-25,0.0048391807086895534,0.08365310466102496,0.05791258612071311,11.682528595127915,12.011404,-0.6773255,14.381961911606181,14.568157,-2.563733,16.376165383056343,16.380219,-5.4971704,0.003542080806518011,0.07522528998486193,11453.0,0.003391926553323892,0.03385259991506884,11132.0,0.05176888393592293,0.3048188442654695,9868,0.08365310466102496,0.9584177766890493,11517,0.0512659,-0.023139339,0.0711799,-0.25979197,No reliable edge,-0.04520213,0.031988084,-0.018271925,0.08334135,No reliable edge,0.00939719,0.082291864,0.05526176,-0.042987168,No reliable edge,54.03493058665473,11165.0,pattern+scale,minor
Chart pattern,Triple bottom/top,Triple bottom,1,246,189,114,2017-04-20,2026-09-15,0.22339161466426996,-0.4333854528829024,2.922394457570416,17.768595041322314,16.687246,-0.23339194,30.76923076923077,29.174524,2.1634953,44.339622641509436,39.070877,6.826606,0.007702910210475449,0.021248041184420113,242.0,0.4671705523107806,0.6135478613015944,234.0,2.018495667655513,1.3615738637245631,212,-0.4333854528829024,-0.7653932123913872,242,0.41110826,-0.17346717,-0.09403786,-1.1314471,No reliable edge,1.3908095,0.03149172,0.19940172,-1.9681898,No reliable edge,3.905281,0.98558354,0.8190138,-1.4027451,No reliable edge,59.82905982905983,234.0,pattern+scale,intermediate
Chart pattern,Triple bottom/top,Triple bottom,1,62,59,25,2018-07-31,2026-08-10,-0.2694247681046686,-0.47536603655786286,-2.742692657699019,18.0327868852459,17.826202,0.19320036,20.33898305084746,30.203852,0.17614083,31.914893617021278,43.23506,1.0074722,-0.04869650621883205,-0.06762619685630988,61.0,-1.8553681454416049,-1.1275376399450139,59.0,-4.717565982899767,-1.7606157538655867,47,-0.47536603655786286,-0.2802684590670188,62,-0.80279124,0.24265832,-0.54132336,-5.5618687,No reliable edge,-3.9371622,-0.9414097,-0.95741045,-6.514071,Too few events,-7.7593403,-2.8295686,-2.5660186,-32.92241,Too few events,33.9622641509434,53.0,pattern+scale,major
Chart pattern,Triple bottom/top,Triple bottom,1,349,235,142,2017-04-07,2026-09-24,-0.5375542789292724,-1.2764864583545887,-2.1420667109474003,19.35483870967742,17.84196,-0.3521211,28.915662650602407,28.738066,-0.17451052,36.94915254237288,41.277893,1.864246,-0.3386566072615011,-1.1385045130782694,341.0,-1.6035810723362198,-2.6081965887700083,332.0,-3.9186602059057205,-3.4010386993187818,295,-1.2764864583545887,-2.656599044790891,343,-0.20161507,-0.41023633,-0.8676697,1.2197304,No reliable edge,-2.149075,-1.3027946,-2.1019754,0.542863,Weak - tends to fail,-1.738167,-5.372322,-3.7715912,-3.3232994,Works in reverse (fade it),61.91860465116279,344.0,pattern+scale,minor
Chart pattern,Triple bottom/top,Triple top,-1,178,144,94,2017-06-27,2026-09-24,0.14015860426959328,0.567756644317082,0.9597887710339761,8.187134502923977,11.77409,-1.3650774,14.705882352941178,16.108889,-2.0676236,14.084507042253522,16.414185,-3.5650907,-0.3315866704572711,-0.9116868890349725,171.0,0.4412672155043658,0.5523876778923094,170.0,1.1678611862827355,0.6949762816400803,142,0.567756644317082,0.7516725502478182,175,-0.3086761,-0.34078848,-0.09196302,1.0834057,No reliable edge,1.6747882,-0.0726999,1.0601561,3.304001,No reliable edge,1.96781,0.7331062,-0.10842306,2.1832163,No reliable edge,41.040462427745666,173.0,pattern+scale,intermediate
Chart pattern,Triple bottom/top,Triple top,-1,43,39,18,2017-09-27,2026-03-30,-0.08478208856527196,0.8840391022521396,1.3450664489768271,7.317073170731707,12.958911,-1.6953819,11.627906976744185,13.232549,-3.21541,15.0,11.239444,-2.678688,-0.9610741778117854,-0.7495865361387183,41.0,0.2218339165975881,0.10595376452512517,43.0,5.671760177612304,1.509132040899196,40,0.8840391022521396,0.7748643894283304,43,-1.7064202,-0.48405275,-6.3201785,0.16339405,Too few events,3.41233,-1.8642596,-0.9410104,-0.816213,Too few events,9.671482,2.715444,-6.037364,4.6742234,Too few events,11.627906976744185,43.0,pattern+scale,major
Chart pattern,Triple bottom/top,Triple top,-1,238,170,101,2017-04-18,2026-09-16,-0.24357927375657776,-0.6494239079968437,-1.4526503979660836,10.638297872340425,10.398721,-0.70605886,9.821428571428571,13.202669,-4.0634165,15.151515151515152,16.684027,-6.083864,0.4030644842918883,1.365457333799406,235.0,-0.8174540655953544,-1.2854414722801917,224.0,-0.3873601971250592,-0.29473327340997785,198,-0.6494239079968437,-1.2539253691285792,230,0.54433304,0.31054348,1.0862763,-0.37649667,No reliable edge,-1.4750615,-0.33316952,-0.075296655,-0.7099252,No reliable edge,-1.6439215,0.77160406,3.1558576,-3.2109466,No reliable edge,48.706896551724135,232.0,pattern+scale,minor
Chart pattern,V reversal,V-bottom,1,337,226,177,2017-06-01,2026-09-25,-0.9167391403731125,-1.0228385996254188,-3.0134780538171086,12.0,17.414505,-0.11018663,23.952095808383234,29.493523,2.3329558,33.44594594594595,42.529858,9.242815,-1.0488205190805289,-3.067679928990081,325.0,-2.3558967270537052,-2.4524899570260845,334.0,-2.9259870374524914,-1.4586885728239998,296,-1.0228385996254188,-1.403932448768912,335,-2.0196936,-0.5919391,-0.5496381,-1.8600781,Works in reverse (fade it),-0.9884704,-3.0093572,-2.0371265,-4.632615,Weak - tends to fail,0.0506507,-4.6359706,-3.718603,-7.222938,No reliable edge,71.86544342507645,327.0,pattern+scale,intermediate
Chart pattern,V reversal,V-bottom,1,5,5,1,2020-04-09,2026-02-13,3.527397960424423,7.288792170584202,18.86363923549652,20.0,7.1939526,3.719194,60.0,13.127324,18.920685,50.0,58.86558,48.39872,2.4737565994262694,,5.0,4.13673095703125,,5.0,-10.899395942687988,,4,7.288792170584202,,5,5.6030545,-10.043435,,5.6030545,Too few events,8.398647,-12.910933,,8.398647,Too few events,-10.899396,,,-10.899396,Too few events,,5.0,pattern+scale,major
Chart pattern,V reversal,V-bottom,1,5901,475,2572,2017-04-05,2026-09-25,-0.07434614112682801,0.03413203785396029,0.06322258416506289,18.395981292222416,18.00439,0.44662172,28.95287958115183,29.708498,3.242888,41.49329185300408,42.84035,9.715953,-0.1367728495833243,-1.3726234124324432,5773.0,-0.058162317725376306,-0.25436946625561474,5730.0,0.3362597770179127,0.7381923636288586,5143,0.03413203785396029,0.19977648133750533,5837,-0.18716888,-0.10981279,6.645812e-05,-0.6046737,No reliable edge,-0.2548235,0.050560936,0.3692213,-1.5220193,No reliable edge,0.1180693,0.48005438,0.85509765,-3.310176,No reliable edge,77.05128205128206,5460.0,pattern+scale,minor
Chart pattern,V reversal,V-top (spike),-1,443,264,186,2017-04-12,2026-09-22,-0.6655519863573703,-0.7620306441094726,0.032772575181554624,8.545034642032332,11.9623375,-2.0549405,7.093821510297483,13.096978,-4.3863893,6.4,11.70282,-12.590126,-0.8512664160607318,-2.2552266060329917,433.0,-0.5988710172116347,-0.8733275268170853,437.0,-3.673426106770833,-2.8911095077910267,375,-0.7620306441094726,-1.1419877537121483,440,-0.674881,-0.9755695,-0.8831048,-0.58296275,Weak - tends to fail,0.41353217,-1.3214488,-1.6469756,1.1271876,No reliable edge,-0.13307871,-7.047819,-4.263983,1.3267288,Weak - tends to fail,60.229885057471265,435.0,pattern+scale,intermediate
Chart pattern,V reversal,V-top (spike),-1,11,9,2,2018-01-31,2026-03-13,3.667400303212079,7.304106788201765,4.699319871989164,9.090909090909092,22.267685,-0.39640045,9.090909090909092,11.0766,-0.4160751,10.0,9.900424,4.006789,-0.032601876692338425,-0.006027706102945415,11.0,5.488561456853693,0.7441086099725938,11.0,16.462298583984374,,10,7.304106788201765,1.4210862399863076,11,3.176778,-3.8838582,-2.36924,4.029321,Too few events,8.249112,2.175901,2.1550674,18.969608,Too few events,20.471422,10.448612,8.6273365,84.90458,Too few events,,11.0,pattern+scale,major
Chart pattern,V reversal,V-top (spike),-1,5866,482,2497,2017-04-05,2026-09-25,0.001630461020808156,-0.025468884977399325,-0.17748608587400444,9.832927253741733,12.037368,-0.8594449,9.666018731224597,12.851292,-4.02748,10.431069540463604,13.340652,-9.360133,-0.07891785687699868,-0.8036857862859482,5746.0,-0.34080475980600594,-2.122895398918673,5659.0,-1.2580292380985665,-3.844320783972016,4918,-0.025468884977399325,-0.169224243849147,5791,-0.029293431,-0.10778006,-0.016947629,-0.4272636,No reliable edge,-0.08329114,-0.49634936,-0.44509232,-0.32573843,Weak - tends to fail,-1.1125734,-1.3699868,-1.3702722,-0.5374614,Works in reverse (fade it),69.39333211878302,5489.0,pattern+scale,minor
Chart pattern,VCP,VCP breakout,1,1658,418,584,2017-04-11,2026-09-23,0.4977399011542092,0.7674629951932023,1.913434623499075,22.262996941896024,18.256199,-0.08609718,32.924586143470265,31.833876,2.4767017,48.187211601845746,46.82443,10.23731,0.0804565709665281,0.45508355437569364,1635.0,0.29308743362847756,0.7583129392273676,1631.0,1.8155574710571851,2.4123179605398213,1517,0.7674629951932023,2.2920402105570186,1653,0.16909459,0.022411222,-0.03170787,-0.4187157,No reliable edge,0.47373462,0.1699866,0.12694281,-1.9853436,No reliable edge,1.5908072,1.9891087,1.533774,4.420909,Weak edge,49.81707317073171,1640.0,pattern+scale,minor
Chart pattern,Volume patterns,Buying climax (reversal),-1,722,311,237,2017-04-10,2026-09-24,0.5816911993242583,0.12924056607207757,-0.8285064995288849,13.700564971751412,12.242351,0.24526061,9.30888575458392,14.195178,-2.8316598,10.714285714285714,15.228913,-8.139157,0.737862624691031,2.284130493979506,708.0,-0.39631654984187675,-0.714206465278398,709.0,-2.002564613863548,-1.7916410283044226,644,0.12924056607207757,0.23519696486439595,718,0.59935045,0.83339965,0.77001905,3.6237454,Weak edge,-0.16177717,-0.56637186,-0.45949894,1.966574,No reliable edge,-1.585583,-2.3639488,-2.1092572,2.6647906,No reliable edge,,0.0,pattern+scale,bar
Chart pattern,Volume patterns,Pocket pivot,1,28637,482,10863,2017-04-05,2026-09-25,0.03698891045688945,0.101419496002287,-0.019116143357908236,20.88122605363985,17.889204,-0.13720363,32.30088495575221,30.281252,1.4650129,45.2958176125873,43.84833,6.2938538,0.022506534148230187,0.5103595070249096,28188.0,-0.08623035895224322,-0.7688667208647773,27572.0,-0.3879488800849924,-1.947198923681557,24914,0.101419496002287,1.207453839623084,28300,0.062079877,-0.0006164668,0.07901609,-0.25941557,No reliable edge,0.044673957,-0.16621085,0.034783766,-1.2113397,No reliable edge,0.19034238,-0.8070649,-0.34743297,-0.78727573,No reliable edge,,0.0,pattern+scale,bar
Chart pattern,Volume patterns,Selling climax (reversal),1,105,82,28,2017-05-29,2026-02-13,0.09615254898866017,0.2972715942277795,-1.1980116012550535,12.745098039215685,13.302311,-0.76850486,10.476190476190476,19.358458,0.56483513,23.0,35.6363,7.6843104,0.29894574483235675,0.3669758781840539,102.0,0.31918131510416664,0.16866747482186425,105.0,-4.259308471679687,-1.0470902183435995,100,0.2972715942277795,0.2552861782011954,105,0.28299448,0.32083237,-0.8370264,1.5981841,No reliable edge,-0.45469153,1.4349977,1.5234302,2.3401346,No reliable edge,-9.184679,3.7768233,-4.27279,-7.3361697,No reliable edge,,0.0,pattern+scale,bar
Chart pattern,Wave-3 / ABC measured move,Wave-3 / ABC breakdown,-1,2262,447,1067,2017-04-18,2026-09-25,0.19818421705436115,0.09642118679723785,0.32708722760156483,12.181818181818182,13.02327,-0.65051955,13.954566527584609,14.4708605,-3.3147836,12.143671607753706,13.117762,-7.209194,0.08364338267933238,0.6769461650385266,2200.0,0.09099200747882982,0.35487592859321593,2157.0,0.352618644827448,0.6553056283293971,1754,0.09642118679723785,0.4017582495343561,2222,0.021557853,0.11403462,0.08424477,-0.12248806,No reliable edge,0.6397724,-0.19149119,-0.41347864,-0.017067816,No reliable edge,0.96172315,-0.09293563,-0.40337276,-0.004117478,No reliable edge,56.04446503010653,2159.0,pattern+scale,intermediate
Chart pattern,Wave-3 / ABC measured move,Wave-3 / ABC breakdown,-1,427,260,191,2017-05-05,2026-09-16,0.3466644581205302,-0.18387243462841235,0.36608411950845887,13.613861386138614,14.610642,-0.50497615,15.841584158415841,16.793941,-3.4601383,11.80327868852459,14.705561,-6.9561787,-0.0041688869495203,-0.015689361981926418,404.0,-0.6742595257145343,-1.381820534971905,404.0,0.18876800537109376,0.1468704256479917,305,-0.18387243462841235,-0.3390042485570281,422,0.1833741,-0.10803884,-1.1686934,0.39931637,No reliable edge,-1.1196014,-0.40846258,-0.26512298,-1.80404,No reliable edge,-1.4269861,1.8366232,-1.8289179,0.28085,No reliable edge,36.85503685503686,407.0,pattern+scale,major
Chart pattern,Wave-3 / ABC measured move,Wave-3 / ABC breakdown,-1,9483,480,4194,2017-04-07,2026-09-25,-0.18629357504388783,-0.22962630973701412,-0.12107832811247121,11.06903267690976,12.681772,-0.9158695,12.669833204462607,14.056545,-3.5224483,12.674040338321404,14.055588,-7.616412,-0.16831658831201984,-2.721031978178895,9242.0,-0.27851990211290456,-2.1141657718034383,9053.0,-0.6059626860361093,-2.608077458871737,7685,-0.22962630973701412,-1.8565819191572128,9306,-0.06829281,-0.22213201,0.0071618254,-0.33693808,Weak - tends to fail,-0.22301655,-0.30996442,-0.108170465,-0.1726677,Weak - tends to fail,-0.18241943,-0.92403024,-0.5494079,-0.4941712,Weak - tends to fail,64.19198895027624,8688.0,pattern+scale,minor
Chart pattern,Wave-3 / ABC measured move,Wave-3 / ABC breakout up,1,4073,466,1501,2017-04-05,2026-09-24,0.42206528292931494,0.5063789946165074,0.7808145996557329,20.86673346693387,17.747665,-0.08898816,31.210513014910283,30.574635,1.951164,46.850828729281766,45.637928,8.817443,0.04113083803104255,0.37207136059995155,3992.0,-0.18969334777569813,-0.8307138753441105,3957.0,0.6630283418939917,1.602173029998754,3620,0.5063789946165074,2.401465698240254,4050,0.17534286,-0.04095687,0.07113076,-0.3741304,No reliable edge,-0.08440024,-0.25685257,-0.0037917262,-2.0592294,No reliable edge,1.5488199,0.0064603947,0.7130354,-3.5871718,No reliable edge,70.91612903225807,3875.0,pattern+scale,intermediate
Chart pattern,Wave-3 / ABC measured move,Wave-3 / ABC breakout up,1,1293,409,482,2017-04-10,2026-09-21,0.3271223216856477,0.0175256950823444,0.4076422336368203,21.842732327243844,18.838095,-0.04476072,35.73692551505547,32.901283,2.3267272,46.76573426573427,46.515175,7.398354,0.026671427029101406,0.15394945195293466,1259.0,-0.03187126365214256,-0.08494253931471893,1262.0,-0.4743708363779775,-0.6485727145913769,1144,0.0175256950823444,0.06313850139507834,1287,0.30923513,-0.115284786,0.037239373,-0.563,No reliable edge,0.23765261,-0.17314336,0.39273846,-3.8836312,No reliable edge,-0.68631494,-0.3443346,-0.17877162,-6.022453,No reliable edge,63.82636655948553,1244.0,pattern+scale,major
Chart pattern,Wave-3 / ABC measured move,Wave-3 / ABC breakout up,1,10845,482,3995,2017-04-05,2026-09-25,-0.10059725023981482,-0.034146832648847214,0.23582734216379828,19.521800281293952,17.890463,-0.31877106,30.079055148109347,30.055983,1.6413116,45.5264564404062,44.95327,8.012613,-0.2344461933749414,-3.9539589136265207,10665.0,-0.38860399744172064,-2.635740736008317,10499.0,-0.15519077417240112,-0.6098806207170789,9355,-0.034146832648847214,-0.30289610742459483,10788,-0.23624885,-0.23339303,-0.18718743,-0.39988652,Works in reverse (fade it),-0.61296695,-0.2511257,-0.27618238,-1.5069926,Weak - tends to fail,-0.095809065,-0.19946948,-0.10292836,-1.4077631,No reliable edge,70.56744959467886,9622.0,pattern+scale,minor
Chart pattern,Wolfe wave,Bearish Wolfe wave,-1,1047,395,402,2017-04-05,2026-09-24,0.10733943712055569,0.32779660851406356,0.6090233300949829,11.571841851494696,12.136674,-0.43504518,13.147410358565736,13.438852,-2.4892802,12.62135922330097,15.652421,-7.4627495,0.0626309430702673,0.34898078266106813,1037.0,0.19800731765321528,0.599024425194058,1004.0,-1.4932686189488942,-2.43263425662908,927,0.32779660851406356,0.9692128118887441,1037,0.24523027,-0.048344154,0.15683675,0.01719615,No reliable edge,0.60635513,-0.067956045,0.50035626,-0.81934214,No reliable edge,-1.4349532,-1.5367582,-0.92657214,-0.5053962,Weak - tends to fail,18.682399213372662,1017.0,pattern+scale,intermediate
Chart pattern,Wolfe wave,Bearish Wolfe wave,-1,287,220,110,2017-06-19,2026-09-24,-0.6431236610767412,-0.2778589503284086,0.5490469072000741,7.446808510638298,10.614261,-1.7836485,11.191335740072201,13.067775,-3.402458,14.0625,15.765977,-6.068454,-0.9236811644642066,-3.052931604388004,282.0,-0.3962865065151173,-0.592535585376844,277.0,-0.44076991081237793,-0.3692863680489261,256,-0.2778589503284086,-0.4374335318678828,285,-0.57002693,-1.1303105,-0.59701294,-0.24870193,Works in reverse (fade it),0.58950615,-0.99807864,-0.08625828,-0.09366649,No reliable edge,0.4048851,-1.0288081,-0.2133201,-3.7088962,No reliable edge,4.609929078014184,282.0,pattern+scale,major
Chart pattern,Wolfe wave,Bearish Wolfe wave,-1,2344,449,921,2017-04-06,2026-09-25,0.04748936003687335,-0.0669047307651938,-0.2847545037906836,11.96027633851468,11.605714,-0.5015534,14.095153401511784,14.428629,-2.5199518,15.844544095665173,15.976487,-6.1610246,0.06766718862793812,0.5947723877452074,2316.0,-0.038789422631846794,-0.1681194720486283,2249.0,-0.5224766904700735,-1.313713653270172,2007,-0.0669047307651938,-0.3042689089231293,2328,0.24941133,-0.030641505,0.093547806,-0.01741033,No reliable edge,0.1424758,-0.14200813,-0.19887213,0.5337886,No reliable edge,-0.34644526,-0.64308256,-0.45189342,1.0898421,No reliable edge,30.792550887830227,2309.0,pattern+scale,minor
Chart pattern,Wolfe wave,Bullish Wolfe wave,1,645,332,325,2017-05-30,2026-09-25,-0.5319491282483246,-0.4745490054676327,-1.1695474558972563,12.006319115323855,15.53563,-0.34502777,24.077046548956663,26.985657,1.650629,35.0597609561753,37.656296,5.4142923,-0.55127411129727,-2.5024428704979176,633.0,-0.8431114331485754,-1.6261550222920946,623.0,-2.093573460065986,-1.7811100564411289,502,-0.4745490054676327,-1.3507159224790615,634,-0.31036448,-0.6530516,-0.7230858,-0.5002186,Weak - tends to fail,-0.60974205,-0.94396996,-0.782399,-0.65529436,No reliable edge,-3.6287982,-1.1743941,-2.130675,-2.3098054,No reliable edge,25.873015873015877,630.0,pattern+scale,intermediate
Chart pattern,Wolfe wave,Bullish Wolfe wave,1,123,106,54,2017-08-23,2026-09-25,0.044447072323853684,-0.5315714412265353,-0.4225569267749277,15.384615384615385,15.55051,0.77029705,23.076923076923077,26.596352,3.6058748,25.581395348837212,35.745388,1.8086747,0.26020858634231436,0.47024369882211386,117.0,-0.7111089983557024,-0.5113220840701261,117.0,-8.804972094158794,-3.3399343508977433,86,-0.5315714412265353,-0.5092112565670645,117,-0.16205128,0.5437259,-1.1518667,0.5614932,No reliable edge,-1.659025,-0.07465101,-2.7363622,0.26484367,No reliable edge,-14.883192,-1.4799383,-5.113474,-11.25526,Works in reverse (fade it),7.079646017699115,113.0,pattern+scale,major
Chart pattern,Wolfe wave,Bullish Wolfe wave,1,2082,441,980,2017-04-05,2026-09-25,-0.01342545592808792,-0.2965572355053069,-0.7989435522301606,15.335305719921106,16.69251,0.03875069,26.49140546006067,28.180351,2.1904168,38.6780905752754,39.615967,6.8176947,-0.14309674325073965,-1.1106954080421445,2028.0,-0.3165905588919521,-1.0374366797418826,1978.0,-0.5939954853408048,-0.8743336745977531,1634,-0.2965572355053069,-1.3698192427272604,2026,-0.13940972,-0.14492801,-0.2298617,0.0711045,No reliable edge,0.11316689,-0.5392201,-0.78801054,-0.35268813,No reliable edge,-0.59098,-0.5961179,-0.40879673,-2.3089132,No reliable edge,39.960629921259844,2032.0,pattern+scale,minor
Chart pattern,Wyckoff,Wyckoff spring,1,9762,467,4973,2017-04-06,2026-09-25,-0.3549757420400037,-0.5280763344042944,-1.1988028720793473,15.22594364699628,16.538927,-0.3703655,26.15436467812605,26.900894,0.45890808,39.19491525423729,39.412407,3.8746808,-0.20399977883273523,-2.9444896200386017,9405.0,-0.7113956648129424,-4.784841833763735,8901.0,-1.4001220703125,-3.8014687312918305,7080,-0.5280763344042944,-4.5422019493937675,9258,-0.14262526,-0.23095386,-0.28223413,-0.07488834,Weak - tends to fail,-0.78296196,-0.67689943,-0.6121332,-0.8249533,Works in reverse (fade it),-0.47375885,-2.042064,-1.3931793,0.035415072,Works in reverse (fade it),13.583965105410739,9629.0,pattern+scale,bar
Chart pattern,Wyckoff,Wyckoff upthrust,-1,18507,476,6748,2017-04-05,2026-09-25,0.17621259281030954,0.4113836209372567,0.9592778927793058,13.425900617722625,11.996686,-0.3307118,17.792032410533423,15.586861,-1.4962821,18.427502985356043,17.472605,-4.455281,0.09609742285300388,1.9250103193785075,18293.0,0.5336936591794676,4.584410039580608,17772.0,0.40867689069275975,2.180479021413959,15911,0.4113836209372567,3.8536947904331913,18396,-0.025925789,0.16336954,0.10408878,0.26072383,No reliable edge,0.28836653,0.6762283,0.48167446,0.84912306,Works (significant),-0.532764,1.0665597,0.33991003,-0.7326566,No reliable edge,10.161299082170206,18413.0,pattern+scale,bar
Candlestick,Candlesticks,Candle: 2crows (bearish),-1,1135,392,447,2017-04-27,2026-09-16,-0.1872721156704928,-0.566349202309176,-0.7032318995586371,10.247349823321555,10.712036,-0.74848855,12.375790424570912,12.766155,-2.971559,14.741035856573706,15.3348,-6.3318686,-0.13378358982477087,-0.7625668369295989,1132.0,-0.23253881769774729,-0.694716714459339,1107.0,-0.3825144368813807,-0.6262844698172083,1004,-0.566349202309176,-1.793769863980705,1131,-0.25002328,-0.06495532,-0.16668715,-0.0042773793,No reliable edge,-0.21679339,-0.2422018,-0.18750353,1.464103,No reliable edge,-0.3275452,-0.4222092,-0.1902394,2.1093948,No reliable edge,,,pattern,
Candlestick,Candlesticks,Candle: 3blackcrows (bearish),-1,124,104,64,2017-05-10,2026-09-23,0.9154163896426802,2.0944342125828066,1.7868462187270153,9.090909090909092,10.852356,-0.14078052,16.379310344827587,14.058922,-0.1378992,13.20754716981132,15.647817,-1.8425707,0.3258339117381198,0.5448789882323022,121.0,2.176433300149852,1.3170909234868808,116.0,4.112579057801445,1.4222870974779473,106,2.0944342125828066,2.374190016375392,120,0.13872571,0.41149792,1.4031239,-5.14165,No reliable edge,4.6345444,0.9788921,3.7992127,-11.466081,No reliable edge,5.551221,3.3086324,5.4688096,-9.425822,No reliable edge,,,pattern,
Candlestick,Candlesticks,Candle: 3inside (bearish),-1,2624,456,1144,2017-04-07,2026-09-25,-0.20159059916968855,-0.055763947855333895,0.3123544212748599,13.002364066193852,13.095139,-0.41869834,15.694330320460148,15.458354,-2.44014,15.947649054774601,16.470222,-5.5244365,-0.08819590298748091,-0.8090973218222476,2538.0,0.004936979947368337,0.021730813281792456,2434.0,-0.08655998167111004,-0.20233227388921776,2063,-0.055763947855333895,-0.2732932519154009,2553,-0.048693508,-0.11084917,-0.060020637,-0.031302664,No reliable edge,-0.012602585,0.015763728,0.17648156,-0.008862129,No reliable edge,-0.5757985,0.3150215,0.34082705,-1.4469148,No reliable edge,,,pattern,
Candlestick,Candlesticks,Candle: 3inside (bullish),1,7110,473,2691,2017-04-05,2026-09-24,-0.051184190418417305,-0.1688978134823974,-0.3831382180067563,17.42165242165242,17.107609,-0.26862794,29.56268221574344,29.70219,1.5785043,42.873601053324556,42.945923,6.9411907,-0.156048583984375,-2.2345903990035723,7020.0,-0.49790266832179303,-3.280469522126986,6860.0,-0.5531119973821181,-1.865969424986204,6076,-0.1688978134823974,-1.3967500746426669,7038,-0.12625103,-0.17391084,-0.20234767,-0.11682794,Weak - tends to fail,-0.11653229,-0.73722047,-0.39962173,-0.9221071,Works in reverse (fade it),0.060775243,-1.0279518,-0.61171997,-0.8749027,No reliable edge,,,pattern,
Candlestick,Candlesticks,Candle: 3linestrike (bearish),-1,539,303,220,2017-04-24,2026-09-23,0.02685080052823455,-0.6961675767593507,-0.2637894769484627,12.452830188679245,11.765593,-0.5583569,12.770137524557956,13.978343,-2.3331466,13.303769401330376,16.532513,-6.848896,-0.06853757174509877,-0.2799421414853563,530.0,0.11568125666710155,0.2160403270146609,509.0,-1.5935742025100472,-1.780494454229219,451,-0.6961675767593507,-1.3794500115170691,530,-0.11097152,-0.04155796,-0.23021844,0.35122615,No reliable edge,0.25741416,0.017739575,-0.62564284,2.0056129,No reliable edge,-1.0064478,-2.096135,-2.899361,4.219306,No reliable edge,,,pattern,
Candlestick,Candlesticks,Candle: 3linestrike (bullish),1,499,284,237,2017-05-05,2026-09-25,-0.22443385319239761,0.19727568264907078,-0.7892471605670253,13.617886178861788,16.04011,-0.668726,24.89539748953975,27.122587,1.3428478,40.7673860911271,40.597874,5.731767,-0.3127395195689628,-1.2668766608733708,492.0,0.14404244203447797,0.2482164597141032,478.0,-0.20776583079239733,-0.18461793106268404,417,0.19727568264907078,0.5019791974970056,493,0.046675153,-0.45426545,-0.47065854,-0.122188315,No reliable edge,-1.0099907,0.61723006,-0.32295763,4.594982,No reliable edge,0.32622892,-0.47476307,-1.1790627,6.1496983,No reliable edge,,,pattern,
Candlestick,Candlesticks,Candle: 3outside (bearish),-1,20625,488,8356,2017-04-05,2026-09-25,-0.10241786467457391,-0.0880673755968371,-0.2656224802707226,11.138431276124908,12.126463,-0.616609,13.895307947352556,14.631836,-2.586797,15.393290104313504,16.057417,-5.738193,-0.09039769169151095,-2.38526473796571,20335.0,-0.13404139592804934,-1.7110875126374565,19906.0,-0.25163507453481815,-1.7131693861911386,17735,-0.0880673755968371,-1.2544533577317494,20386,-0.10006339,-0.08461119,-0.015778638,-0.24650887,Weak - tends to fail,-0.23853865,-0.068760455,-0.0032865102,-0.5090992,No reliable edge,-0.38876227,-0.14730568,-0.14504771,-0.5311343,No reliable edge,,,pattern,
Candlestick,Candlesticks,Candle: 3outside (bullish),1,9241,485,3900,2017-04-07,2026-09-25,-0.08434043589452164,0.07168165264049596,0.16290357962306573,17.36362638568763,16.702501,-0.17932919,28.97322941375805,28.270521,1.8878514,42.873801502980044,41.343006,7.3824286,-0.1041322937782111,-1.616066753049893,9111.0,-0.021218038205843004,-0.14596144322756682,8853.0,0.2596829373096981,0.9546806302096921,7718,0.07168165264049596,0.6647845804079701,9137,-0.13125546,-0.0892855,-0.047934376,-0.34428367,No reliable edge,0.046750933,-0.060547464,0.14168048,-0.6245934,No reliable edge,0.8505092,-0.16894017,0.41888765,-0.5350432,No reliable edge,,,pattern,
Candlestick,Candlesticks,Candle: 3starsinsouth (bullish),1,2,2,1,2023-01-31,2026-09-10,0.4131280817091465,4.90870364010334,3.9109058678150177,0.0,8.933477,-1.4561889,0.0,17.088608,7.2234564,0.0,60.501568,11.164106,0.8746410012245178,,2.0,9.906257629394531,,1.0,-2.9358296394348145,,1,4.90870364010334,,1,,0.874641,,-1.1102442,Too few events,,9.906258,,,Too few events,,-2.9358296,,,Too few events,,,pattern,
Candlestick,Candlesticks,Candle: 3whitesoldiers (bullish),1,31,28,18,2020-07-20,2026-05-05,-0.8816899581541938,-2.4022217118932354,-4.424071816667434,16.666666666666664,14.857195,-1.6141679,35.483870967741936,30.868876,2.689407,54.166666666666664,49.31351,9.903917,-0.9205582936604818,-0.8055407453286104,30.0,0.14094654206306703,0.045393004294704914,31.0,-2.282614549001058,-0.42412852406938595,24,-2.4022217118932354,-1.3685670452077598,31,-0.27273083,-1.020224,0.33890164,-3.618264,Too few events,-4.6529703,0.8511566,1.1770407,-5.078821,Too few events,-4.873686,-1.7644002,2.3514996,0.08132553,Too few events,,,pattern,
Candlestick,Candlesticks,Candle: abandonedbaby (bearish),-1,3,3,0,2018-03-28,2023-10-18,13.543050984541575,16.519837205608685,14.29996651907762,0.0,1.6797291,1.4250405,0.0,3.5714288,-5.5312223,0.0,8.789215,-31.590195,4.96757173538208,,2.0,1.2555789947509766,,2.0,-21.59398905436198,,3,16.519837205608685,,3,4.9675717,,,1.669101,Too few events,1.255579,,,7.1481953,Too few events,-15.834433,-33.113106,-33.113106,-21.915165,Too few events,,,pattern,
Candlestick,Candlesticks,Candle: abandonedbaby (bullish),1,5,5,4,2017-11-17,2026-07-02,1.9936767779290676,5.886164866387844,14.237388577312231,20.0,21.28867,1.3517722,60.0,31.945768,7.712695,66.66666666666666,38.135513,15.886551,0.3876330375671387,,5.0,4.375578308105469,,5.0,10.915719350179037,,3,5.886164866387844,,5,-7.5864143,2.381145,-1.6593345,0.00046310015,Too few events,-16.5756,9.613373,4.38977,-13.346193,Too few events,-20.703445,26.725302,10.915719,,Too few events,,,pattern,
Candlestick,Candlesticks,Candle: advanceblock (bearish),-1,3019,451,1372,2017-04-05,2026-09-23,-0.0027030696174732537,0.043579869639645503,0.10865129070981618,11.750920656176767,11.152931,-0.55438274,14.927934111187371,14.971185,-2.4078367,17.87665886026542,16.702488,-4.6504164,-0.05303283323601492,-0.5178283532553272,2987.0,-0.24488400136598104,-1.2957518562332728,2914.0,0.08976635422956003,0.2544289364896752,2562,0.043579869639645503,0.24355420430488314,2990,0.047746476,-0.101056196,-0.14635381,0.2544296,No reliable edge,-0.3466617,-0.19441314,-0.47778097,0.63778,No reliable edge,-0.085499436,0.19584827,-0.4025139,1.6478432,No reliable edge,,,pattern,
Candlestick,Candlesticks,Candle: belthold (bearish),-1,72872,493,31174,2017-04-05,2026-09-25,0.015584436876413844,0.04058084256247722,0.09498470329948328,11.397300051653614,12.073405,-0.6004387,13.912019755355196,14.473093,-2.6900077,15.506565514035758,15.774245,-5.7571783,-0.03760481370016124,-1.7664462248992217,71631.0,-0.0850175106018133,-1.966069130280836,69652.0,-0.029805167278336087,-0.3854553577149819,60239,0.04058084256247722,0.9716287381366201,71847,-0.037569232,-0.037624616,0.018718304,-0.13659835,No reliable edge,-0.09680126,-0.07809146,-0.03901619,-0.24201174,No reliable edge,-0.05358339,-0.011955429,-0.009758817,-0.1029571,No reliable edge,,,pattern,
Candlestick,Candlesticks,Candle: belthold (bullish),1,50047,490,20809,2017-04-05,2026-09-25,-0.03998033518641465,0.009325084136150588,0.12488526089343015,18.07829181494662,17.322594,-0.09804624,29.555787278415014,29.069397,2.0029411,42.69028061345615,42.037407,7.2990694,-0.08573575320920183,-3.118206131792415,49175.0,-0.05574497767857143,-0.8716208913274052,47950.0,0.10380680625252243,0.8302639270241274,42122,0.009325084136150588,0.179744175506986,49375,-0.112602346,-0.07098954,-0.054242797,-0.16981348,Works in reverse (fade it),-0.07475039,-0.04477704,0.087466225,-0.6034293,No reliable edge,0.24568392,0.002345511,0.38295078,-1.4667407,No reliable edge,,,pattern,
Candlestick,Candlesticks in context,"Candle: 2crows (bearish, after a rise)",-1,708,336,244,2017-04-27,2026-08-28,-0.38565800973808784,-0.6487951835267024,-1.0203445000139197,9.900990099009901,10.787689,-0.76312983,12.536023054755043,12.117904,-3.0939298,15.863141524105753,15.007061,-6.3807387,-0.2212916567099651,-1.0065447803959553,707.0,-0.0775240917370711,-0.1862542959815989,694.0,0.07766699902191875,0.10487178398215066,643,-0.6487951835267024,-1.6324870238017923,707,-0.096526,-0.30359012,-0.26146945,0.9653706,No reliable edge,-0.1643002,-0.018482704,-0.21223857,3.336994,No reliable edge,1.2489331,-0.83152014,-0.22158033,11.455834,No reliable edge,,,pattern,
Candlestick,Candlesticks in context,"Candle: 3blackcrows (bearish, after a rise)",-1,9,9,5,2021-09-24,2024-08-01,-5.394163624280029,-0.9929403248760436,1.712641202741199,11.11111111111111,12.76114,-1.1495304,11.11111111111111,9.624973,-0.3208097,11.11111111111111,14.112991,-3.9738193,-0.9766780005560981,,9.0,3.119357850816515,,9.0,2.0958065456814237,,9,-0.9929403248760436,,9,4.420665,-1.6513458,0.70440423,,Too few events,-7.395895,4.4337645,6.926612,,Too few events,-16.848297,4.4638195,6.5367007,,Too few events,,,pattern,
Candlestick,Candlesticks in context,"Candle: 3inside (bearish, after a rise)",-1,572,286,230,2017-04-07,2026-09-22,-0.39902659235450666,-0.33161938225487825,-0.11211852581505108,10.405643738977071,12.915222,-0.68293124,13.075506445672191,15.323504,-2.7328258,14.613778705636744,17.639635,-5.5440493,-0.43620456379347167,-1.988328473682536,567.0,-0.48836201198851864,-1.0905310175365075,543.0,-0.9077565107564588,-1.0361425496089407,479,-0.33161938225487825,-0.8200373190368456,565,-0.41698283,-0.44961375,-0.47799072,-0.44093898,No reliable edge,0.07893953,-0.91475326,-0.27434522,-1.3483003,No reliable edge,-0.35129732,-1.4348092,-1.0605886,0.17498553,No reliable edge,,,pattern,
Candlestick,Candlesticks in context,"Candle: 3inside (bullish, after a decline)",1,1171,389,511,2017-04-05,2026-09-18,-0.018526816849046324,0.2698242783169407,-0.11992830293089442,14.805194805194805,15.428424,-0.18121502,28.762243989314335,28.036106,2.515125,39.86636971046771,39.564964,7.5771675,-0.13759665220846862,-0.7318010090966759,1155.0,-0.15273834527441146,-0.4193867631508616,1123.0,-0.42294111018191466,-0.5317099009409393,898,0.2698242783169407,1.0103632817539334,1156,-0.23146527,-0.090662345,0.1318901,-0.719083,No reliable edge,0.35590804,-0.42230707,0.05969578,-1.4607058,No reliable edge,0.13869293,-0.85216635,-0.3977349,-0.6285578,No reliable edge,,,pattern,
Candlestick,Candlesticks in context,"Candle: 3linestrike (bearish, after a rise)",-1,342,234,138,2017-05-02,2026-09-23,0.10362153953205036,-0.3322625644670838,-0.9776847821373779,13.690476190476192,12.141158,-0.30766416,13.538461538461538,14.527057,-2.574094,11.267605633802818,15.883438,-8.4616995,0.05598153954460507,0.1812712547222662,336.0,-0.341030038686899,-0.544660124464914,325.0,-2.7377239818304355,-2.74447006966617,284,-0.3322625644670838,-0.5550315816179492,337,-0.0006720654,0.089118555,-0.21982858,1.1287347,No reliable edge,-0.38611266,-0.31285337,-1.0287938,3.2911236,No reliable edge,-2.2401233,-3.1289196,-3.428805,6.144108,Weak - tends to fail,,,pattern,
Candlestick,Candlesticks in context,"Candle: 3linestrike (bullish, after a decline)",1,219,171,107,2017-05-05,2026-09-25,-0.6424573948606849,-0.42013794893102946,-1.2419362064307007,11.574074074074074,15.763712,-0.9190416,23.18840579710145,26.293606,0.767414,41.14285714285714,39.552505,6.581026,-0.6605978365297671,-1.8174161756959308,216.0,-0.4436820209890172,-0.4985051593016648,207.0,0.8042080252511161,0.43921445764637157,175,-0.42013794893102946,-0.7081700567034979,214,-0.4674797,-0.7455698,-1.2761514,0.6245194,No reliable edge,-1.9765905,0.27384964,-0.7223455,4.6916833,No reliable edge,0.029708082,1.2731714,-0.35754022,2.4740825,No reliable edge,,,pattern,
Candlestick,Candlesticks in context,"Candle: 3outside (bearish, after a rise)",-1,3311,456,1218,2017-04-05,2026-09-24,-0.15075748877598003,-0.32160264647618936,-0.7886442479062181,11.460880195599021,12.272796,-0.5109442,13.428217821782178,14.122683,-2.5964863,15.836952890076846,16.197287,-5.933422,-0.1467656552937328,-1.418634277280685,3272.0,-0.1644466702300723,-0.8167777267025458,3232.0,-0.40799687389064065,-1.1252291747067764,2993,-0.32160264647618936,-1.696403599709828,3294,-0.031504937,-0.2194138,-0.109034404,-0.034213074,No reliable edge,-0.010471594,-0.26502272,-0.111006685,0.06748615,No reliable edge,0.062269364,-0.7584343,-0.34046987,-2.6449513,No reliable edge,,,pattern,
Candlestick,Candlesticks in context,"Candle: 3outside (bullish, after a decline)",1,929,372,426,2017-05-10,2026-09-18,0.2835005487931149,0.8042845263908461,1.1968127223736613,15.418502202643172,14.825074,0.20061843,29.751131221719458,27.45761,3.9359398,41.19947848761408,40.164825,9.664282,0.20811302756422942,0.8621207104928166,908.0,1.2106943259951215,2.5295739175258056,884.0,1.1535911112440922,1.216562099718286,767,0.8042845263908461,2.370880559756693,908,0.5902376,0.01956466,-0.12287507,0.4996931,No reliable edge,1.4764724,1.0734745,0.14224079,2.1730113,Weak edge,1.9385439,0.6465722,-0.56371427,2.8026907,No reliable edge,,,pattern,
Candlestick,Candlesticks in context,"Candle: 3starsinsouth (bullish, after a decline)",1,2,2,1,2023-01-31,2026-09-10,0.4131280817091465,4.90870364010334,3.9109058678150177,0.0,8.933477,-1.4561889,0.0,17.088608,7.2234564,0.0,60.501568,11.164106,0.8746410012245178,,2.0,9.906257629394531,,1.0,-2.9358296394348145,,1,4.90870364010334,,1,,0.874641,,-1.1102442,Too few events,,9.906258,,,Too few events,,-2.9358296,,,Too few events,,,pattern,
Candlestick,Candlesticks in context,"Candle: 3whitesoldiers (bullish, after a decline)",1,1,1,0,2021-11-08,2021-11-08,0.5787605419754982,1.2683713808655739,2.5756631046533585,0.0,8.46395,-4.510974,0.0,10.869565,3.1576655,0.0,17.956656,-13.020306,-1.6406652927398682,,1.0,7.230153560638428,,1.0,-8.402935981750488,,1,1.2683713808655739,,1,-1.6406653,,-1.6406653,,Too few events,7.2301536,,7.2301536,,Too few events,-8.402936,,-8.402936,,Too few events,,,pattern,
Candlestick,Candlesticks in context,"Candle: abandonedbaby (bearish, after a rise)",-1,1,1,0,2023-10-18,2023-10-18,28.250661492347717,36.69399321079254,31.65437877178192,,,,,,,0.0,3.8560412,-46.219105,,,,,,,-33.11310577392578,,1,36.69399321079254,,1,,,,,Too few events,,,,,Too few events,,-33.113106,-33.113106,,Too few events,,,pattern,
Candlestick,Candlesticks in context,"Candle: abandonedbaby (bullish, after a decline)",1,2,2,2,2024-04-22,2026-07-02,4.121849546208978,6.537915952503681,2.9396870639175177,0.0,21.553562,0.59168744,100.0,33.87198,19.075895,100.0,55.637253,28.576893,0.5086178779602051,,2.0,16.77469825744629,,2.0,16.732830047607422,,1,6.537915952503681,,2,,0.5086179,-5.89847,,Too few events,,16.774698,11.49462,,Too few events,,16.73283,16.73283,,Too few events,,,pattern,
Candlestick,Candlesticks in context,"Candle: advanceblock (bearish, after a rise)",-1,2645,442,1184,2017-04-05,2026-09-23,0.018393984885382436,0.10163752626077922,0.15724395365675237,11.964831804281346,11.134241,-0.51218164,15.671641791044777,15.197132,-2.2873874,18.137254901960784,17.16962,-4.7145524,-0.01822330025722492,-0.17061221724265366,2616.0,-0.20599856680055725,-1.024705223106037,2546.0,-0.15089926490171707,-0.3929965493554367,2244,0.10163752626077922,0.5318101268155352,2619,0.10776154,-0.08003125,-0.14768727,0.36418816,No reliable edge,-0.29518133,-0.16026792,-0.36225003,0.5286583,No reliable edge,-0.42995626,0.023486143,-0.48087722,0.99439216,No reliable edge,,,pattern,
Candlestick,Candlesticks in context,"Candle: belthold (bearish, after a rise)",-1,17451,486,6855,2017-04-05,2026-09-25,0.12289337286823082,0.06629003148617105,-0.004360119868181842,11.588057620817843,11.721451,-0.44263393,13.886577101414813,13.928211,-2.5939717,15.734729031403209,15.89093,-6.129526,0.004130986543393046,0.10110406099059414,17216.0,-0.06058348811150391,-0.6652715996899277,16822.0,-0.34872588161065654,-2.1894764687845156,15094,0.06629003148617105,0.8073787229123338,17308,0.05535253,-0.024755584,0.03871947,0.038227856,No reliable edge,0.05721797,-0.13035005,-0.19785096,1.0295811,No reliable edge,-0.57081354,-0.19126296,-0.55419254,2.0610037,Weak - tends to fail,,,pattern,
Candlestick,Candlesticks in context,"Candle: belthold (bullish, after a decline)",1,8066,481,3962,2017-04-05,2026-09-25,-0.03838621498336484,-0.03540340385453798,-0.10149723823340717,16.02188852125223,16.761261,0.11216922,26.6857962697274,27.54373,2.2920408,38.0043116723129,38.51626,6.89196,0.006960424402343253,0.10276933519897666,7858.0,-0.1028266688812443,-0.5902792468656953,7667.0,-0.2008214350806995,-0.5814656605527277,6494,-0.03540340385453798,-0.281926357735552,7876,0.016047297,0.0027528184,0.035913598,-0.016297877,No reliable edge,0.055193815,-0.17937407,-0.016702177,-0.4054455,No reliable edge,-0.46538073,-0.03479223,0.43550158,-1.3997551,No reliable edge,,,pattern,
Indicator signal,CCI,CCI crosses above +100,1,44374,491,17682,2017-04-05,2026-09-25,0.004779065821659849,0.02007778321696335,0.039887686732387344,19.435808339429407,17.713879,-0.086419314,30.72461056275436,29.825666,1.8045065,44.42267468029336,43.505127,7.247177,-0.0850245176481346,-2.704609883130615,43744.0,-0.2108673311269121,-2.9503644396675903,42754.0,-0.1786653659623302,-1.3543569450531177,37769,0.02007778321696335,0.33167759401095914,43993,-0.09349612,-0.08032175,-0.04685464,-0.29062343,Weak - tends to fail,-0.21288837,-0.20968936,-0.10501194,-0.8703537,Weak - tends to fail,0.05102736,-0.34308788,-0.08223823,-1.0688528,No reliable edge,,,pattern,
Indicator signal,CCI,CCI crosses below -100,-1,40686,494,18378,2017-04-05,2026-09-25,0.011834609407286582,0.03190221123944697,0.19637009867855473,12.135118868492325,12.390428,-0.60917866,14.332416584505214,14.657002,-2.6709669,15.733055649137853,15.701818,-5.507615,0.048347616257860306,1.66284866300786,39876.0,0.024709028804514394,0.4132566498840483,38542.0,0.19590861856260144,1.7989603232090607,32651,0.03190221123944697,0.5258796460336451,39882,0.05416156,0.04526359,0.07457907,-0.07443921,No reliable edge,-0.04680607,0.06508542,0.09387087,-0.07404351,No reliable edge,0.28374586,0.13046847,0.22227018,0.0936472,No reliable edge,,,pattern,
Indicator signal,Momentum,Awesome oscillator crosses above zero,1,15065,483,6576,2017-04-05,2026-09-25,0.04704968467321864,-0.022320863642723947,-0.1765194179325609,18.42300181805939,16.605225,-0.064604,29.594436411209806,28.428507,1.6150013,41.1474888747616,41.178223,6.089048,0.06849342137103562,1.4344640816086554,14851.0,-0.11186685491870653,-0.9719346839062423,14523.0,-0.5243994342394112,-2.3275740851459226,12584,-0.022320863642723947,-0.2592589734169529,14909,0.11529118,0.04447464,0.12417699,-0.23900908,No reliable edge,-0.29265335,-0.014698404,-0.015403641,-0.8283883,No reliable edge,-0.74389154,-0.37571126,-0.3503796,-1.1940386,Weak - tends to fail,,,pattern,
Indicator signal,Momentum,Awesome oscillator crosses below zero,-1,15592,490,6852,2017-04-05,2026-09-25,0.11398341276644171,0.14783707145784722,0.16753269256336378,11.560768980123818,11.925855,-0.5665899,13.89449603014399,14.48887,-2.4127433,15.551242236024846,15.782912,-5.4880924,0.09941284537664956,2.2626126338747796,15345.0,0.09399180796662629,0.9939519350008431,14862.0,0.015909608402607602,0.08241423157632516,12880,0.14783707145784722,1.6025444590660605,15344,0.20972082,0.040571626,0.10438307,0.16558963,Weak edge,0.17847022,0.04621297,0.10064998,0.0859599,No reliable edge,0.4738294,-0.31236187,0.268434,0.025340877,No reliable edge,,,pattern,
Indicator signal,Trend,ADX > 25 with +DI crossing above -DI,1,5066,471,2036,2017-04-13,2026-09-24,-0.1653167001167236,-0.22499059323592632,-0.45877942891522566,16.438906752411576,17.343477,0.06768222,26.823816297500507,27.8909,1.6686343,40.4839460214053,41.39513,7.4053955,-0.23606413813649266,-2.3636995163480403,4976.0,-0.5979449918080675,-2.920426175599696,4921.0,-0.6427177475351907,-1.455253040971997,4298,-0.22499059323592632,-1.3206998846725897,4998,-0.32004905,-0.18316436,-0.25629187,-0.4549852,Weak - tends to fail,-0.64787704,-0.5655051,-0.54963255,-1.2208333,Weak - tends to fail,-1.1623137,-0.21603262,-1.0095521,-1.8962051,No reliable edge,,,pattern,
Indicator signal,Trend,ADX > 25 with -DI crossing above +DI,-1,6127,478,2288,2017-04-07,2026-09-25,-0.29691526302238924,-0.36766764688329007,-0.44343898878074245,8.814235822384834,11.013493,-1.3766685,10.53701507707945,13.542761,-3.7612352,12.369569341680895,14.92331,-7.979904,-0.3845544533068976,-4.880140713957828,6013.0,-0.6981459043600712,-4.310048932315137,5903.0,-1.4660909005347658,-4.66460871221663,5271,-0.36766764688329007,-2.234861753684059,6037,-0.3886639,-0.38168564,-0.34173614,-0.32265413,Works in reverse (fade it),-0.67555904,-0.7146359,-0.68999535,-0.2536988,Works in reverse (fade it),-1.3539865,-1.5672318,-1.0669678,0.0018130032,Works in reverse (fade it),,,pattern,
Indicator signal,Trend,Alligator wakes up bearish,-1,18176,491,8149,2017-04-05,2026-09-25,0.14101366615673988,0.1563820906884657,0.37761283268269663,12.088465845464725,12.142149,-0.3799326,14.869158338628619,14.602881,-2.1474402,16.27859890666127,15.699334,-4.8903365,0.10688293388682811,2.6887598757579774,17860.0,0.2449654369873202,2.8123243802497884,17311.0,0.4710254822374637,2.61351640227123,14817,0.1563820906884657,2.0835373206686145,17868,0.0768842,0.1226928,0.13188492,0.09400927,Weak edge,0.26326334,0.23476537,0.42208734,-0.040314477,Weak edge,1.0438575,0.058525298,0.8090269,-0.025996098,Weak edge,,,pattern,
Indicator signal,Trend,Alligator wakes up bullish,1,20164,487,8511,2017-04-05,2026-09-25,0.07777718799330614,-0.029368216363562467,0.01889905368291132,17.731172545281222,16.686258,-0.1305382,29.7345952062545,28.849564,1.8121676,42.51090930534261,41.98457,6.7392507,0.09120681438854673,2.14083030183478,19931.0,0.07103400950985624,0.7117920976699633,19442.0,0.02174794588157599,0.11509345805248669,16958,-0.029368216363562467,-0.39315395568201483,19989,0.20160758,0.031521954,0.12379577,-0.060129073,Weak edge,-0.16193058,0.20298222,0.0045947675,0.044373926,No reliable edge,-0.14962019,0.14329998,-0.19914287,0.09863814,No reliable edge,,,pattern,
Indicator signal,Trend,Aroon down crosses above Aroon up,-1,25959,493,11019,2017-04-05,2026-09-25,-0.008305784034242316,-0.00047140925085435487,0.05147432992030538,11.221730098381217,11.542757,-0.76794,13.744133354911797,14.124221,-2.7892826,15.41436464088398,15.595278,-6.0065365,-0.0018238997191210578,-0.052678143750303615,25513.0,-0.047349536239493145,-0.6013165499244568,24716.0,-0.14489552759553406,-1.0533265563021008,21720,-0.00047140925085435487,-0.00636393783901449,25603,0.04119086,-0.026000444,0.0146859875,-0.17888631,No reliable edge,-0.09188937,-0.02075228,-0.060686436,-0.17016657,No reliable edge,-0.16486713,-0.13006704,-0.023447962,-0.34532866,No reliable edge,,,pattern,
Indicator signal,Trend,Aroon up crosses above Aroon down,1,25231,488,10813,2017-04-05,2026-09-25,-0.07952922297399517,-0.01571250196764716,-0.1707394722904286,18.105703819989536,16.886263,-0.06730082,29.176286279683378,28.754887,1.7125413,42.07778770634435,41.774784,6.6256523,-0.0372677081996815,-0.8707788874612532,24843.0,-0.22252411452321075,-2.6605992025745864,24256.0,-0.4024930612301886,-2.394764050502956,21263,-0.01571250196764716,-0.23504369563151636,24944,0.06527422,-0.09252119,0.012757745,-0.092778385,No reliable edge,-0.10688298,-0.28783852,-0.15927218,-0.6066403,Weak - tends to fail,-0.36390048,-0.42954272,-0.20773165,-1.5671029,Weak - tends to fail,,,pattern,
Candlestick,Candlesticks,Candle: breakaway (bearish),-1,62,60,25,2017-07-27,2026-09-24,-0.27688064069176715,0.5081159140293797,-0.548075485442366,15.254237288135593,13.901785,-0.6937613,16.363636363636363,16.4546,-2.9485707,24.489795918367346,18.326332,-2.6134286,-0.7599258422851562,-1.1069640086570232,59.0,-0.9511097994717684,-0.6645105826074653,55.0,1.9212171593490912,0.6988122646030963,49,0.5081159140293797,0.4484892801756037,60,0.08169682,-1.2976292,-1.066988,-0.56659,Too few events,-0.25981075,-1.447981,-0.0198386,-3.451012,Too few events,-0.14965837,3.7531457,1.4670857,-2.0402098,Too few events,,,pattern,
Candlestick,Candlesticks,Candle: breakaway (bullish),1,45,45,18,2017-06-27,2026-08-20,-0.5972974803040011,0.06591707881953981,-1.7172924581576476,17.77777777777778,21.686731,1.571967,31.818181818181817,32.432007,4.7829604,36.58536585365854,45.417496,6.9665604,0.4805463155110677,0.4289926729676184,45.0,1.0439304871992632,0.5657820172688178,44.0,-3.053963079685118,-0.7754934614067799,41,0.06591707881953981,0.04705183643667565,45,0.4294052,0.5146404,-1.2444711,3.9308841,Too few events,3.7194273,-0.80833626,0.4275336,5.743531,Too few events,-1.3145807,-4.4152193,-1.3645455,-1.9685849,Too few events,,,pattern,
Candlestick,Candlesticks,Candle: closingmarubozu (bearish),-1,23482,489,11222,2017-04-05,2026-09-25,0.007223404312201038,0.04324925948935271,0.022802837345699333,10.419750936166507,11.782557,-0.6406253,12.754916241806264,13.909631,-2.873514,14.744831196021984,15.201169,-6.274277,-0.10818509350439236,-2.6145030070407174,22966.0,-0.17059140576989826,-1.9205871104846883,21968.0,-0.20917674835612404,-1.3042063767641854,19105,0.04324925948935271,0.5373546490019856,22895,-0.052392457,-0.13484636,-0.038138315,-0.17285222,Weak - tends to fail,-0.25360674,-0.12780096,-0.088262446,-0.43193072,No reliable edge,-0.12692438,-0.26210123,0.04592697,-0.93380636,No reliable edge,,,pattern,
Candlestick,Candlesticks,Candle: closingmarubozu (bullish),1,13849,482,6891,2017-04-05,2026-09-25,-0.0037939573457562597,-0.021643890090207778,-0.044081583600660654,16.767722134890338,17.028658,-0.06049697,28.726562500000004,29.070404,1.9681026,41.6689391873466,42.216034,7.5078983,-0.07007775748237377,-1.2772774423286701,13359.0,-0.2782742500305176,-2.2732132566779675,12800.0,-0.28669022365154306,-1.0710807479020226,11001,-0.021643890090207778,-0.2200926014523193,13459,-0.08446506,-0.06483079,-0.11227846,-0.0744656,No reliable edge,0.015931949,-0.39649156,-0.14329708,-0.8991319,No reliable edge,0.6171448,-0.74194336,-0.14514548,-1.7653537,No reliable edge,,,pattern,
Candlestick,Candlesticks,Candle: concealbabyswall (bullish),1,1,1,1,2025-01-24,2025-01-24,19.107121229171753,12.987194955348969,14.812839031219482,0.0,12.971698,20.864178,0.0,13.053613,15.513432,0.0,26.744186,3.7298508,22.494243621826172,,1.0,20.645143508911133,,1.0,3.9928998947143555,,1,12.987194955348969,,1,,22.494244,,22.494244,Too few events,,20.645144,,20.645144,Too few events,,3.9929,,3.9929,Too few events,,,pattern,
Candlestick,Candlesticks,Candle: counterattack (bearish),-1,434,262,168,2017-04-21,2026-09-07,-0.0776804018495304,-0.22568972878313312,-0.7265506949095192,12.093023255813954,10.705953,-0.4634547,11.82033096926714,12.110662,-3.304162,16.180371352785148,14.451022,-6.0193534,0.37074592058048694,1.5043520731113789,430.0,0.010109857464513036,0.021008915782019712,423.0,0.7816706083181366,0.8247933361073417,377,-0.22568972878313312,-0.4024125691692837,432,0.3223086,0.39973632,0.6976778,-0.37754542,No reliable edge,-0.33290833,0.2208959,0.0376529,-0.9159724,No reliable edge,1.0808858,0.55864453,-0.23657991,3.715771,No reliable edge,,,pattern,
Candlestick,Candlesticks,Candle: counterattack (bullish),1,278,199,119,2017-04-17,2026-09-16,-0.03683843605736964,0.13338956306432628,-0.009359734188487281,15.441176470588236,18.252098,0.29109406,28.73134328358209,28.342756,3.7591324,43.09623430962343,40.9704,10.037515,0.1298700921675738,0.3634765321505697,272.0,0.7786366476941464,0.873731360989343,268.0,0.21459387934856336,0.12793386279975041,239,0.13338956306432628,0.24168764412542187,273,-0.18082507,0.31922865,0.5601985,0.02747989,No reliable edge,-0.16173235,1.3656548,-0.20864359,1.3022007,No reliable edge,-2.090118,1.9600741,-1.7773811,-1.5087425,No reliable edge,,,pattern,
Candlestick,Candlesticks,Candle: darkcloudcover (bearish),-1,2878,453,1078,2017-04-05,2026-09-25,0.1282261291909404,-0.047081271096920736,0.17188930206104433,11.77299964751498,11.4197645,-0.57419384,13.502865329512895,13.413107,-2.8624082,13.826366559485532,14.377694,-6.7135334,0.07008682912531393,0.7431395205045074,2837.0,-0.07827045036250335,-0.3831328270393606,2792.0,-0.2887711601625301,-0.7703827142828599,2488,-0.047081271096920736,-0.25924089303342374,2860,-0.16490367,0.20649914,0.04023698,0.3288748,No reliable edge,-0.5004622,0.17581968,-0.35142377,0.34968802,No reliable edge,-0.13148664,-0.4039963,-0.067292884,-0.3330792,No reliable edge,,,pattern,
Candlestick,Candlesticks,Candle: doji (bullish),1,108004,495,43915,2017-04-05,2026-09-25,0.038219912084390066,0.04697621183684693,0.13754098530317577,16.66181401508392,16.737427,-0.088584505,29.05273720162862,28.794474,2.0553594,42.366315881881725,42.14456,7.4075356,0.030222183813550168,1.8514921551654375,106471.0,0.09887561047640527,2.6311029122859066,103646.0,0.11396619078449231,1.4784569989598038,91129,0.04697621183684693,1.5496422338144742,106670,0.03887244,0.025282536,0.02584595,0.06430872,No reliable edge,0.16860138,0.056861177,0.104743406,0.1880491,Weak edge,0.20285624,0.047466613,0.022466207,0.6044236,No reliable edge,,,pattern,
Candlestick,Candlesticks,Candle: dojistar (bearish),-1,10487,481,4214,2017-04-05,2026-09-25,-0.00917801621078712,-0.042289053456330834,-0.2827438764072191,11.769800789144453,10.862097,-0.6028509,14.030612244897958,13.659575,-2.4715185,15.67805953693495,15.200667,-5.652349,0.0196234885061479,0.3765385363950758,10391.0,0.11291895556487319,1.0374489339045438,10192.0,0.20295688751119764,0.963540169709992,9070,-0.042289053456330834,-0.398675808764993,10429,0.042477217,0.006969874,-0.018770015,0.30877754,No reliable edge,-0.062365502,0.2138403,0.12858155,0.7006681,No reliable edge,-0.15743221,0.4543456,-0.050050233,1.6995181,No reliable edge,,,pattern,
Candlestick,Candlesticks,Candle: dojistar (bullish),1,6134,478,2594,2017-04-06,2026-09-25,0.0014928024537982864,0.05475279665799772,-0.2354824554817337,16.72745358090186,16.616457,-0.03674407,27.959009393680617,27.524094,2.1659076,40.62067602292943,39.272545,7.340162,0.08766271454585958,1.1254132387205635,6032.0,0.19335916651099488,1.0779536371558613,5855.0,0.6757385893333663,2.0651969736162927,5059,0.05475279665799772,0.41301363076384334,6016,0.07927347,0.0925903,0.20540468,-0.049722612,No reliable edge,0.5066859,-0.0006503566,0.3544034,0.061188858,No reliable edge,1.0471511,0.380138,0.7409513,0.84220785,Weak edge,,,pattern,
Candlestick,Candlesticks,Candle: dragonflydoji (bullish),1,6786,480,3214,2017-04-05,2026-09-25,-0.013974222057054345,0.09786681184886863,0.3216167756232557,14.892975580343684,16.47965,-0.1038986,28.862610860432554,28.31105,2.21554,42.64786669108222,42.52343,8.202928,-0.04037545048619093,-0.5367452354451241,6634.0,0.21560709306198458,1.2357082315006742,6427.0,0.28951615628862615,0.8884728187000868,5461,0.09786681184886863,0.7022874678574811,6683,-0.023926849,-0.047479622,-0.0955469,-0.13071758,No reliable edge,0.56676406,0.05043238,0.11246325,0.7300227,No reliable edge,0.4831604,0.1723164,-0.20599337,2.3976912,No reliable edge,,,pattern,
Candlestick,Candlesticks,Candle: engulfing (bearish),-1,48251,490,20140,2017-04-05,2026-09-25,-0.03441810070615442,-0.019409093308732576,-0.14451670472084108,11.693556869096952,12.034767,-0.5325172,14.322753494803708,14.765774,-2.4111085,15.91617933723197,16.152529,-5.5121875,-0.02272438536073671,-0.939436851781638,47539.0,-0.05416479441020461,-1.1150463979592589,46283.0,-0.08639203939753899,-0.9683686324374202,41040,-0.019409093308732576,-0.47410878683977015,47642,-0.0033029343,-0.03343794,0.011373507,-0.07316803,No reliable edge,-0.0012031852,-0.08486836,0.009470786,-0.21628742,No reliable edge,-0.028270245,-0.12750964,-0.10469807,-0.3090534,No reliable edge,,,pattern,
Candlestick,Candlesticks,Candle: engulfing (bullish),1,25995,490,11521,2017-04-05,2026-09-25,-0.10927940882491123,-0.025528429336177442,-0.04334200738544566,16.711653561788523,16.69617,-0.27193257,28.759284061853158,28.435066,1.7773124,42.57869649346359,41.71574,7.2101445,-0.10979882461039882,-3.1685451553602753,25563.0,-0.04319591205602652,-0.5018975320203403,24639.0,0.14984378871407333,0.9632939050012299,21189,-0.025528429336177442,-0.4020316905001829,25553,-0.17911944,-0.07490615,-0.10921318,-0.13563637,Works in reverse (fade it),-0.16137972,0.020343386,-0.0559835,0.12697735,No reliable edge,0.32880795,0.027035538,0.16727492,-0.3847238,No reliable edge,,,pattern,
Candlestick,Candlesticks,Candle: eveningdojistar (bearish),-1,1622,426,672,2017-04-12,2026-09-23,-0.20201580791370027,-0.33043106881407686,-0.1772936713038773,12.937499999999998,12.640097,-0.4747853,14.720812182741117,15.004251,-2.1729274,15.853658536585366,16.05314,-5.529873,-0.013718260526657105,-0.10861173018844264,1600.0,0.09666727521092759,0.35940152005050263,1576.0,-0.07376508014958079,-0.14945976401413621,1394,-0.33043106881407686,-1.4813937153559793,1614,0.17132892,-0.11281263,0.1477074,0.03554286,No reliable edge,-0.013992362,0.15850972,0.27507594,0.13484843,No reliable edge,-0.5544455,0.2538397,-0.5235364,0.9671943,No reliable edge,,,pattern,
Candlestick,Candlesticks,Candle: eveningstar (bearish),-1,4249,469,1689,2017-04-05,2026-09-24,0.034726113721345146,0.011155173847938906,0.5189399852810201,12.1595795508839,12.114637,-0.43041527,15.021983390327309,14.718919,-2.1455956,16.324294713777046,16.032482,-5.344321,0.10254135897327027,1.3689132527696486,4186.0,0.2602243577205209,1.5204221584087474,4094.0,0.17467402445391675,0.5636096691498579,3651,0.011155173847938906,0.07842770578953516,4214,0.06429578,0.12372264,0.08234687,0.242977,No reliable edge,0.17037772,0.31234306,0.17307536,0.9351663,No reliable edge,-0.19632065,0.4345604,-0.14317411,1.150921,No reliable edge,,,pattern,
Candlestick,Candlesticks,Candle: gapsidesidewhite (bearish),-1,300,206,131,2017-05-31,2026-09-25,-0.4320896938299658,-0.43971237984855904,-2.1343150979204886,11.458333333333332,11.957741,-1.1148921,10.218978102189782,13.884479,-4.534394,14.814814814814813,15.234973,-7.1691446,-0.37094320191277397,-1.3374189592361456,288.0,-1.3202160466326414,-2.5873987809592514,274.0,-0.807170224287873,-0.7230687582944901,243,-0.43971237984855904,-0.9043922795550331,292,-0.44517246,-0.32370642,-0.71205294,0.12088777,No reliable edge,-0.91756487,-1.5985923,-1.5316023,-0.98260105,Weak - tends to fail,-1.708276,-0.036759123,0.34575734,-3.3070128,No reliable edge,,,pattern,
Candlestick,Candlesticks,Candle: gapsidesidewhite (bullish),1,1164,389,464,2017-04-05,2026-09-21,-0.15362623256374142,-0.11728192760874036,-0.22175568548820213,15.397923875432525,16.723036,0.002589957,27.935943060498218,28.49964,1.8339207,42.87190082644628,41.98345,8.133717,-0.024471479303696576,-0.1669373419921971,1156.0,-0.26123082171131284,-0.7310277229668951,1124.0,0.4146840749693311,0.5538404969459969,968,-0.11728192760874036,-0.46655372779255166,1160,0.40921095,-0.2565751,-0.042196844,-0.040127866,No reliable edge,0.2410897,-0.5420008,-0.26338848,-1.2142807,No reliable edge,2.225178,-0.87669486,0.042700525,0.15344702,No reliable edge,,,pattern,
Candlestick,Candlesticks,Candle: gravestonedoji (bullish),1,9363,478,3897,2017-04-05,2026-09-25,0.08153205259861415,0.16928523276660865,0.7737139355220537,15.756461555098952,16.477114,-0.06801943,29.03010033444816,28.98993,2.6765347,42.9940268790443,42.642937,9.0018835,0.03480368237038026,0.5030629273410213,9247.0,0.4444807343924192,2.5543567407129166,8970.0,1.0498099130086487,2.820364746873982,8036,0.16928523276660865,1.4306308329536574,9237,-0.005634586,0.057327643,0.048386443,0.1874921,No reliable edge,0.62929827,0.3360357,0.37996668,1.3458515,Weak edge,1.5969965,0.6644003,0.67025846,2.8514423,Weak edge,,,pattern,
Candlestick,Candlesticks,Candle: hammer (bullish),1,11041,483,5301,2017-04-05,2026-09-25,-0.08099530705160203,-0.11311773765019031,0.017924299284167305,15.107581494136117,16.22908,-0.266402,27.221900906111436,27.902964,1.8700206,41.848583372039016,41.57884,7.3533096,-0.001861202033209618,-0.03447841906142942,10829.0,0.1840319746556897,1.3800268964868532,10374.0,0.2822533238504412,1.204489424069216,8612,-0.11311773765019031,-1.2221670571579055,10758,0.19940501,-0.09189568,0.002880749,0.04737845,No reliable edge,0.59887964,-0.015222754,0.25567213,0.52996963,No reliable edge,0.29178363,0.2761324,0.08751292,1.0142204,No reliable edge,,,pattern,
Candlestick,Candlesticks in context,"Candle: breakaway (bearish, after a rise)",-1,45,45,18,2017-07-27,2026-09-24,0.1379583973091009,1.6799119864265586,3.0247911038558657,16.666666666666664,15.571865,-0.6571226,17.5,16.474133,-1.1719437,26.31578947368421,19.31002,-0.6934156,-0.9360884711855934,-1.0978268558568474,42.0,0.5137191772460937,0.2911713170741288,40.0,2.9800627859015214,0.9161355356966093,38,1.6799119864265586,1.6064906384749789,43,1.025481,-1.9168731,-1.0753942,0.6085541,Too few events,1.0940624,0.20122671,0.6925293,2.0036087,Too few events,0.57023257,4.3857975,0.9537103,9.382589,Too few events,,,pattern,
Candlestick,Candlesticks in context,"Candle: breakaway (bullish, after a decline)",1,27,27,12,2017-06-27,2026-07-02,0.8009235616083499,0.5126420305007033,1.2139573279354308,22.22222222222222,21.440382,3.3030794,25.925925925925924,29.639116,4.427384,32.0,41.990097,5.417662,2.1435796949598522,1.5339749688355215,27.0,1.001236738982024,0.4838556908930901,27.0,-3.7554421997070313,-0.7982975248008676,25,0.5126420305007033,0.3210539438234935,27,4.172963,0.94982475,0.40223762,4.3713517,Too few events,5.375117,-1.571634,0.32991642,4.434525,Too few events,1.5674015,-7.304005,1.3817734,-7.0979476,Too few events,,,pattern,
Candlestick,Candlesticks in context,"Candle: closingmarubozu (bearish, after a rise)",-1,4734,468,2090,2017-04-05,2026-09-24,0.0037975521230831644,0.09017705448470247,-0.05806347545177845,9.984968864075586,11.3634615,-0.6324206,12.034574468085106,13.042666,-2.9640272,15.62962962962963,15.342951,-6.311311,-0.18033348707674604,-2.160324538906068,4657.0,-0.2732364573377244,-1.4667136513213297,4512.0,-0.3796899715470679,-1.163803491138304,4050,0.09017705448470247,0.5867195539688492,4690,0.15621531,-0.34709483,-0.22180222,0.19961415,No reliable edge,0.0630935,-0.4520188,-0.5089843,0.9755965,No reliable edge,-0.55765927,-0.26737508,-0.5101533,0.6246031,No reliable edge,,,pattern,
Candlestick,Candlesticks in context,"Candle: closingmarubozu (bullish, after a decline)",1,2361,447,1287,2017-04-13,2026-09-25,0.0012674475847570985,-0.08296908350240587,0.07997768317332586,13.642384105960264,16.434277,0.092974916,25.944700460829495,27.66369,2.818536,38.65638766519824,39.951744,8.89854,-0.026219547768565468,-0.18322539004174684,2265.0,0.1366994128249208,0.4234356686451018,2170.0,0.44832611083984375,0.7570894193619971,1816,-0.08296908350240587,-0.34252181110034624,2253,-0.15349768,0.014598515,-0.22508669,0.004650972,No reliable edge,0.66738236,-0.046998523,0.7574755,-0.461608,No reliable edge,1.430816,0.012531653,1.4846982,-1.2291262,No reliable edge,,,pattern,
Candlestick,Candlesticks in context,"Candle: concealbabyswall (bullish, after a decline)",1,1,1,1,2025-01-24,2025-01-24,19.107121229171753,12.987194955348969,14.812839031219482,0.0,12.971698,20.864178,0.0,13.053613,15.513432,0.0,26.744186,3.7298508,22.494243621826172,,1.0,20.645143508911133,,1.0,3.9928998947143555,,1,12.987194955348969,,1,,22.494244,,22.494244,Too few events,,20.645144,,20.645144,Too few events,,3.9929,,3.9929,Too few events,,,pattern,
Candlestick,Candlesticks in context,"Candle: counterattack (bearish, after a rise)",-1,309,210,110,2017-05-16,2026-09-07,-0.07868016938886886,-0.3082934965710201,-0.11965398378547269,12.052117263843648,10.494471,-0.30069512,12.211221122112212,12.01498,-2.9542408,17.27941176470588,14.867443,-5.730361,0.35706346741716716,1.2609290945397411,307.0,0.17865265950117962,0.3006074972313146,303.0,0.89399455575382,0.792781967514036,272,-0.3082934965710201,-0.4410615345993896,307,0.31204575,0.38440403,0.69489896,0.04396603,No reliable edge,-0.21845235,0.42498523,0.28096893,0.32671592,No reliable edge,1.8326899,0.19599037,0.4865256,5.490662,No reliable edge,,,pattern,
Candlestick,Candlesticks in context,"Candle: counterattack (bullish, after a decline)",1,166,138,71,2017-05-23,2026-09-16,-0.30254953343741187,-0.08446919886063944,0.1686614827485755,14.814814814814813,18.110495,-0.036215134,29.375,27.821653,4.099895,42.028985507246375,39.231747,10.07415,0.01641852473035271,0.03281768737812666,162.0,1.0259621620178223,0.9926440663085591,160.0,-0.23199128413545914,-0.10933104408975078,138,-0.08446919886063944,-0.11666929949071696,163,-0.44032428,0.3304292,0.6123352,-0.54022974,No reliable edge,-0.5570911,2.1374676,0.6451096,1.0398215,No reliable edge,-2.1124399,1.4917532,-0.9535929,-5.128759,No reliable edge,,,pattern,
Candlestick,Candlesticks in context,"Candle: darkcloudcover (bearish, after a rise)",-1,1432,407,481,2017-04-12,2026-09-23,-0.098661382042378,-0.3619182464499471,0.0810249600249254,11.1268603827073,11.180784,-0.6581046,13.577586206896552,13.370162,-2.9957557,12.371134020618557,14.398068,-7.8549714,-0.09200338232525691,-0.698292809308574,1411.0,-0.28754247468093347,-1.0045389780710106,1392.0,-1.30159653641703,-2.5968126084533987,1261,-0.3619182464499471,-1.3129181401743357,1426,-0.6328431,0.23929957,-0.13796183,0.5959897,No reliable edge,-0.8742321,0.084303066,-0.50116414,0.84768575,No reliable edge,-2.1289954,-0.67989826,-1.4029708,0.7253331,Weak - tends to fail,,,pattern,
Candlestick,Candlesticks in context,"Candle: doji (bullish, after a decline)",1,35549,494,15496,2017-04-05,2026-09-25,-0.11650096747771431,-0.09397167260570541,-0.3553058573157426,15.030753826348162,16.113855,-0.14934625,26.59766910827081,27.457928,1.9081717,39.044087065021486,39.986465,6.7984743,-0.030143764639357747,-0.8141376468449811,34955.0,-0.06966372928544157,-0.7555819866155646,33721.0,-0.2950864067590635,-1.6127680511914015,28852,-0.09397167260570541,-1.3448473122089126,34806,-0.05959049,-0.013831165,-0.0534978,0.13165863,No reliable edge,-0.038807258,-0.08789261,-0.18025729,0.4569395,No reliable edge,-0.4579992,-0.16996929,-0.72701836,0.6922951,No reliable edge,,,pattern,
Candlestick,Candlesticks in context,"Candle: dojistar (bearish, after a rise)",-1,7693,478,3032,2017-04-05,2026-09-25,0.05912002079830769,0.00699046418842516,-0.12434280800709088,12.536060844479413,10.965029,-0.44281656,14.807897545357523,13.89473,-2.2105074,16.37042569081404,15.577277,-5.4589224,0.08727754422319614,1.4491313185788797,7626.0,0.21826611562625067,1.735030399781988,7496.0,0.21225726332034167,0.8961962432882633,6695,0.00699046418842516,0.05493572748233635,7656,0.0853974,0.08832232,0.02776496,0.51479,No reliable edge,0.038262546,0.32190913,0.13338928,1.165726,No reliable edge,-0.22687086,0.51685864,-0.19532605,2.4392362,No reliable edge,,,pattern,
Candlestick,Candlesticks in context,"Candle: dojistar (bullish, after a decline)",1,3816,466,1694,2017-04-06,2026-09-25,-0.034576965036390205,0.013472820991494796,-0.4355829637128152,16.055659620016055,16.472271,-0.11244834,27.35277930654926,27.09184,2.2649953,38.966525836854075,38.23976,7.07327,-0.010472992572166846,-0.10805534797287379,3737.0,0.12877390078941936,0.5511754436364166,3634.0,0.36044955199362205,0.7754069958383557,3077,0.013472820991494796,0.08248313687546126,3727,0.05372465,-0.04686512,0.08253512,-0.048430566,No reliable edge,0.24257873,0.060791135,0.35107544,0.1123232,No reliable edge,0.13159941,0.541717,0.23258376,0.8269419,No reliable edge,,,pattern,
Candlestick,Candlesticks in context,"Candle: dragonflydoji (bullish, after a decline)",1,2013,441,1051,2017-04-10,2026-09-25,-0.317664420570562,-0.031676262664871335,-0.7985919854317071,13.871951219512196,16.277786,-0.16362666,26.161238654564865,27.482325,2.4046829,39.56550362080316,41.125076,8.38439,-0.19373119943510225,-1.49106350460773,1968.0,0.12610585894485368,0.4230680993261098,1873.0,0.24592000673757405,0.37896786298786234,1519,-0.031676262664871335,-0.1579299070480737,1950,-0.08336057,-0.23326354,-0.14085817,-0.3687605,No reliable edge,0.0071889707,0.17205298,-0.10317551,1.1715046,No reliable edge,-0.93003076,0.86341226,-1.1063232,2.8649173,No reliable edge,,,pattern,
Candlestick,Candlesticks in context,"Candle: engulfing (bearish, after a rise)",-1,14782,483,5721,2017-04-05,2026-09-25,-0.054280228294601024,-0.1058960240993085,-0.4308745651382944,11.858140490209502,11.738167,-0.5180424,14.152128401953942,14.396556,-2.4275672,16.191649976891078,16.316925,-5.747059,-0.08307907729218729,-1.9950054642485435,14606.0,-0.10839052380004797,-1.1738805462448527,14330.0,-0.31770040970189495,-1.7693853598017095,12982,-0.1058960240993085,-1.2909731412634018,14693,-0.09879016,-0.07425513,-0.061853595,0.2044304,No reliable edge,-0.087946124,-0.12036129,-0.11180868,0.18680611,No reliable edge,-0.46750048,-0.21431674,-0.46203694,-0.024164738,No reliable edge,,,pattern,
Candlestick,Candlesticks in context,"Candle: engulfing (bullish, after a decline)",1,5393,478,2607,2017-04-05,2026-09-25,-0.008614933236414291,0.016303746713180873,-0.15630376445353736,14.478434353030591,15.7239275,-0.024710407,26.242113564668767,26.689655,2.1629524,39.274709646835746,39.554157,7.977631,0.03396311880811503,0.4206287300235151,5263.0,0.11727017183033074,0.5500572121506229,5072.0,0.30144272700506636,0.6532162201515075,4219,0.016303746713180873,0.10629518972795533,5246,0.057082012,0.022278028,0.02541998,0.22611067,No reliable edge,-0.2575228,0.32009795,-0.24264468,0.9698608,No reliable edge,-0.42071536,0.8295042,-0.82609373,1.2154033,No reliable edge,,,pattern,
Candlestick,Candlesticks in context,"Candle: eveningdojistar (bearish, after a rise)",-1,716,348,278,2017-04-12,2026-09-23,0.020212009581704656,-0.43806822182015837,-0.9599639364502305,14.971751412429379,12.357654,-0.12503669,15.450643776824036,14.864637,-2.2490642,15.396825396825397,16.147306,-5.7769427,0.21739431693729033,1.1158661017129063,708.0,-0.11551706644257421,-0.28346216860291834,699.0,-0.35087168860057044,-0.4830386982417259,630,-0.43806822182015837,-1.3542078409496818,714,0.15440407,0.25156552,0.5484055,-1.1062948,No reliable edge,0.14901674,-0.26465023,0.30948693,-2.4752426,No reliable edge,-0.6543742,-0.14853664,-0.7687868,0.552167,No reliable edge,,,pattern,
Candlestick,Candlesticks in context,"Candle: eveningstar (bearish, after a rise)",-1,1970,446,721,2017-04-07,2026-09-23,0.05781265099487876,-0.1377272613061847,0.24539839601221114,12.480739599383666,11.71456,-0.3061604,14.892501310959622,14.416106,-2.2145438,16.45422943221321,16.012709,-5.6786356,0.17574270725495153,1.5000211787125142,1947.0,0.13330103729680126,0.541525122192065,1907.0,-0.11437037922139792,-0.2545136291458741,1726,-0.1377272613061847,-0.6526426999214203,1956,0.10013449,0.21981674,0.22263013,0.11323404,No reliable edge,0.05700458,0.17968364,0.040768996,0.6792349,No reliable edge,-0.39456567,0.08664541,-0.6861522,2.444402,No reliable edge,,,pattern,
Candlestick,Candlesticks in context,"Candle: gapsidesidewhite (bearish, after a rise)",-1,67,63,31,2017-06-16,2026-08-27,-0.6087618956425741,-0.9496061159158821,-1.7883459017390297,12.307692307692308,12.257868,-1.1921171,12.903225806451612,14.978287,-4.4287586,15.686274509803921,18.907137,-3.8403177,-0.5461273193359375,-0.9418097151452696,65.0,-2.011385025516633,-1.6824491218285567,62.0,0.1563443389593386,0.0600888394473802,51,-0.9496061159158821,-0.8764116634466796,67,-0.06639026,-0.9091715,-0.6897526,-1.342056,No reliable edge,-0.42546305,-3.3174381,-2.153058,-1.1181657,No reliable edge,-0.83850056,1.3674597,0.25574005,-7.904844,Too few events,,,pattern,
Candlestick,Candlesticks in context,"Candle: gapsidesidewhite (bullish, after a decline)",1,186,147,74,2017-04-05,2026-09-21,-0.30246286388687993,0.09253080402824866,-0.8500412768787808,13.586956521739129,17.593079,0.6009611,25.555555555555554,28.717524,1.8923413,44.07894736842105,40.426834,10.339903,0.01824316900709401,0.052296031418316236,184.0,-0.9361570570203993,-1.1996527742570193,180.0,2.349397759688528,1.2854168164129902,152,0.09253080402824866,0.15215460197049605,184,0.4123992,-0.27179617,0.46733305,0.05195703,No reliable edge,0.39919266,-1.957307,-0.3197255,-1.2446377,No reliable edge,0.96810913,3.8053505,1.2398139,3.9225497,No reliable edge,,,pattern,
Candlestick,Candlesticks in context,"Candle: gravestonedoji (bullish, after a decline)",1,3509,466,1523,2017-04-05,2026-09-25,-0.13238100100541353,-0.040118353949043645,0.19597616811091512,14.496527777777779,15.979281,-0.12359948,26.008428657435278,27.794641,2.538014,40.90599455040872,40.897377,9.152634,-0.03276781682614927,-0.29644482692559404,3456.0,0.300771659286104,1.1058659217843079,3322.0,1.2729357477754597,2.2372784629877103,2936,-0.040118353949043645,-0.21146502605482342,3435,-0.0785667,-0.0072689634,-0.12873043,0.47567326,No reliable edge,0.73698545,0.04130513,-0.05902958,2.039772,No reliable edge,2.1992826,0.59659874,0.94246244,3.287878,Weak edge,,,pattern,
Candlestick,Candlesticks in context,"Candle: hammer (bullish, after a decline)",1,5307,474,2707,2017-04-07,2026-09-25,-0.1291495145789228,-0.234705138348411,-0.3121315394304398,15.342995169082124,16.095396,-0.16559678,25.898842169408898,26.803556,1.8597279,39.60955561263807,39.666183,6.8034477,0.05568587003698672,0.752761634770681,5175.0,0.2047598073813287,1.087059991206112,4923.0,0.0899605132484387,0.24184429664626214,3893,-0.234705138348411,-1.7313216217236511,5104,0.15130402,0.015475332,0.0515145,0.22631693,No reliable edge,0.79848284,-0.065768644,0.32882047,0.58777165,No reliable edge,-0.3483095,0.3777267,-0.22891125,1.0155114,No reliable edge,,,pattern,
Candlestick,Candlesticks,Candle: hangingman (bearish),-1,7428,476,3421,2017-04-05,2026-09-25,-0.009970802512393408,0.006975457950345899,-0.18178644331632876,11.068857802526145,10.604856,-0.6728716,13.06299985968851,12.681767,-3.2502234,14.222222222222221,13.507381,-6.9716935,0.05434929493991283,0.8567397714457595,7363.0,-0.08140492670094798,-0.5743711659815841,7127.0,0.035917340816293726,0.15263571142037463,6075,0.006975457950345899,0.04656647537721282,7374,0.10768714,0.031547833,0.025312474,0.11312403,No reliable edge,-0.049482316,-0.09579057,-0.051312316,-0.09942905,No reliable edge,-0.6588122,0.43486026,-0.3274516,0.71251535,No reliable edge,,,pattern,
Candlestick,Candlesticks,Candle: harami (bearish),-1,16605,487,7428,2017-04-05,2026-09-25,0.09409814044915792,0.09122868238409618,0.03215188588144681,12.288682608962931,12.556351,-0.48515308,15.170734832468447,14.913294,-2.5184286,16.22093906701109,16.524477,-5.7386856,-0.10964912728318836,-2.620300267232746,16267.0,-0.054538980728766256,-0.6038237288896761,15609.0,-0.2972869154276991,-1.7068978930476488,13162,0.09122868238409618,1.1541819027379328,16233,-0.043592073,-0.14426196,-0.13589925,-0.026747093,Weak - tends to fail,-0.04881442,-0.057755247,-0.062468253,-0.03479809,No reliable edge,-0.45459783,-0.18010142,-0.4169978,-0.30984554,No reliable edge,,,pattern,
Candlestick,Candlesticks,Candle: harami (bullish),1,39499,492,15603,2017-04-05,2026-09-25,-0.009508660255677953,-0.04765155656724773,-0.14795393059455486,17.088396228838594,17.264946,-0.08492966,29.46292099299004,29.34354,1.9151881,42.748159847423786,42.858288,7.2659755,0.002413266451165804,0.08546231436601645,38927.0,-0.05493639527428781,-0.8451041954750486,37946.0,-0.1110857086449921,-0.9117529950741341,33557,-0.04765155656724773,-0.9251487315367632,38990,0.039340913,-0.019310301,-0.012155318,-0.011992512,No reliable edge,0.047267042,-0.11803053,-0.08649631,-0.06856191,No reliable edge,0.018886823,-0.20991856,-0.13711557,0.28335997,No reliable edge,,,pattern,
Candlestick,Candlesticks,Candle: haramicross (bearish),-1,4987,477,2174,2017-04-05,2026-09-25,0.12769451998767867,0.15899793384334293,-0.21523922997000305,12.418166939443536,12.684579,-0.41715905,15.93464884362402,15.174292,-2.3334303,17.544297479411032,17.210941,-5.3675365,-0.08192256546644845,-1.0455293839224895,4888.0,0.007986575004631057,0.04898446289905897,4713.0,-0.27928365350870354,-0.9124338722443326,4007,0.15899793384334293,1.101374453317058,4880,-0.09424512,-0.07523229,-0.14779545,0.0060251397,No reliable edge,-0.066419,0.05090234,-0.14240871,0.25788498,No reliable edge,-0.9813076,0.25138736,-0.40157226,-0.64214694,No reliable edge,,,pattern,
Candlestick,Candlesticks,Candle: haramicross (bullish),1,13580,485,5261,2017-04-05,2026-09-25,0.02095286085160232,-0.043802219768689296,0.04501996246527058,16.63682482840943,17.01619,-0.16507757,29.071013161922256,29.194662,1.860513,42.64921195418138,42.643177,7.277323,-0.01454865430867768,-0.3152912188479054,13404.0,-0.06306239870443306,-0.5542174756202523,13068.0,0.03477293649761675,0.16285130727967972,11611,-0.043802219768689296,-0.5396978384663258,13414,-0.008069899,-0.018619122,-0.03948762,0.097122915,No reliable edge,-0.099557266,-0.038958162,-0.17240463,0.17195317,No reliable edge,0.12662518,-0.03970301,-0.017769324,0.45912963,No reliable edge,,,pattern,
Candlestick,Candlesticks,Candle: highwave (bearish),-1,50476,492,20464,2017-04-05,2026-09-25,-0.013395811929439776,0.0003260381046872686,0.05221790270308276,11.908822762204787,11.834674,-0.5568929,14.630875252754509,14.386127,-2.4951198,16.19897358632704,15.970488,-5.553914,-0.0633658745087109,-3.02239676020326,49837.0,-0.015415020222778597,-0.32161652675018065,48466.0,0.04188568993158959,0.4624444748545093,42478,0.0003260381046872686,0.007572267772404241,49866,-0.07267703,-0.0579764,-0.075082615,-0.0023327705,Works in reverse (fade it),-0.029665,-0.006730062,-0.019688785,0.04281574,No reliable edge,0.090629674,0.0047184206,0.06641835,0.26332995,No reliable edge,,,pattern,
Candlestick,Candlesticks,Candle: highwave (bullish),1,52196,494,20870,2017-04-05,2026-09-25,0.014172248848895081,0.003349961495544659,0.04622252958111222,17.16528090760743,16.937359,-0.09756185,29.082925855703024,28.918324,1.9322034,42.31718081615101,42.07692,7.0568843,-0.008585008654860093,-0.3573124886277458,51476.0,-0.04574770910774873,-0.8060938495925843,50105.0,-0.14834329839813956,-1.3953306370888041,44183,0.003349961495544659,0.07978389304633723,51530,0.040990558,-0.037649605,0.012754747,-0.07649223,No reliable edge,-0.0010272056,-0.07333651,0.011038984,-0.18695624,No reliable edge,-0.19364358,-0.1137433,-0.009234797,-0.28615782,No reliable edge,,,pattern,
Candlestick,Candlesticks,Candle: hikkake (bearish),-1,50555,489,19927,2017-04-05,2026-09-25,-0.09894352387702442,-0.07577707118249853,-0.0617731148990584,11.64558988314391,11.548283,-0.5345268,13.968807715986046,14.068256,-2.5852542,15.187903562967437,15.550332,-5.8679953,-0.0070777656136273535,-0.2791477900163675,49976.0,-0.052980464541542684,-1.0133375714638422,48730.0,-0.10560776963958053,-1.1137572840317094,43054,-0.07577707118249853,-1.5795551794684535,50096,0.02880105,-0.028305216,0.028946433,-0.11932883,No reliable edge,-0.030177826,-0.06713314,-0.01932456,-0.18593392,No reliable edge,-0.068893865,-0.13374761,-0.19546132,-0.149313,No reliable edge,,,pattern,
Candlestick,Candlesticks,Candle: hikkake (bullish),1,48601,493,20811,2017-04-05,2026-09-25,0.04236105740421303,0.023829738354201067,0.04922567355376344,16.49833761997365,16.698269,-0.19115312,28.16937941767719,28.466934,1.874201,41.64179846811897,41.597675,7.2911663,0.03628886483099136,1.4029056124147594,47823.0,0.09239499657528695,1.4192265731466325,46263.0,0.33649059884953497,2.8180419495122506,40212,0.023829738354201067,0.4513638544910917,47756,0.033604305,0.037789457,0.08263694,-0.14170095,No reliable edge,0.25046182,-0.0016549038,0.14726172,-0.2150758,No reliable edge,0.27782744,0.38065484,0.5144829,-0.198792,Weak edge,,,pattern,
Candlestick,Candlesticks,Candle: hikkakemod (bearish),-1,461,238,194,2017-04-13,2026-09-24,0.36409098688537445,0.09745172230056026,-0.6700511565557807,12.555066079295155,11.905143,-0.6665539,11.085972850678733,13.69714,-3.584506,15.326633165829145,15.795086,-5.485315,0.05913510091504336,0.2220213555864493,454.0,-0.9103912767781391,-1.673384508686496,442.0,-0.3790624033865617,-0.33230148741095555,398,0.09745172230056026,0.19983395285876185,455,0.2441517,-0.053711906,0.031415444,-0.27887523,No reliable edge,-0.6966062,-1.0465803,-1.4666469,0.7285329,No reliable edge,-0.7709125,-0.08084024,-1.0704231,2.259633,No reliable edge,,,pattern,
Candlestick,Candlesticks,Candle: hikkakemod (bullish),1,882,335,336,2017-04-18,2026-09-25,-0.2775759675688316,0.2884905711543478,0.09948743605889855,14.925373134328357,17.232798,-0.34027594,31.167268351383875,30.928913,2.6559618,43.26797385620915,44.615063,8.02034,-0.18752042680602396,-0.8344941299647542,871.0,0.15358765346191994,0.29927802054183944,831.0,-0.22248036503012664,-0.2378709195038304,765,0.2884905711543478,0.6455767235325682,871,-0.23744266,-0.15823999,0.12031802,-0.8561915,No reliable edge,0.6409506,-0.1562908,0.31413683,0.5752465,No reliable edge,-0.3647191,-0.118536696,0.3709685,-4.4310346,No reliable edge,,,pattern,
Candlestick,Candlesticks,Candle: homingpigeon (bullish),1,11597,483,4404,2017-04-05,2026-09-25,-0.050227325340005353,-0.12420565943983676,-0.43560587219493324,17.502183406113538,17.504467,-0.04606994,29.81626828398145,29.670837,2.1110528,42.941945869805814,43.143288,7.4719257,0.009763960525979122,0.1992498438276,11450.0,-0.03878415094457947,-0.3285253626237047,11212.0,-0.24091376340992554,-1.063407537087612,9939,-0.12420565943983676,-1.2954112822161141,11480,0.13160188,-0.066108465,-0.028870303,0.07274219,No reliable edge,0.28053442,-0.24627544,-0.14187776,0.08650579,No reliable edge,0.16231585,-0.5638482,-0.40251842,0.8255268,No reliable edge,,,pattern,
Candlestick,Candlesticks,Candle: identical3crows (bearish),-1,81,65,44,2017-07-27,2026-09-10,1.5148615056395898,1.104991719173857,1.1840441717933385,12.345679012345679,13.754991,1.5021791,11.538461538461538,16.980862,-1.946773,11.594202898550725,17.909002,-3.263828,1.4739350683895158,2.393316556689266,81.0,-0.3666509726108649,-0.2093637596440159,78.0,1.338543656943501,0.4343401358739533,69,1.104991719173857,1.0749423345213307,79,3.2082787,0.74368525,1.3566022,1.3906835,Weak edge,2.300989,-1.5522687,4.454413,-8.305317,No reliable edge,-1.9032007,3.0674736,2.1814978,0.022028446,No reliable edge,,,pattern,
Candlestick,Candlesticks,Candle: inneck (bearish),-1,522,282,228,2017-04-19,2026-09-25,0.11675566624120226,-0.0859823954240309,-0.1841049546548616,12.22879684418146,11.470734,-0.7436324,14.14141414141414,12.927124,-3.3193464,15.602836879432624,13.583983,-6.8280735,-0.006873657012126855,-0.029053049030326048,507.0,-0.04651080044833097,-0.1073834325378481,495.0,0.30234641217170877,0.32386639428750946,423,-0.0859823954240309,-0.22681280308604768,508,0.44164112,-0.22914648,-0.01522427,-0.028884444,No reliable edge,0.6093286,-0.38956532,0.310312,-0.74239177,No reliable edge,1.596559,-0.5758693,1.615419,-0.48186743,No reliable edge,,,pattern,
Candlestick,Candlesticks,Candle: invertedhammer (bullish),1,5482,479,2365,2017-04-06,2026-09-25,-0.014021753127001671,0.03359193353901256,0.2611702313088202,14.777591662013773,15.857649,-0.2201082,27.87704130643612,27.46687,2.9156797,41.18551042810098,40.106113,9.683265,-0.011257420122212989,-0.11881970330937247,5373.0,0.6036660493966138,2.919837889484598,5205.0,1.6669769655598243,3.906564341384009,4555,0.03359193353901256,0.22707469171968545,5378,-0.042922173,0.006093885,0.026867626,-0.10461137,No reliable edge,0.90148616,0.4303148,0.57060105,0.8618589,Weak edge,2.166418,1.3043665,1.3215779,2.56557,Works (significant),,,pattern,
Candlestick,Candlesticks,Candle: ladderbottom (bullish),1,1250,408,513,2017-04-06,2026-09-15,0.28538628033190083,0.09542517735245058,-0.16994846718214257,18.225806451612904,16.575224,-0.3554888,28.488852188274155,27.639782,1.6054609,39.03381642512077,40.409775,5.12949,-0.1872298086843183,-1.2173396423121068,1240.0,0.1109967534941745,0.3026856630045485,1211.0,-1.4519196293780192,-1.9649427890856905,1035,0.09542517735245058,0.3496401799251378,1245,-0.3064126,-0.11423227,-0.12012434,-0.58222085,No reliable edge,0.5388902,-0.16420202,-0.08791584,-0.034556728,No reliable edge,-1.0760335,-1.7707516,-1.5313067,-4.244014,No reliable edge,,,pattern,
Candlestick,Candlesticks,Candle: longleggeddoji (bullish),1,107504,495,43804,2017-04-05,2026-09-25,0.035202768342477604,0.03948667773041525,0.11495746674767063,16.650013197089102,16.74531,-0.08983574,29.02634793229803,28.797686,2.0467563,42.35754867891224,42.11811,7.360011,0.028463495761613437,1.7970609804565574,106084.0,0.09416499030916167,2.5539152433713803,103158.0,0.09230442462697887,1.2050317886120967,90645,0.03948667773041525,1.3803563781584371,106171,0.04021098,0.021761581,0.0266873,0.0494694,No reliable edge,0.15639447,0.056739587,0.09918596,0.1542515,Weak edge,0.1703047,0.034014348,0.00090283644,0.55614114,No reliable edge,,,pattern,
Candlestick,Candlesticks,Candle: longline (bearish),-1,87367,493,37144,2017-04-05,2026-09-25,-0.0052395980581671974,0.039592567543087924,0.11855593773703044,11.313427282451979,12.040278,-0.58075935,14.10767517868046,14.531323,-2.5229578,15.900140453306161,16.064762,-5.5494537,-0.0499023789500343,-2.433036375931608,86004.0,-7.314843789750416e-05,-0.0016766779039256794,83529.0,0.028697967004015657,0.3763765123324142,72622,0.039592567543087924,1.0045679306027657,86135,0.0021035706,-0.07894011,0.0069992472,-0.15564796,No reliable edge,0.09295105,-0.054853223,0.052774616,-0.16087082,No reliable edge,0.17500399,-0.080270514,0.12058131,-0.2620107,No reliable edge,,,pattern,
Candlestick,Candlesticks,Candle: longline (bullish),1,53102,492,22020,2017-04-05,2026-09-25,-0.040412809238949514,-0.06395193853005177,-0.13037358760921625,17.739033912577508,17.221754,-0.033698414,29.28993502031842,29.086033,1.9474163,42.442121320890166,42.07735,7.0872927,-0.04532221759304668,-1.6567461993111476,52252.0,-0.1840212297429278,-2.8328850526158456,50939.0,-0.2664417012167422,-2.0718970712076166,44576,-0.06395193853005177,-1.3271163067428293,52429,-0.07248796,-0.030469595,-0.024736239,-0.15662055,No reliable edge,-0.14881729,-0.20424505,-0.13821064,-0.4898259,Weak - tends to fail,0.0034901658,-0.45985007,-0.2331275,-0.80998254,No reliable edge,,,pattern,
Candlestick,Candlesticks,Candle: marubozu (bearish),-1,11003,484,5203,2017-04-05,2026-09-25,0.02712878183445868,0.16563070527207185,0.18558729058423962,9.94618667656337,11.55619,-0.65784216,12.425062850512473,13.860538,-2.9296832,14.9586961375307,15.215384,-6.1893167,-0.10713096982496173,-1.9181536248061253,10778.0,-0.1937746170802311,-1.5915814350706596,10342.0,-0.08866435700587115,-0.38106752018537804,8958,0.16563070527207185,1.5443057603640513,10749,-0.024876773,-0.14802384,-0.014243769,-0.2701824,No reliable edge,-0.16021998,-0.21170692,-0.046664014,-0.75713015,No reliable edge,-0.023788285,-0.1323554,0.3244587,-1.7361248,No reliable edge,,,pattern,
Candlestick,Candlesticks in context,"Candle: hangingman (bearish, after a rise)",-1,4225,462,1889,2017-04-05,2026-09-25,-0.12249117799411857,-0.07984663337458892,-0.497043717501921,11.842105263157894,10.345034,-0.6178404,13.997042878265157,12.633358,-2.9867322,14.43210930828352,13.803824,-6.7216635,0.021028379960493608,0.24685923355867204,4180.0,0.0010418839029281111,0.005622935978726938,4058.0,0.006079848322337623,0.01891104096668931,3513,-0.07984663337458892,-0.3710983185721835,4196,0.11909125,-0.02210847,-0.040660474,0.517571,No reliable edge,0.009555776,-0.0028989306,-0.07922664,0.66862166,No reliable edge,-0.9567017,0.5620462,-0.59675694,2.863141,No reliable edge,,,pattern,
Candlestick,Candlesticks in context,"Candle: harami (bearish, after a rise)",-1,8977,482,3757,2017-04-05,2026-09-25,0.12835895578633308,0.1574010469991102,-0.20510942188150574,12.181591758179554,12.235044,-0.49750072,15.603003284842798,15.396706,-2.2943306,16.77568819841919,17.499264,-5.3853908,-0.1086009597907881,-1.9025145090016462,8833.0,-0.13069544505312206,-1.0252153382155402,8524.0,-0.553450361133824,-2.5112593966871146,7338,0.1574010469991102,1.4469026688696043,8848,-0.08234637,-0.12308896,-0.13763164,0.22296152,No reliable edge,-0.058940165,-0.17283998,-0.21618374,0.4086438,No reliable edge,-0.71311134,-0.43296018,-0.65352935,0.12378023,Weak - tends to fail,,,pattern,
Candlestick,Candlesticks in context,"Candle: harami (bullish, after a decline)",1,18034,486,7844,2017-04-06,2026-09-25,-0.11042822271540183,-0.18581199249948657,-0.5059292807033515,15.600315955766192,16.792192,-0.07737587,27.598441226080382,28.118477,1.6831949,39.16244511989193,40.525185,6.008665,-0.06441634687605789,-1.3267135136487218,17724.0,-0.24495519388341186,-2.2678775798245585,17193.0,-0.8805626134540696,-4.276951423087815,14805,-0.18581199249948657,-2.1149293502847577,17709,-0.10246259,-0.04348659,-0.110525936,-0.0009039703,No reliable edge,-0.30642575,-0.20922503,-0.45607078,-0.07914314,Weak - tends to fail,-0.9204263,-0.8508459,-1.0370796,-0.46940485,Works in reverse (fade it),,,pattern,
Candlestick,Candlesticks in context,"Candle: haramicross (bearish, after a rise)",-1,2851,454,1168,2017-04-05,2026-09-24,0.06794971628446607,0.11252816571368984,-0.555103022084766,12.522297538351765,12.486212,-0.44819254,16.451493913684985,15.948857,-2.1584244,18.417694598043386,18.25631,-4.780091,-0.09046493459504883,-0.9208701534806518,2803.0,-0.17592200684134082,-0.853614862819171,2711.0,-0.36350337539212035,-1.023425422079364,2351,0.11252816571368984,0.5957060923219089,2807,-0.2971971,0.025088897,-0.13951676,0.015246131,No reliable edge,-0.36901107,-0.061813634,-0.37074015,0.44027042,No reliable edge,-1.1720377,0.24229582,-0.5532754,-0.048565075,No reliable edge,,,pattern,
Candlestick,Candlesticks in context,"Candle: haramicross (bullish, after a decline)",1,6375,473,2661,2017-04-06,2026-09-25,-0.1284608974671952,-0.1974628258094865,-0.4666828716548005,15.567240280433397,16.736233,-0.1417096,27.145905137042508,28.140688,1.5139575,39.89774663889415,40.853542,6.2460465,-0.0842204242849745,-1.228046440192311,6276.0,-0.38764702931386424,-2.1829605400378287,6093.0,-0.7289946602501893,-2.1222810751582997,5281,-0.1974628258094865,-1.5754116373781453,6257,-0.13035935,-0.057217658,-0.1469393,0.13309196,No reliable edge,-0.49311802,-0.3223408,-0.77392685,0.22370034,Weak - tends to fail,-0.5515206,-0.86922926,-0.7626693,-0.7284948,Weak - tends to fail,,,pattern,
Candlestick,Candlesticks in context,"Candle: highwave (bearish, after a rise)",-1,21006,487,8173,2017-04-05,2026-09-25,0.03554986608179087,0.08739109532721764,-0.040313002779157336,12.135782286758342,11.415179,-0.5316694,15.102704300280775,14.221665,-2.315555,16.629858657243815,16.148409,-5.489546,-0.07378407920458097,-1.8476644908504611,20798.0,0.08116861618385486,1.019006387556838,20301.0,0.012854173410907652,0.0894165569731905,18112,0.08739109532721764,1.1770178333780006,20860,-0.08631594,-0.06651065,-0.11891647,0.3213175,No reliable edge,0.2506578,-0.021729771,-0.074162304,0.7277897,No reliable edge,0.05356042,-0.017093292,-0.1240015,1.1020296,No reliable edge,,,pattern,
Candlestick,Candlesticks in context,"Candle: highwave (bullish, after a decline)",1,16441,489,7086,2017-04-05,2026-09-25,-0.11725566456370347,-0.1455972291631041,-0.5113895454847381,15.674000619770684,16.26289,-0.123175055,26.365445093382966,27.45514,1.6914748,38.30723340790455,39.586933,5.977198,-0.033559428836525795,-0.6922399655209326,16135.0,-0.2976615900375457,-2.6758170926472786,15581.0,-0.9308820230937733,-3.970948604317024,13410,-0.1455972291631041,-1.6779599874942657,16087,-0.014190289,-0.04470397,-0.04837162,0.035190385,No reliable edge,-0.3563086,-0.26161647,-0.38249978,-0.07652461,Weak - tends to fail,-1.5567166,-0.4336815,-1.1361506,-0.33195728,Works in reverse (fade it),,,pattern,
Candlestick,Candlesticks in context,"Candle: hikkake (bearish, after a rise)",-1,23980,487,9134,2017-04-05,2026-09-25,-0.10730144612349118,-0.11333301355914006,-0.22057079511748026,11.91698939215356,11.130028,-0.5005243,14.368806548901336,14.066498,-2.4670444,15.684104143606525,15.991102,-5.828175,0.023650411364004094,0.6226309623650815,23756.0,-0.04300542631728646,-0.5669918076578517,23210.0,-0.23755692345637422,-1.6937637345986136,20779,-0.11333301355914006,-1.5219171714548518,23819,0.07547645,-0.0067117633,0.013947534,0.18043326,No reliable edge,0.019261038,-0.08114921,-0.08209179,0.4510361,No reliable edge,-0.21371643,-0.25515705,-0.4219895,1.0019171,No reliable edge,,,pattern,
Candlestick,Candlesticks in context,"Candle: hikkake (bullish, after a decline)",1,19332,488,8679,2017-04-05,2026-09-25,-0.0692083861408702,-0.1435754788718712,-0.45012388459243163,15.006325110689437,16.305628,-0.2233354,26.525372808215437,27.365742,1.8694535,38.692219533936075,39.821644,6.7403407,-0.0038672110814724496,-0.08671793008600574,18972.0,0.03995051534782631,0.3466778553665248,18307.0,-0.2159556111119954,-0.9866784505027738,15706,-0.1435754788718712,-1.649518554592401,18915,-0.006316074,-0.0025333194,-0.014403247,-0.09049997,No reliable edge,0.23271874,-0.072611585,-0.01746872,-0.12026811,No reliable edge,-0.34530565,-0.118365124,-0.16962351,-0.5786567,No reliable edge,,,pattern,
Candlestick,Candlesticks in context,"Candle: hikkakemod (bearish, after a rise)",-1,188,149,84,2017-05-10,2026-09-03,0.7483492410949808,0.8477679112637266,-0.10383665500270141,12.903225806451612,12.603493,-0.5737583,16.483516483516482,15.627852,-2.3937705,19.10828025477707,18.655106,-5.17119,-0.07092174406974547,-0.17960061175894387,186.0,-0.42093993805267,-0.46688679754657636,182.0,-1.5814020436280851,-0.9333406201931417,157,0.8477679112637266,1.1530740178912824,187,-0.5556158,0.24932253,-0.25105074,0.052544635,No reliable edge,-0.30224496,-0.502268,-0.60427773,-1.0941747,No reliable edge,-2.0030015,-1.2055181,-0.92573076,-1.8594317,No reliable edge,,,pattern,
Candlestick,Candlesticks in context,"Candle: hikkakemod (bullish, after a decline)",1,312,214,124,2017-05-29,2026-08-27,-0.3912672612410134,0.28208466940738547,0.7661292540384519,13.782051282051283,17.353363,-0.21888694,32.21476510067114,30.77177,3.4377093,42.066420664206646,44.048317,8.076217,-0.24576808244754106,-0.7704025539877147,312.0,0.556244254912306,0.7065549772724717,298.0,-0.8037575021441132,-0.5439896635856709,271,0.28208466940738547,0.5125795217324043,312,-0.37128615,-0.17350014,-0.032205876,-0.32917172,No reliable edge,1.4631373,-0.0056351707,0.518702,2.6629586,No reliable edge,0.5951407,-1.8195181,-1.3794373,0.4206638,No reliable edge,,,pattern,
Candlestick,Candlesticks in context,"Candle: homingpigeon (bullish, after a decline)",1,5807,473,2398,2017-04-10,2026-09-25,-0.18885297889614944,-0.34036190780509584,-0.9552618789149584,15.964329428221715,17.169506,-0.023667548,28.287707997852923,28.784138,1.8508741,40.03332639033535,41.217865,6.5222125,-0.06865119433815735,-0.9534839794837674,5719.0,-0.32980637713309624,-1.8983154955868984,5589.0,-0.8257977565708967,-2.5329498728724937,4801,-0.34036190780509584,-2.389706589735292,5733,0.014889963,-0.11625796,-0.15070507,0.15651397,No reliable edge,-0.1477067,-0.4384108,-0.68590033,0.2184619,No reliable edge,-0.3060527,-1.2264864,-1.4106001,0.82402194,Weak - tends to fail,,,pattern,
Candlestick,Candlesticks in context,"Candle: identical3crows (bearish, after a rise)",-1,3,3,2,2023-10-31,2024-05-22,1.2020711476604145,4.08569872379303,7.145043710867564,33.33333333333333,15.202546,0.5168187,0.0,5.514553,-9.905197,0.0,6.5142035,-2.8662567,1.036835511525472,,3.0,-3.964715003967285,,3.0,8.148330052693685,,3,4.08569872379303,,3,,1.0368353,-1.0256286,,Too few events,,-3.964715,0.3188392,,Too few events,,8.14833,22.59098,,Too few events,,,pattern,
Candlestick,Candlesticks in context,"Candle: inneck (bearish, after a rise)",-1,101,84,45,2017-04-19,2026-09-25,-0.3399581965251067,0.7773012086057786,-1.1666735893997706,12.631578947368421,10.926812,-0.47564006,15.789473684210526,15.355796,-2.6882567,11.25,14.3124075,-7.93196,0.32635319358424136,0.6187297769241016,95.0,-0.10120078638980264,-0.09639607779578359,95.0,-1.332451343536377,-0.6962599202367645,80,0.7773012086057786,0.7719097027359675,97,1.5612211,-0.3008813,0.18626249,0.10250229,No reliable edge,1.25579,-0.79046595,-0.1765064,0.3947782,No reliable edge,-1.4500053,-1.2540821,-0.7630737,10.134908,No reliable edge,,,pattern,
Candlestick,Candlesticks in context,"Candle: invertedhammer (bullish, after a decline)",1,2888,469,1301,2017-04-06,2026-09-25,-0.1401466916819383,-0.07970165180085395,-0.2637469867906857,14.275568181818182,15.957422,-0.11312738,25.82659808963997,27.154648,2.702469,39.234042553191486,39.417965,9.877806,-0.005764227699149738,-0.039358600471025906,2816.0,0.17374546294874518,0.5279396364683965,2722.0,1.5099549119015958,2.20103452357801,2350,-0.07970165180085395,-0.36574250744284126,2815,-0.07275766,0.027750347,0.023033045,0.05568223,No reliable edge,0.6113432,-0.05934432,-0.13873963,0.76828617,No reliable edge,2.1016514,1.1112763,0.7763786,2.7337463,Weak edge,,,pattern,
Candlestick,Candlesticks in context,"Candle: ladderbottom (bullish, after a decline)",1,635,327,271,2017-04-06,2026-09-15,0.26824299307769217,-0.0887358190729047,-0.07655815051209187,16.03174603174603,16.067747,-0.39526144,26.677577741407525,26.88169,1.8402271,37.57455268389662,39.564167,5.2011657,-0.36596766880580356,-1.5864365114338086,630.0,0.08673242422250602,0.17489272365926956,611.0,-1.949887588531312,-1.7875021431963163,503,-0.0887358190729047,-0.24509651513926156,632,-0.5826361,-0.25607842,-0.600046,-0.14909826,No reliable edge,1.096386,-0.45360982,-0.6957319,0.2919027,No reliable edge,-1.3684183,-2.3769665,-2.5340936,-4.044842,No reliable edge,,,pattern,
Candlestick,Candlesticks in context,"Candle: longleggeddoji (bullish, after a decline)",1,35364,494,15452,2017-04-05,2026-09-25,-0.08281018623123264,-0.08363738031294782,-0.3685436783561822,15.045723816644617,16.123135,-0.15051773,26.625719311845913,27.46412,1.9023302,39.0625,39.930996,6.6858225,-0.03117668198806939,-0.8781560743278642,34774.0,-0.06900789560055084,-0.7586514633079386,33539.0,-0.36394429206848145,-2.043477706683453,28672,-0.08363738031294782,-1.260112612247798,34621,-0.06586691,-0.011943615,-0.05686902,0.11782812,No reliable edge,-0.06852464,-0.06929373,-0.19416028,0.4169666,No reliable edge,-0.57101464,-0.20445779,-0.8001421,0.56110156,Weak - tends to fail,,,pattern,
Candlestick,Candlesticks in context,"Candle: longline (bearish, after a rise)",-1,19917,487,7620,2017-04-05,2026-09-25,0.061878160729216765,0.03961745191119488,-0.12744395156834623,11.135913956673939,11.587755,-0.51061493,13.553341635533418,13.679626,-2.6182096,15.718407386035777,15.961771,-6.0383177,-0.06245469197878088,-1.5877886491795652,19711.0,-0.06568427935038527,-0.7604769336559608,19272.0,-0.33020877474935084,-2.164205794073322,17330,0.03961745191119488,0.499656174278678,19778,-0.057893775,-0.065162554,-0.017851157,-0.09074846,No reliable edge,0.102777734,-0.17022933,-0.19049089,0.76597184,No reliable edge,-0.3380371,-0.32439697,-0.4835989,0.6142322,Weak - tends to fail,,,pattern,
Candlestick,Candlesticks in context,"Candle: longline (bullish, after a decline)",1,8468,483,4045,2017-04-05,2026-09-25,-0.08440754133439402,-0.15750386561838745,-0.1909914001938815,15.730880929332042,16.52479,0.13499057,26.923553463015736,27.473005,2.3478389,38.390771028037385,38.990215,7.189796,0.01635397092185893,0.2339781629744367,8264.0,-0.10060916882201709,-0.5691541040201771,8071.0,-0.19187244522237332,-0.5578956137674267,6848,-0.15750386561838745,-1.2982301606987352,8276,0.07882229,-0.013959556,-0.019457143,-0.0377054,No reliable edge,0.020284887,-0.16185737,-0.2728219,0.07102006,No reliable edge,-0.8161752,0.2187377,-0.5974251,0.19477895,No reliable edge,,,pattern,
Candlestick,Candlesticks in context,"Candle: marubozu (bearish, after a rise)",-1,2182,442,965,2017-04-05,2026-09-24,0.02153035138052376,0.10376315773367771,0.07369883170033677,8.937763219466541,10.79931,-0.7166652,11.69142309535218,12.741448,-3.1652393,15.736310473152578,15.085358,-6.3129845,-0.20991553956791795,-1.7747622711400832,2137.0,-0.42334531264037795,-1.5855665843660216,2087.0,-0.2800548985434111,-0.5966682327947869,1881,0.10376315773367771,0.4483642348030471,2161,0.10259507,-0.3680428,-0.23970073,-0.015582032,No reliable edge,-0.01969835,-0.64140403,-0.62315845,1.163821,No reliable edge,-0.93902653,0.13975994,-0.3068944,2.3249354,No reliable edge,,,pattern,
Candlestick,Candlesticks,Candle: marubozu (bullish),1,5076,468,2474,2017-04-05,2026-09-25,-0.07960408075949375,-0.11308016357290812,-0.2117451321876593,16.25153123723969,17.110296,-0.08340972,27.3511466442247,28.924072,1.7751776,40.380906460945035,41.68376,7.2085085,-0.14938955123982364,-1.6444947518075919,4898.0,-0.5301228849706764,-2.64770975239083,4753.0,-0.5421425093795202,-1.3010120502857156,4148,-0.11308016357290812,-0.7549965499307123,4952,-0.29713157,-0.08906935,-0.23253238,-0.21932673,No reliable edge,-0.5121933,-0.5379627,-0.28313595,-1.1207035,Weak - tends to fail,0.024461798,-0.8463329,-0.07487172,-1.5643647,No reliable edge,,,pattern,
Candlestick,Candlesticks,Candle: matchinglow (bullish),1,20876,488,8074,2017-04-05,2026-09-25,0.17863737802902022,0.22370753432368723,0.3614299994338642,16.872368229998546,16.962246,-0.029941078,29.94878424742678,29.368055,2.3335123,43.69083416861566,43.23906,7.99138,0.10154528336524733,2.6230833156654882,20661.0,0.38388950601505395,3.9697958608026824,20111.0,0.4062488308222658,2.2718838539833417,17958,0.22370753432368723,3.1546360660691497,20655,0.14112142,0.077135004,0.08935254,0.03586747,Weak edge,0.49258217,0.31346726,0.35293585,0.47245142,Works (significant),-0.12863587,0.8272264,0.12503356,1.6041411,No reliable edge,,,pattern,
Candlestick,Candlesticks,Candle: mathold (bullish),1,34,33,10,2017-05-12,2026-08-14,-1.1911998547421878,1.15959493936423,3.753019107336348,2.941176470588235,17.446745,-1.3938675,30.303030303030305,28.782507,-0.9916067,46.875,41.574455,6.106145,-1.47216235890108,-1.8860510484260733,34.0,-2.767833131732363,-1.4413040486295552,33.0,0.6267542243003845,0.1759288352651425,32,1.15959493936423,0.6849314710858934,34,-0.8462182,-1.9663289,-2.0919275,-4.2379436,Too few events,0.66854614,-5.6314826,-4.278544,-9.650425,Too few events,3.791574,-2.1657343,1.3166591,-17.219696,Too few events,,,pattern,
Candlestick,Candlesticks,Candle: morningdojistar (bullish),1,914,367,398,2017-04-07,2026-09-23,-0.42758669770089386,-0.7829404762753055,-1.246617139221575,17.732884399551065,17.443155,-0.24990293,27.654609101516918,27.921278,1.2958479,38.17204301075269,39.725727,4.866069,-0.3174690905912423,-1.6674586356774848,891.0,-0.6215051853531578,-1.4852798703197974,857.0,-1.8061467652679772,-2.1501115118693517,744,-0.7829404762753055,-2.580099935047891,883,-0.09868331,-0.4449322,-0.3125278,-0.5687602,No reliable edge,-0.21140957,-0.8783013,-0.7546224,-1.3138164,No reliable edge,-0.26726803,-3.0327892,-1.9221139,-3.990266,Weak - tends to fail,,,pattern,
Candlestick,Candlesticks,Candle: morningstar (bullish),1,2653,459,1200,2017-04-07,2026-09-23,-0.20460798307875816,-0.4673290171571803,-0.7066806829556751,18.50135187331016,17.473192,-0.0593373,26.970788315326132,28.32577,1.7035264,40.114887505983724,40.436367,6.660828,-0.15024357718728876,-1.3059771501513913,2589.0,-0.4110348729335484,-1.5926252808757766,2499.0,-0.4135031035894866,-0.8540827687850195,2089,-0.4673290171571803,-2.705698332837447,2594,-0.16444299,-0.14233701,-0.14040078,-0.23599847,No reliable edge,-0.6541641,-0.2659341,-0.43331194,-0.5686731,No reliable edge,-0.076607704,-0.6864642,-0.48905632,-1.7492902,No reliable edge,,,pattern,
Candlestick,Candlesticks,Candle: onneck (bearish),-1,997,387,455,2017-04-07,2026-09-25,0.13717670672767726,0.40738850074395855,0.06437712885679549,11.05424769703173,12.0595875,-0.8768429,12.407991587802314,13.624762,-3.3115268,14.111922141119221,14.78245,-6.217148,-0.23960250182918053,-1.326008636701083,977.0,-0.10561503220807866,-0.27803205741279724,951.0,0.402360530955368,0.5378979031202464,822,0.40738850074395855,1.2858751167077969,981,-0.6709179,-0.0009733103,-0.42576286,0.1360262,No reliable edge,-0.31550685,0.017171688,-0.8993937,0.6076474,No reliable edge,1.2124182,-0.20734178,-0.6623868,0.877566,No reliable edge,,,pattern,
Candlestick,Candlesticks,Candle: outside_bear,-1,19487,487,8091,2017-04-05,2026-09-25,-0.09289841233794516,-0.1057585347831557,-0.09058196386907569,11.586322283802154,12.337353,-0.59373486,14.094859963515399,14.663415,-2.6364465,15.39210910862153,15.539596,-5.9298754,-0.04485434253233491,-1.1745838943467275,19126.0,-0.11203914298073828,-1.5138495514989772,18638.0,-0.04397202467140313,-0.3048082545123103,16424,-0.1057585347831557,-1.561459514287134,19202,-0.07089469,-0.031069996,-0.005809719,-0.11453685,No reliable edge,-0.21868749,-0.052615803,-0.05554876,-0.20539846,No reliable edge,0.0806953,-0.12943773,-0.079973966,-0.32711112,No reliable edge,,,pattern,
Candlestick,Candlesticks,Candle: outside_bull,1,15369,487,6619,2017-04-05,2026-09-25,-0.2044585235694635,-0.23320596867143156,-0.21003174812386405,17.480617586641046,17.09257,-0.32508007,28.633909656256407,28.775486,1.457581,41.30860139312828,41.702282,6.42251,-0.16395635682588133,-3.187377223968617,15091.0,-0.35079852820892843,-2.8265961701621922,14633.0,-0.4465576420276669,-2.0222623132969395,12777,-0.23320596867143156,-2.5601530069471266,15111,-0.2899205,-0.097070254,-0.115799874,-0.090883076,Works in reverse (fade it),-0.44840574,-0.29548427,-0.17336963,-0.23521374,Weak - tends to fail,-0.4180503,-0.46677783,-0.54158187,-0.7273002,Weak - tends to fail,,,pattern,
Candlestick,Candlesticks,Candle: piercing (bullish),1,1401,412,627,2017-04-19,2026-09-25,-0.23084237880664688,0.04159606814818718,0.23259943106299635,15.457184325108852,17.40504,-0.24778853,28.044280442804425,27.981113,2.61781,40.562913907284766,40.141945,9.042143,-0.3195731241921036,-2.092726268744863,1378.0,0.3566213459986162,0.9577887564823006,1355.0,1.1135436809615584,1.4540374142561925,1208,0.04159606814818718,0.15233992247157996,1379,-0.43668714,-0.26031217,-0.27829057,-0.6650152,Weak - tends to fail,0.8519483,0.09442232,0.1986644,0.33433926,No reliable edge,2.4211762,0.2836659,0.81833327,1.1164114,No reliable edge,,,pattern,
Candlestick,Candlesticks,Candle: pin_bear,-1,39551,491,16343,2017-04-05,2026-09-25,-0.10344154009601553,-0.2076814999579605,-0.4109735990070518,11.44885562703437,11.823038,-0.5239413,13.462556932528333,13.909067,-2.7572289,15.063929407527462,15.578163,-6.2538295,-0.01145081447119605,-0.3689483301281765,39017.0,-0.1226709020578461,-1.9719013097021376,37764.0,-0.35818535119905154,-3.144177019467256,33318,-0.2076814999579605,-3.6896206805976965,38982,0.004500996,-0.020062575,0.05172992,-0.15757878,No reliable edge,-0.13624509,-0.1149119,-0.0716023,-0.25920498,No reliable edge,-0.40087795,-0.32817507,-0.24305452,-0.37827018,Works in reverse (fade it),,,pattern,
Candlestick,Candlesticks,Candle: pin_bull,1,30215,488,14091,2017-04-05,2026-09-25,-0.11153024152714823,-0.12087869439866111,-0.1662124639663652,16.776482513938166,17.028301,-0.09440046,28.860063986646267,28.984087,1.8997309,42.304540239305034,42.1992,7.0425515,-0.019459841238886427,-0.5568270350639646,29595.0,-0.16569441146521596,-1.9465297136892898,28756.0,-0.2832107681502008,-1.5910726812882168,24404,-0.12087869439866111,-1.8248842156947205,29739,0.022417111,-0.038499497,0.03766422,-0.05550101,No reliable edge,0.120253064,-0.30381632,-0.049411863,-0.19595432,No reliable edge,0.19925372,-0.58448213,-0.12699687,0.21292078,No reliable edge,,,pattern,
Candlestick,Candlesticks,Candle: rickshawman (bullish),1,84316,494,34005,2017-04-05,2026-09-25,0.043655162399272335,0.0212597840167595,0.07024146561052656,16.605046455237318,16.721722,-0.07400949,28.8608001184995,28.764353,2.0371404,42.1958098873188,42.051933,7.2549553,0.04723599145207128,2.503481186721811,83306.0,0.10546831604186982,2.452464195112011,81013.0,0.04360570546667801,0.5146499044445283,71263,0.0212597840167595,0.6633897602236196,83313,0.05635845,0.041934483,0.03981971,0.08182527,Weak edge,0.12825024,0.091532946,0.10521355,0.1374744,Weak edge,0.023723152,0.05871155,-0.09979686,0.5271759,No reliable edge,,,pattern,
Candlestick,Candlesticks,Candle: risefall3methods (bearish),-1,72,66,30,2017-05-18,2026-09-24,0.09442830366462888,0.35197505727410316,3.8244193885475397,11.594202898550725,15.351243,-0.4798526,16.417910447761194,14.023207,-1.6543534,12.244897959183673,13.153593,-7.5429935,-0.30837528947470844,-0.5180597345401419,69.0,1.2416823657590952,1.2069741499449569,67.0,-0.47490069330955037,-0.19537732519778028,49,0.35197505727410316,0.2956671449479096,70,-0.39258024,-0.25746062,-1.6567693,1.2136198,No reliable edge,0.96177316,1.4191859,0.18860252,1.3567693,No reliable edge,-1.8410484,1.0694401,2.6515126,-6.02229,Too few events,,,pattern,
Candlestick,Candlesticks,Candle: risefall3methods (bullish),1,171,138,66,2017-04-25,2026-09-23,-0.5564158813361101,-0.7359718800728728,1.900828613433987,20.35928143712575,18.449928,0.094262965,32.5,28.797876,1.5823023,36.3013698630137,40.37381,4.4059796,-0.04467540444014315,-0.0993407169870187,167.0,0.24049749374389648,0.23537810557960964,160.0,-1.2872404333663314,-0.7249499222382381,146,-0.7359718800728728,-0.9555137530142024,167,0.18387511,-0.18668737,-0.117667004,1.5390183,No reliable edge,0.26731807,0.22214659,0.27099597,-0.90700245,No reliable edge,-0.5101024,-1.9108696,-3.1715024,8.668486,No reliable edge,,,pattern,
Candlestick,Candlesticks,Candle: separatinglines (bearish),-1,1328,407,659,2017-04-13,2026-09-24,-0.007024946251448772,-0.0024597026590644057,-0.16546504017041655,9.44574551131928,11.712294,-0.7103988,13.651315789473683,14.84086,-2.5504577,15.708418891170432,16.04364,-5.411003,-0.14478511050936768,-1.0181046929128958,1281.0,0.03905955427571347,0.12199357189614762,1216.0,0.016294190526253388,0.024767138244771718,974,-0.0024597026590644057,-0.00865006339980472,1283,0.0014809209,-0.21314313,-0.4928051,0.12835707,No reliable edge,-0.1097914,0.11617956,-0.4927881,0.7363845,No reliable edge,-0.33698842,0.27967334,-1.4905857,1.5348797,No reliable edge,,,pattern,
Candlestick,Candlesticks,Candle: separatinglines (bullish),1,2206,434,890,2017-04-10,2026-09-25,-0.0352925742163901,0.023762509749414747,0.08665958927874991,18.006430868167204,17.299488,-0.13592185,30.330188679245285,29.51265,1.8887365,42.88804759329367,43.26456,7.351704,-0.12598001097230996,-1.1221742434064856,2177.0,-0.19745608635668485,-0.704705391095067,2120.0,-0.28846729994464915,-0.5204609758889724,1849,0.023762509749414747,0.11410935568380264,2183,-0.17890115,-0.09541616,-0.19344476,-0.05373983,No reliable edge,-0.4943867,-0.017136535,-0.02857463,0.44913134,No reliable edge,0.31924656,-0.75295085,-0.38005602,-0.58868134,No reliable edge,,,pattern,
Candlestick,Candlesticks,Candle: shootingstar (bearish),-1,9001,480,3581,2017-04-05,2026-09-25,-0.18436855100360472,-0.22273493845735137,-0.176854683733534,10.852189575593831,10.625441,-0.5885504,12.14985590778098,12.46927,-2.9649024,13.636946760744067,14.268653,-6.1832705,0.0358014925366571,0.6128610321031429,8883.0,-0.06824942728971542,-0.50594020343838,8675.0,0.051264484789678884,0.19337656024229744,7795,-0.22273493845735137,-1.8258593061748338,8920,0.043594096,0.0314286,0.10108647,0.19634421,No reliable edge,-0.061490063,-0.072215766,-0.07608164,0.47871092,No reliable edge,-0.25190812,0.26351836,0.19319464,1.7687904,No reliable edge,,,pattern,
Candlestick,Candlesticks,Candle: shortline (bearish),-1,70796,494,28296,2017-04-05,2026-09-25,-0.03999378069850437,-0.08549486827527442,-0.16493061547885177,10.012412081092263,11.2096815,-0.5637265,13.165126155383463,13.961464,-2.6974938,14.638710852751693,15.497076,-6.134734,-0.07336091229910618,-2.982872612748265,70093.0,-0.16305138161544283,-3.034304471992174,68051.0,-0.2752289562838476,-2.726458494810622,60381,-0.08549486827527442,-1.8467796178883469,70032,-0.061219566,-0.08050271,-0.046343487,-0.17802116,Weak - tends to fail,-0.22956069,-0.12184179,-0.09777838,-0.56031466,Works in reverse (fade it),-0.3189217,-0.24209328,-0.10672966,-0.82044244,Weak - tends to fail,,,pattern,
Candlestick,Candlesticks,Candle: shortline (bullish),1,43734,491,17583,2017-04-05,2026-09-25,-0.0039884252059763006,-0.005857925949450586,0.007238473508051155,15.995455704713546,16.587997,-0.033822693,28.503411028993746,28.631996,2.0776122,41.67602845985128,42.020046,7.4988065,0.032423925212941386,1.0911932092841374,43131.0,0.037639523221164664,0.5243358903442938,42216.0,-0.011030277649523301,-0.07856341831286245,37386,-0.005857925949450586,-0.10660364484530281,43301,0.060251087,0.016261447,0.045259207,0.12991147,No reliable edge,0.27877736,-0.10904218,0.000665796,0.113473,No reliable edge,0.0035676006,-0.021924311,-0.20751822,0.43722585,No reliable edge,,,pattern,
Candlestick,Candlesticks,Candle: spinningtop (bearish),-1,88634,496,35629,2017-04-05,2026-09-25,-0.01740614173240204,-0.0167332180886,-0.026815167184191812,11.916216247100364,11.797436,-0.5584374,14.460265989943135,14.324098,-2.5395947,16.019670466238157,15.964179,-5.600551,-0.04885287077303139,-3.0611565392104536,87511.0,-0.03958675295424039,-1.0858928848471654,85116.0,0.00532619233722923,0.08006296667957744,74833,-0.0167332180886,-0.4949852144659701,87559,-0.06441238,-0.039780896,-0.057685614,-0.018304482,Works in reverse (fade it),0.004090004,-0.066397674,-0.067124054,-0.0075430926,No reliable edge,0.07561181,-0.048390534,0.03377671,0.0867024,No reliable edge,,,pattern,
Candlestick,Candlesticks,Candle: spinningtop (bullish),1,86266,496,35014,2017-04-05,2026-09-25,-0.010470013184068738,-0.026590579460419813,0.015282125202939699,17.170423296589654,16.97796,-0.07779622,29.141022856177447,28.913849,1.9505452,42.1906554381723,42.0506,7.05563,7.814261250219427e-05,0.003926949273431516,85094.0,-0.028881901343358555,-0.6544010389800589,82866.0,-0.13666577030041488,-1.6721502172689735,72791,-0.026590579460419813,-0.8067124438613632,85211,0.04118473,-0.023468317,0.017977683,-0.059381716,No reliable edge,0.022422891,-0.05977151,0.021777375,-0.16011643,No reliable edge,-0.048432127,-0.20274031,-0.051846586,-0.32211187,No reliable edge,,,pattern,
Candlestick,Candlesticks,Candle: stalledpattern (bearish),-1,408,238,208,2017-05-17,2026-09-22,-0.02601691272242793,-0.23336252405096103,0.8982595744041296,13.118811881188119,9.31406,-0.74935454,13.881748071979436,12.771562,-2.7546206,14.545454545454545,13.864536,-6.4561844,0.15102195739746094,0.5742178980806008,404.0,0.29679925521419104,0.5737632724352273,389.0,-0.14902042042125355,-0.149732556407304,330,-0.23336252405096103,-0.4265387863613084,404,0.18816629,0.13624133,0.1346271,-0.51930153,No reliable edge,1.5713316,-0.23813225,0.5933357,-1.3949871,No reliable edge,2.6307263,-1.6358619,1.523065,-3.835739,No reliable edge,,,pattern,
Candlestick,Candlesticks in context,"Candle: marubozu (bullish, after a decline)",1,911,368,483,2017-05-30,2026-09-25,-0.014599337897626526,-0.2654295672945449,-0.3297813254602609,14.49771689497717,16.390514,0.08385669,22.520420070011667,27.534428,2.2453148,38.398914518317504,39.62159,9.50222,-0.051014547478662776,-0.20232233458098944,876.0,-0.45871577045881345,-0.8553802206945665,857.0,0.9235979802249407,0.8829483389748319,737,-0.2654295672945449,-0.6450550343572033,879,-0.3884341,0.07125413,-0.38686788,-0.2185292,No reliable edge,-0.047860228,-0.6148541,0.07178264,-1.2058245,No reliable edge,0.5473876,1.1008148,3.5040665,0.22307166,No reliable edge,,,pattern,
Candlestick,Candlesticks in context,"Candle: matchinglow (bullish, after a decline)",1,8884,484,3643,2017-04-06,2026-09-25,0.024851673570886624,-0.003778616377581951,-0.048575344507074424,15.538619042202253,16.2756,-0.052168936,27.84050811573747,28.120438,2.0678332,40.9292332482879,41.2748,7.262881,0.06505467989056635,1.0997023110212862,8791.0,0.1585948210944851,0.9990541671933774,8502.0,-0.03990616125437466,-0.13701251765896594,7447,-0.003778616377581951,-0.03582355861075323,8757,0.15283643,0.01280934,0.0733325,0.12944287,No reliable edge,0.2831745,0.07995567,0.030941425,0.8074291,No reliable edge,-0.36990657,0.22126806,-0.57955045,1.4428235,No reliable edge,,,pattern,
Candlestick,Candlesticks in context,"Candle: morningdojistar (bullish, after a decline)",1,273,194,128,2017-04-07,2026-09-23,-0.443571447653489,-0.4576688221065103,-0.14967210479080678,13.076923076923078,16.334278,-0.22457175,28.4,26.969868,2.4251137,36.666666666666664,38.93958,5.5027304,-0.30223629291240983,-0.9631825558870224,260.0,-0.25751773071289064,-0.3413956228654764,250.0,-3.1004159109933034,-1.9083404198630702,210,-0.4576688221065103,-0.8542600071813174,257,0.1691938,-0.6065773,-0.39425483,0.44150594,No reliable edge,-1.243572,0.43339097,-0.8835665,1.2073891,No reliable edge,-2.973622,-3.2224698,-3.453811,-4.508384,No reliable edge,,,pattern,
Candlestick,Candlesticks in context,"Candle: morningstar (bullish, after a decline)",1,768,361,372,2017-04-07,2026-09-23,-0.11148626672633077,-0.28829477330120296,-0.13187545395724382,13.956639566395665,16.49721,-0.2834028,25.977653631284912,27.121618,2.4351547,38.63636363636363,39.44985,8.287777,-0.3674985477271765,-1.5899763556376088,738.0,-0.16149137273181083,-0.32249181344043554,716.0,-0.49487960922134505,-0.5325521959606269,572,-0.28829477330120296,-0.8561884560160696,739,-0.42627302,-0.33683887,-0.228787,-0.3401481,No reliable edge,-0.82565624,0.21264513,-0.5308251,-0.12682852,No reliable edge,-1.0704975,-0.021919822,-1.4924073,-1.3754832,No reliable edge,,,pattern,
Candlestick,Candlesticks in context,"Candle: onneck (bearish, after a rise)",-1,162,139,69,2017-04-07,2026-09-24,-0.31266667127445247,-0.31182112599834333,-0.6098126676172401,14.012738853503185,12.85714,-1.0412445,16.025641025641026,15.696496,-1.8391454,14.492753623188406,16.155416,-6.3213773,-0.8416043421265426,-1.8836908441906637,157.0,0.14197970659304887,0.1728969655200042,156.0,-0.9682495559471241,-0.5528306976022521,138,-0.31182112599834333,-0.4582703225370073,159,-1.0344405,-0.7316877,-0.95661795,-1.4335023,No reliable edge,-0.059943825,0.2582387,-0.5062428,5.158688,No reliable edge,-4.8269386,1.7471242,-0.5280001,3.5854673,No reliable edge,,,pattern,
Candlestick,Candlesticks in context,Candle: outside_bear (in context),-1,4325,464,1688,2017-04-06,2026-09-25,-0.05623086977643268,-0.16763648858107866,-0.47974843396126626,12.523540489642185,11.984258,-0.5598829,14.289145052833813,14.330886,-2.8403058,15.893333333333334,16.010586,-6.087133,-0.06422573743342455,-0.7628629815003932,4248.0,-0.3287827256319044,-1.9057399742796872,4164.0,-0.36527141927083334,-1.159100405191053,3750,-0.16763648858107866,-1.0645227918644675,4298,0.041135993,-0.12353531,0.045041867,0.033107627,No reliable edge,-0.15979882,-0.42898357,-0.22916754,-0.704577,No reliable edge,0.104053855,-0.6977547,-0.35394967,-0.21492259,No reliable edge,,,pattern,
Candlestick,Candlesticks in context,Candle: outside_bull (in context),1,2306,458,1071,2017-04-07,2026-09-25,-0.23087648894527713,-0.23436878855509666,-0.512023173745119,13.043478260869565,15.45944,-0.29162323,23.802946593001842,26.39074,1.3440086,37.74617067833698,39.746925,7.4209213,-0.08301644380259747,-0.6066422472218058,2254.0,-0.39941490552702,-1.1936006792749188,2172.0,-0.2594633039812551,-0.39399713983780904,1828,-0.23436878855509666,-0.9322084125381626,2242,-0.045183368,-0.10226217,-0.08396922,0.05651478,No reliable edge,-0.5985425,-0.29049042,-0.5964016,0.6299962,No reliable edge,-1.6155009,0.7274448,-1.1467947,0.41335183,No reliable edge,,,pattern,
Candlestick,Candlesticks in context,"Candle: piercing (bullish, after a decline)",1,585,296,264,2017-04-19,2026-09-23,-0.4518320574949736,0.16733885011928282,0.30307828920153596,13.181019332161686,16.104836,-0.72288984,26.1101243339254,26.10446,2.2195814,38.1139489194499,38.12888,10.032252,-0.4877465755952054,-2.0616612956128972,569.0,0.48965188495642764,0.8426361840129705,563.0,1.7399216447691552,1.4760318100817724,509,0.16733885011928282,0.43694098149413807,573,-0.39179406,-0.54645973,-0.4086778,-0.7906155,Weak - tends to fail,0.9105078,0.21971513,0.7964339,-0.058910728,No reliable edge,2.5907445,1.0922363,2.0946379,2.4679298,No reliable edge,,,pattern,
Candlestick,Candlesticks in context,Candle: pin_bear (in context),-1,16720,488,6558,2017-04-05,2026-09-25,-0.10586329590165267,-0.2936175109014823,-0.6067726014298099,11.61961187352639,11.385425,-0.46352047,13.651285227624651,13.840945,-2.6375153,15.538760227430314,15.911012,-6.1542807,0.04069142024222009,0.8899506064795676,16541.0,-0.12746950245819139,-1.3333223907020648,16145.0,-0.4426895541533768,-2.5128830471167896,14422,-0.2936175109014823,-3.137319058721504,16576,0.06136751,0.02935373,0.039455168,0.27678692,No reliable edge,0.18811321,-0.3086288,-0.19183575,0.36666375,No reliable edge,-0.23238103,-0.5881663,-0.50952023,0.5508341,Weak - tends to fail,,,pattern,
Candlestick,Candlesticks in context,Candle: pin_bull (in context),1,10658,483,5295,2017-04-05,2026-09-25,-0.17475874843621078,-0.1932273798083462,-0.4409388048115366,15.867975365665895,16.893166,0.0031289163,27.346938775510203,28.226244,2.2230346,39.06573972435663,39.88715,6.6407924,-0.05214066244805199,-0.958546186361854,10392.0,-0.14348105643743778,-1.0554514325635944,10045.0,-0.4575627375003811,-1.558541479091452,8199,-0.1932273798083462,-1.8782361186803054,10388,-0.010928584,-0.07066024,0.0071682287,0.020638566,No reliable edge,0.06477122,-0.24295077,-0.05639825,0.0035477842,No reliable edge,-0.2452353,-0.5972112,-0.58495265,0.5227417,No reliable edge,,,pattern,
Candlestick,Candlesticks in context,"Candle: rickshawman (bullish, after a decline)",1,27501,492,11888,2017-04-05,2026-09-25,-0.07694335333010231,-0.09978337329628768,-0.4088665325546202,14.863367799113735,16.03022,-0.16554171,26.32969557725445,27.315924,1.8352475,38.9554105978018,39.79873,6.5867305,-0.015069084223827548,-0.3749068654433348,27080.0,-0.06391756750490618,-0.6516706533718983,26115.0,-0.36059919365310295,-1.8707104132590535,22382,-0.09978337329628768,-1.388431299365397,26951,-0.0592084,0.010067866,-0.04530439,0.16169617,No reliable edge,-0.087687336,-0.049466334,-0.19078954,0.39199504,No reliable edge,-0.66896033,-0.116777055,-0.9288729,0.5513948,No reliable edge,,,pattern,
Candlestick,Candlesticks in context,"Candle: separatinglines (bearish, after a rise)",-1,234,176,108,2017-04-13,2026-09-24,0.27284625601688667,0.5992772657521818,0.5851164354828957,9.210526315789473,9.940115,-0.42714617,17.194570135746606,14.713946,-0.6502768,19.101123595505616,17.45156,-4.6168413,0.15161388798763878,0.4242077175786652,228.0,1.3978212106281815,1.8297902998480424,221.0,-0.05189142870099357,-0.03639564495066063,178,0.5992772657521818,0.777631108347099,229,1.0177262,-0.26456994,0.20598969,1.0589261,No reliable edge,0.9207277,1.6429034,0.6965582,2.7967417,No reliable edge,-1.4598933,0.9733527,-1.9497408,-2.6135004,No reliable edge,,,pattern,
Candlestick,Candlesticks in context,"Candle: separatinglines (bullish, after a decline)",1,264,199,120,2017-04-25,2026-09-17,-0.5121509968285303,-0.43093800296625806,-0.5941100060939789,13.076923076923078,15.240197,-0.5293763,24.0,25.803576,1.2300406,34.34343434343434,38.468735,6.0015697,-0.27463980454664966,-0.7803439361943223,260.0,-0.457189697265625,-0.5977845330736006,250.0,-1.5347316241023516,-0.9697014443208718,198,-0.43093800296625806,-0.7194659349191318,259,-0.73083985,-0.056907978,-0.69152415,-0.009007454,No reliable edge,-0.49100405,-0.44007888,-0.6649335,-1.1051836,No reliable edge,-1.4589372,-1.5905802,-2.6209671,-4.9880023,No reliable edge,,,pattern,
Candlestick,Candlesticks in context,"Candle: shootingstar (bearish, after a rise)",-1,4891,461,1913,2017-04-06,2026-09-22,-0.21993313234234535,-0.1802435378138719,-0.05356674884197288,11.17986798679868,10.42723,-0.5198261,13.095487932843653,12.395673,-2.5858417,14.857009997674957,14.807863,-6.211233,0.07480822774049865,0.9312609737199097,4848.0,0.21483487332355064,1.2097928851520592,4765.0,-0.19480015094600092,-0.5861706983476181,4301,-0.1802435378138719,-1.0168799566555697,4869,0.057275873,0.08458849,0.057166357,0.5243935,No reliable edge,0.31174418,0.1587886,0.033081222,1.2905262,No reliable edge,-0.53808117,0.040239125,-0.00084248604,1.585184,No reliable edge,,,pattern,
Candlestick,Candlesticks in context,"Candle: shortline (bearish, after a rise)",-1,21409,488,8446,2017-04-05,2026-09-25,-0.10975102918715127,-0.2017477448495568,-0.4631616489120477,10.242041815784516,10.646093,-0.6045988,13.193777607067409,13.634731,-2.6956666,15.03393725615948,15.726725,-6.241253,-0.13621576466922325,-3.159301821558181,21236.0,-0.2531054668745199,-2.9468213196809505,20828.0,-0.6239315275773609,-3.604866335749544,18711,-0.2017477448495568,-2.501551256446193,21304,-0.13154463,-0.13891706,-0.13026828,0.024010291,Works in reverse (fade it),-0.3247053,-0.21020275,-0.34633586,0.10826951,Weak - tends to fail,-0.84514654,-0.4655121,-0.6210021,0.20195365,Works in reverse (fade it),,,pattern,
Candlestick,Candlesticks in context,"Candle: shortline (bullish, after a decline)",1,11750,484,4995,2017-04-05,2026-09-25,-0.1841822036049904,-0.07461168788206154,-0.35241004944747895,14.003808204950666,16.029795,-0.08243127,26.041480421956013,27.258125,2.0561986,38.601917723476646,40.274094,7.3211246,-0.023905601719372078,-0.3943087652881321,11554.0,-0.03153584379854003,-0.20276985434095882,11186.0,-0.29019605859012526,-0.9081778913201792,9699,-0.07461168788206154,-0.6908775268306642,11550,-0.10287215,0.022420287,-0.026650682,0.21405327,No reliable edge,0.27207416,-0.22012605,-0.18999438,0.48004833,No reliable edge,-0.79475343,0.1096454,-0.9071809,1.1931264,No reliable edge,,,pattern,
Candlestick,Candlesticks in context,"Candle: spinningtop (bearish, after a rise)",-1,36031,490,13850,2017-04-05,2026-09-25,0.024131874731032427,0.06665664469398214,-0.06323803755168927,12.15587328287076,11.420106,-0.5254319,15.00086063457456,14.210047,-2.33869,16.617571721311474,16.18626,-5.511993,-0.059154287840359546,-1.8141648825064105,35670.0,0.05574397306460318,0.8372593665315411,34858.0,-0.020130204372718685,-0.1675941206763476,31232,0.06665664469398214,1.0507625201093795,35801,-0.10012949,-0.03506604,-0.096824415,0.23013861,No reliable edge,0.17740779,-0.018969184,-0.0726471,0.5815789,No reliable edge,0.11403421,-0.119313404,-0.10591113,0.72162914,No reliable edge,,,pattern,
Candlestick,Candlesticks in context,"Candle: spinningtop (bullish, after a decline)",1,26196,491,11422,2017-04-05,2026-09-25,-0.10990365241624386,-0.16698937673464545,-0.46345377752122985,15.495313290031504,16.351622,-0.07577402,26.636904761904763,27.545845,1.8599098,38.68932724448001,39.65569,6.2395325,-0.015470616259516842,-0.4037536115355262,25711.0,-0.1672804745314511,-1.947497175206237,24864.0,-0.6956505108045761,-3.7273430088767276,21241,-0.16698937673464545,-2.3537445879590413,25648,-0.027370244,-0.008770253,-0.054896306,0.08725667,No reliable edge,-0.21306247,-0.13981128,-0.23531096,0.022113789,No reliable edge,-1.1113751,-0.36982268,-0.9632026,-0.38859364,Works in reverse (fade it),,,pattern,
Candlestick,Candlesticks,Candle: sticksandwich (bullish),1,1313,410,508,2017-04-06,2026-09-24,-0.236141886378483,-0.437010193296831,-0.8654263817809997,16.846153846153847,17.266268,-0.27821657,29.763779527559052,30.020363,2.138074,43.18996415770609,43.600513,7.72385,-0.14485904400165264,-0.9775974367582398,1300.0,-0.049245771272914615,-0.12401140724259324,1270.0,-0.11327020925432978,-0.1520211685576423,1116,-0.437010193296831,-1.6650924376659015,1304,0.11883982,-0.29871017,-0.13299836,0.05773627,No reliable edge,0.40545857,-0.32552186,0.027661638,-0.9747878,No reliable edge,1.0991032,-1.0282689,-0.69196874,1.8964189,No reliable edge,,,pattern,
Candlestick,Candlesticks,Candle: takuri (bullish),1,6597,481,3130,2017-04-05,2026-09-25,-0.03392883400487248,0.10960291647355147,0.2760422707721591,14.840111766532132,16.462822,-0.12952329,28.852931752643386,28.30501,2.1738257,42.673958136903636,42.445087,8.072027,-0.05945784939775109,-0.8107368704692831,6442.0,0.17898376719075418,1.088119279796886,6242.0,0.2120861303080214,0.6444541753894357,5303,0.10960291647355147,0.7842625930205688,6494,-0.07505723,-0.05271095,-0.10862432,-0.1563512,No reliable edge,0.34822312,0.09913282,0.097124554,0.42350584,No reliable edge,0.2438177,0.1928106,-0.16919628,1.869829,No reliable edge,,,pattern,
Candlestick,Candlesticks,Candle: tasukigap (bearish),-1,1488,413,617,2017-04-10,2026-09-25,-0.023164477231956575,-0.02594479817991749,-0.0010311674176423486,11.133879781420765,11.774586,-0.7926445,12.348322626695216,12.82357,-3.2219493,12.329931972789115,13.548183,-6.4664855,-0.12056656092242465,-0.8379326268187409,1464.0,-0.062799719212142,-0.21967642755145253,1401.0,0.4819427282631803,0.8426542850357274,1176,-0.02594479817991749,-0.10517794541399472,1456,-0.037382327,-0.16611564,-0.30710867,0.0047724843,No reliable edge,-0.449134,0.16662747,-0.84782314,0.7718021,No reliable edge,0.78100055,0.2432453,0.45343667,1.137689,No reliable edge,,,pattern,
Candlestick,Candlesticks,Candle: tasukigap (bullish),1,1178,396,509,2017-04-13,2026-09-24,-0.470406318864695,-0.826426504901971,-0.4665250443956918,14.248704663212436,17.151665,-0.3295402,28.049866429207484,29.052755,1.9604846,39.8936170212766,41.146603,6.7191024,-0.47263442914102977,-3.1117117395039053,1158.0,-0.4952014844967442,-1.2790382591893683,1123.0,-0.5631272336269947,-0.7684799691469784,940,-0.826426504901971,-2.8363582338453344,1162,-0.50899875,-0.45270208,-0.5145114,-0.13204406,Works in reverse (fade it),-1.2904932,-0.0325881,-0.43793085,0.35207728,No reliable edge,-0.75312585,-0.4135847,-0.4553104,0.2847056,No reliable edge,,,pattern,
Candlestick,Candlesticks,Candle: thrusting (bearish),-1,2855,449,1293,2017-04-05,2026-09-25,0.19714941275182418,0.08842682711560976,-0.06583185964777598,12.324829320876752,11.610622,-0.64651245,11.881188118811881,12.370031,-3.2953336,14.285714285714285,14.151229,-6.815629,0.11627917712941857,1.1145067765949368,2783.0,0.13399384473766388,0.6512671509049247,2727.0,-0.0042512767484707515,-0.011341911627205083,2373,0.08842682711560976,0.46249115858456835,2797,0.32762152,0.013933123,-0.032437168,0.25963086,No reliable edge,0.10644618,0.14825055,0.072139226,0.6785429,No reliable edge,0.22942562,-0.15726565,-0.0653409,0.15804897,No reliable edge,,,pattern,
Candlestick,Candlesticks,Candle: tristar (bearish),-1,459,276,156,2017-04-13,2026-09-24,-0.2399673953415985,-0.051962747547643635,0.7312098822848657,12.307692307692308,12.501137,-0.96699464,14.027149321266968,14.235929,-3.0427985,12.307692307692308,16.158436,-7.089898,-0.46604731633112984,-1.9309064936705016,455.0,-0.18999367278086116,-0.35422758698801166,442.0,-0.8393950633513622,-0.897604817843637,390,-0.051962747547643635,-0.11150261193794331,452,-0.98833793,-0.16031624,-0.49761727,-0.14431198,No reliable edge,-1.2621825,0.46740678,-0.6992044,0.10581116,No reliable edge,-2.5276213,0.43818164,-0.9443764,-2.6226592,No reliable edge,,,pattern,
Candlestick,Candlesticks,Candle: tristar (bullish),1,369,241,153,2017-04-28,2026-09-21,0.22169411352427032,0.060108697730792714,0.47293404003081213,16.71232876712329,16.546486,0.63603294,32.590529247910865,29.005087,3.5627105,44.5859872611465,41.342834,10.445438,0.4964063670537243,1.7463562919898272,365.0,0.6078969376332912,0.9473485105188493,359.0,1.7333127161499802,1.371095424315632,314,0.060108697730792714,0.13510134912780947,365,0.33808059,0.59606683,1.0878556,0.05621394,No reliable edge,0.100510605,0.9360689,1.7595428,-0.27277023,No reliable edge,0.5761172,2.6764605,2.2486827,0.58600926,No reliable edge,,,pattern,
Candlestick,Candlesticks,Candle: tweezer_bottom,1,44296,494,18919,2017-04-05,2026-09-25,-0.021638521905710792,-0.05613455453716583,-0.16042067143501534,16.371255839516348,16.761095,-0.20593582,28.893680544037153,28.716913,1.7532833,42.0831084727469,41.94676,6.791805,-0.04792165481051628,-1.7748827832193002,43668.0,-0.0015098863373044977,-0.02440086131446181,42203.0,-0.04288187454149521,-0.3878753043642881,37060,-0.05613455453716583,-1.2304884149436395,43609,-0.08154488,-0.029805537,-0.07735292,-0.05545058,No reliable edge,-0.070176326,0.037713833,-0.0643329,-0.048090957,No reliable edge,-0.061229263,-0.029902184,-0.18807447,0.5484754,No reliable edge,,,pattern,
Candlestick,Candlesticks,Candle: tweezer_top,-1,47070,490,19883,2017-04-05,2026-09-25,0.039849692852566766,0.055632138146184194,0.05328342049122564,11.673486969631703,11.793649,-0.5656051,14.514090596660829,14.592287,-2.4772053,16.241934268999973,16.242146,-5.364821,-0.06513410539892042,-2.871609385930389,46430.0,-0.08028873086586218,-1.7397827955350205,45101.0,0.010854635684249384,0.1308494266310498,39829,0.055632138146184194,1.3138497470044648,46537,-0.051308766,-0.07277519,-0.08362515,-0.008781047,Weak - tends to fail,-0.09569499,-0.07132498,-0.08798961,0.09736503,No reliable edge,-0.098031156,0.08866702,-0.13591371,0.43489417,No reliable edge,,,pattern,
Candlestick,Candlesticks,Candle: unique3river (bullish),1,1164,396,481,2017-04-12,2026-09-24,-0.10713402381000565,-0.23744079103392415,-0.9566960617563122,17.002629272567923,16.901558,-0.23517148,27.484333034914947,29.137278,1.5223072,42.073170731707314,42.727966,7.773395,-0.01089457730051721,-0.06571704949302791,1141.0,-0.5014145730752014,-1.2573757507724872,1117.0,0.17246999973204077,0.23578372348198148,984,-0.23744079103392415,-0.7590430918121492,1145,-0.11265647,0.050649196,0.13510208,-0.3227892,No reliable edge,-0.27093145,-0.64677036,-0.43919876,-0.5474451,No reliable edge,-0.7388985,0.8886635,-0.19613977,3.6675968,No reliable edge,,,pattern,
Candlestick,Candlesticks,Candle: upsidegap2crows (bearish),-1,437,275,160,2017-04-24,2026-09-22,0.49749231564069013,0.5725483271750459,0.16296380805934585,12.064965197215777,9.815455,-0.7936025,12.790697674418606,12.194369,-2.6600626,13.838120104438643,15.055191,-5.25707,-0.0876284464329412,-0.34139860545313266,431.0,0.14648776387059412,0.26142816127502233,430.0,0.5702434171273254,0.6249964027316566,383,0.5725483271750459,1.2017073985936517,436,-0.3270305,0.06381149,-0.0711847,-0.19264317,No reliable edge,0.5224888,-0.099359065,0.09001384,0.47898388,No reliable edge,1.3226621,-0.03027865,0.71079487,-1.3999009,No reliable edge,,,pattern,
Candlestick,Candlesticks,Candle: xsidegap3methods (bearish),-1,2537,458,1066,2017-04-05,2026-09-25,-0.0052826147522163575,0.18576115995773776,0.10101014732358439,10.36682615629984,11.275872,-0.60902405,14.042376402160366,14.622265,-2.341646,14.64746772591857,15.395537,-6.165779,0.036874250932173294,0.3179297463200614,2508.0,0.2036218773937344,0.8538153476188214,2407.0,-0.2465677270822989,-0.5405576719939866,2014,0.18576115995773776,0.932837054823661,2498,-0.0017889987,0.058439225,0.15968485,-0.73264277,No reliable edge,0.24914947,0.17619012,0.29175454,-0.70288223,No reliable edge,0.16267829,-0.58053315,-0.19222102,-0.4786165,No reliable edge,,,pattern,
Candlestick,Candlesticks,Candle: xsidegap3methods (bullish),1,1914,437,818,2017-04-06,2026-09-24,-0.08008689011681439,0.016419509944803398,-0.3871806045684233,15.069222577209798,16.309755,-0.14045332,26.527242707760045,28.13379,1.9469959,40.60248853962017,41.095695,7.4302516,-0.05777475196586503,-0.4989571311845283,1878.0,-0.008611319021792876,-0.02822000613242477,1817.0,0.5295432539804354,0.8425373378900518,1527,0.016419509944803398,0.07650943645467813,1882,0.12214017,-0.15481085,0.14553912,-0.33431402,No reliable edge,0.12382946,-0.08398132,-0.13122103,-0.19397509,No reliable edge,1.3037034,-0.059782714,1.0912057,-2.0362008,No reliable edge,,,pattern,
Candlestick,Candlesticks in context,"Candle: stalledpattern (bearish, after a rise)",-1,351,217,175,2017-05-17,2026-09-22,0.07792107222527052,-0.022333184651686926,1.494709334007191,13.8328530259366,9.340168,-0.49076152,14.414414414414415,12.961642,-2.2980683,15.789473684210526,14.299705,-5.6016316,0.3166222915869281,1.117132952585225,347.0,0.5780124607028904,1.0331898753804298,333.0,0.4782296699390077,0.46866978620864613,285,-0.022333184651686926,-0.037628471672458905,347,0.2671743,0.33778518,0.14263585,-0.43026283,No reliable edge,1.7371008,0.051614255,0.6526954,-1.0889198,No reliable edge,2.8024023,-0.8572064,1.0834793,-1.2190533,No reliable edge,,,pattern,
Candlestick,Candlesticks in context,"Candle: sticksandwich (bullish, after a decline)",1,614,314,269,2017-04-26,2026-09-24,-0.11000320250198928,-0.6553410828283305,-0.8435837324433679,15.841584158415841,17.535479,-0.25621942,30.42016806722689,29.499376,2.4576452,41.33064516129033,42.466824,6.7555633,-0.24540153981828847,-1.0970321451938907,606.0,0.1572604908662684,0.2639898571837251,595.0,-1.0419903416787424,-0.9172452963662877,496,-0.6553410828283305,-1.7415779145727621,609,0.22387488,-0.46637148,-0.53834355,0.2957442,No reliable edge,1.7960901,-0.6416689,-0.4518203,-0.24657455,No reliable edge,2.895951,-3.5931485,-2.4444923,1.2569778,No reliable edge,,,pattern,
Candlestick,Candlesticks in context,"Candle: takuri (bullish, after a decline)",1,1948,439,1021,2017-04-10,2026-09-25,-0.35406238384514743,-0.06194989600858654,-0.7894232631571201,13.872832369942195,16.34263,-0.18797404,26.353591160220997,27.546362,2.4149833,39.48087431693989,41.04169,8.337763,-0.23596181784312598,-1.763701356418266,1903.0,0.10430067705186033,0.3412379854674669,1810.0,0.2162549586895385,0.3236783892226008,1464,-0.06194989600858654,-0.3009187071772441,1885,-0.16128501,-0.26279214,-0.1834787,-0.4048455,No reliable edge,-0.14221326,0.19995713,-0.18378499,1.0250505,No reliable edge,-1.1763155,0.95401174,-0.9488291,2.1166792,No reliable edge,,,pattern,
Candlestick,Candlesticks in context,"Candle: tasukigap (bearish, after a rise)",-1,310,209,112,2017-04-10,2026-09-23,-0.7622630698715984,-0.7443174354585946,0.26526282121881894,10.457516339869281,11.433309,-0.8816671,13.310580204778159,12.611683,-3.8002222,13.565891472868216,15.025634,-8.138153,-0.41987814311108557,-1.435615947477331,306.0,-0.939524992334151,-1.6238950567331192,293.0,-1.870849845945373,-1.8596230503030413,258,-0.7443174354585946,-1.3824214401616706,306,-0.41474694,-0.42309883,-0.5174822,-0.78998786,No reliable edge,0.12824203,-1.6697794,-0.6973926,-0.6592839,No reliable edge,-2.2638512,-1.5343953,-1.347145,1.8398825,No reliable edge,,,pattern,
Candlestick,Candlesticks in context,"Candle: tasukigap (bullish, after a decline)",1,254,196,138,2017-06-21,2026-09-22,0.24877238473242735,0.29045008761327595,0.29380991026603925,14.919354838709678,18.510933,0.58899456,27.19665271966527,28.611559,2.7857735,37.096774193548384,37.9995,7.414279,-0.07346694700179561,-0.21322122187471873,248.0,-0.30847286080715547,-0.3726655483328544,239.0,0.17004183287261634,0.09308379742726858,186,0.29045008761327595,0.4243909954302543,248,0.10668142,-0.13745406,0.052374803,-0.053658053,No reliable edge,-1.1206554,-0.0050713113,-0.3443567,0.54729784,No reliable edge,-0.31168768,0.4349929,0.7720475,0.22500329,No reliable edge,,,pattern,
Candlestick,Candlesticks in context,"Candle: thrusting (bearish, after a rise)",-1,586,307,240,2017-04-05,2026-09-24,1.040418140143732,1.1488231331060137,0.07133313499272187,12.283737024221452,11.455339,-0.24277364,13.143872113676732,12.367192,-2.4408674,15.831663326653306,14.863378,-5.285414,0.4443928015685824,1.961105880323583,578.0,0.6908333542927121,1.6551979517679134,563.0,0.8332066965963176,1.0135946579871975,499,1.1488231331060137,3.0236133212615375,579,0.8156551,0.2553689,0.35850075,0.5766768,No reliable edge,0.0108325435,1.0539945,0.6140304,0.7498117,No reliable edge,0.6791969,0.9328302,0.022978863,4.3598394,No reliable edge,,,pattern,
Candlestick,Candlesticks in context,"Candle: tristar (bearish, after a rise)",-1,156,123,54,2017-04-13,2026-09-24,0.38631975410446046,0.270759319105456,-1.2845937473078568,15.032679738562091,12.7139015,-0.3780757,17.449664429530202,16.212696,-1.8204503,11.450381679389313,17.25627,-7.778236,0.01293143415762708,0.032559023457496235,153.0,0.23402148765205538,0.26821744705853684,149.0,-2.5789221843690364,-1.6369486844038477,131,0.270759319105456,0.39384732312518766,155,-0.6461397,0.33286884,-0.25807458,-0.049736682,No reliable edge,-1.1028359,0.90920186,-1.5181339,3.3277702,No reliable edge,-6.359286,-0.2453643,-5.053849,6.9467874,No reliable edge,,,pattern,
Candlestick,Candlesticks in context,"Candle: tristar (bullish, after a decline)",1,121,107,50,2017-07-10,2026-09-21,-0.1835445501692906,-0.20154415692944647,1.2461913500687685,15.254237288135593,16.115286,0.63623506,33.62068965517241,29.243052,3.7070963,39.603960396039604,39.875973,7.902083,0.5675166501837262,1.0906889220824376,118.0,0.8130683241219356,0.6422657676318564,116.0,0.5203511832964303,0.22860163801816397,101,-0.20154415692944647,-0.2276425911131273,118,0.80022347,0.4389155,0.78446287,1.3228619,No reliable edge,0.69287026,0.88128877,0.9509681,2.3900945,No reliable edge,-2.444309,2.6307871,0.3274973,1.6975847,No reliable edge,,,pattern,
Candlestick,Candlesticks in context,Candle: tweezer_bottom (in context),1,13318,487,6249,2017-04-06,2026-09-25,-0.040998092409440086,-0.1252974485320196,-0.28994457141757585,14.535594256034221,16.023388,-0.1390317,26.146606046103532,27.156275,1.6190857,38.49028400597908,39.648376,6.025798,-0.020737127903729377,-0.4151723382726248,13092.0,-0.08772302539171552,-0.7232804333409308,12537.0,-0.4558323972784707,-1.9487703569794381,10704,-0.1252974485320196,-1.4296387529663261,12984,0.0020741501,-0.032475278,-0.08105609,0.10827967,No reliable edge,0.0034619486,-0.13807403,-0.33005008,0.28675497,No reliable edge,-0.65443003,-0.3138678,-1.1804448,0.9895423,No reliable edge,,,pattern,
Candlestick,Candlesticks in context,Candle: tweezer_top (in context),-1,19188,486,7633,2017-04-05,2026-09-25,0.030143469235479104,0.04216234424932446,-0.0667910808694205,11.937625118533347,11.417077,-0.55984616,15.020275750202758,14.357755,-2.402971,17.012298046780806,16.487295,-5.346751,-0.10457779491755347,-2.946801658201234,18982.0,-0.08037247318743242,-1.025288673130152,18495.0,-0.06230165413957002,-0.43238356860347044,16588,0.04216234424932446,0.5958334573805648,19053,-0.16419302,-0.071391955,-0.157407,0.25635132,Weak - tends to fail,-0.2068603,-0.0066384273,-0.19168329,0.63084245,No reliable edge,-0.3063632,0.10793203,-0.18862835,1.0245649,No reliable edge,,,pattern,
Candlestick,Candlesticks in context,"Candle: unique3river (bullish, after a decline)",1,503,292,233,2017-04-12,2026-09-24,-0.4828306569981229,-0.5230173299692144,-0.44802834253910806,13.821138211382115,15.96078,-0.5032859,26.736842105263158,27.675386,1.9266686,39.800995024875625,40.51698,8.24315,-0.2991047680862551,-1.180657096310418,492.0,-0.08698726453279194,-0.13061157159345557,475.0,0.8446151201997824,0.7550616446417558,402,-0.5230173299692144,-1.1374450213616218,488,-0.5770018,-0.13308832,-0.49717993,0.17618683,No reliable edge,-0.6061794,0.24129917,-0.42779902,0.2212699,No reliable edge,0.5059284,1.1304792,-0.5285136,4.353918,No reliable edge,,,pattern,
Candlestick,Candlesticks in context,"Candle: upsidegap2crows (bearish, after a rise)",-1,334,232,118,2017-05-02,2026-09-22,0.38907008305717783,0.45897255074120946,0.10412968328279076,11.782477341389729,10.00001,-0.93937016,12.121212121212121,12.305674,-2.5600607,14.285714285714285,15.043224,-5.7975016,-0.27403867784943825,-0.9272485095917123,331.0,0.26390618988961884,0.4269600386803319,330.0,0.4520966925588595,0.44055703433151205,294,0.45897255074120946,0.8340127330587752,333,-0.4846684,-0.14457846,-0.038112406,-0.8129811,No reliable edge,1.1532539,-0.2996409,0.455457,0.27288812,No reliable edge,1.4619086,-0.3265535,0.6229518,-6.602958,No reliable edge,,,pattern,
Candlestick,Candlesticks in context,"Candle: xsidegap3methods (bearish, after a rise)",-1,723,352,275,2017-04-05,2026-09-10,-0.0950888057856371,0.1354447019227839,-0.6020100023189601,11.126564673157164,11.021873,-0.46579158,12.846715328467154,14.702116,-2.3210719,17.142857142857142,16.824333,-5.5146112,0.01268644425733033,0.06183469732054053,719.0,-0.1009219427178376,-0.22938543568010858,685.0,-0.25929196141347166,-0.3509701789428959,595,0.1354447019227839,0.36647383271546696,715,0.1833369,-0.08811815,0.17665298,-0.380449,No reliable edge,-0.40984568,0.097618945,-0.055847716,-0.14324777,No reliable edge,-0.91008776,0.27408195,-0.65454763,1.0362047,No reliable edge,,,pattern,
Candlestick,Candlesticks in context,"Candle: xsidegap3methods (bullish, after a decline)",1,453,275,218,2017-05-16,2026-09-24,-0.0008168024837163447,-0.01699887794225937,-0.08347690665976644,16.32183908045977,17.028227,0.4618593,26.588235294117645,28.192488,3.1907935,37.61194029850746,38.537823,6.6245294,0.09721563054227281,0.3450938366504471,435.0,0.3965445484834559,0.5673719249711051,425.0,-0.3852820097510494,-0.28208557025966197,335,-0.01699887794225937,-0.03782529591450405,443,0.15742588,0.068035245,-0.21261671,0.26330546,No reliable edge,0.11491998,0.5393542,-0.4346515,-0.7028627,No reliable edge,-0.84907186,-0.035618376,0.11232121,-5.154528,No reliable edge,,,pattern,
Indicator signal,Momentum,Coppock turns up below zero,1,32908,490,15007,2017-04-05,2026-09-25,-0.09627662915740519,-0.12527030918768045,-0.4001764228742754,16.2541868254559,16.327612,-0.063935935,27.262255215666197,27.800774,1.6828095,39.58364478995365,40.19225,6.255657,-0.035675923354926496,-0.968817795493786,32244.0,-0.27262611442867657,-3.1914307944247984,31252.0,-0.5930054605158656,-3.7005047155904984,26756,-0.12527030918768045,-1.9287854421556523,32193,-0.027653122,-0.039818052,-0.038960136,0.047216676,No reliable edge,-0.15075952,-0.33916292,-0.32080394,-0.22355151,Works in reverse (fade it),-0.67563385,-0.53486305,-0.64000434,-1.0609227,Works in reverse (fade it),,,pattern,
Indicator signal,Money flow,Chaikin money flow turns negative,-1,31632,492,12988,2017-04-05,2026-09-25,-0.05889566590386723,-0.09794738204110398,-0.03156491829553552,11.421499292786422,11.821926,-0.5606791,13.95632669217575,14.384482,-2.5873065,15.706452339818222,16.02354,-5.710527,0.003007534645632881,0.10089750265617008,31108.0,-0.04803719667162142,-0.7399748439588926,30316.0,-0.06574475232444321,-0.564843258132374,26626,-0.09794738204110398,-1.7939837340145803,31224,0.017451493,-0.0051082573,0.00030771524,0.21250188,No reliable edge,-0.02177051,-0.063546956,-0.09216731,0.23162106,No reliable edge,0.15841757,-0.23013434,-0.1767774,0.45462263,No reliable edge,,,pattern,
Indicator signal,Money flow,Chaikin money flow turns positive,1,31399,490,12906,2017-04-05,2026-09-25,0.026792690028287953,0.06505507472270079,-0.02344074779412747,18.44653904706378,17.317863,-0.009080087,29.502322495023225,28.873407,1.9510554,42.232734153263955,42.066658,7.0282054,-0.004040578794530339,-0.1143153691890758,30873.0,-0.05777977511197744,-0.7437363901815316,30140.0,-0.2531015698912015,-1.5646436408839006,26425,0.06505507472270079,1.0659959716207839,31021,-0.079601884,0.037665706,0.03032489,-0.009617261,No reliable edge,-0.35601428,0.11544215,0.050046638,-0.24556729,No reliable edge,-0.5369927,-0.047892183,-0.2164588,-0.47370914,No reliable edge,,,pattern,
Indicator signal,Moving averages,Close crosses above 200 DMA,1,11009,480,4844,2017-04-06,2026-09-25,-0.2869723089890424,-0.32903735145754864,-0.627579168138167,15.788500647069698,16.542976,-0.25370222,27.309808385505598,27.075655,1.1477246,39.86825946187339,39.285576,5.4065733,-0.17858434230348147,-3.1435183043871016,10818.0,-0.4141723655971353,-3.0847256370497576,10542.0,-0.6202799660879759,-2.2781824177505863,8957,-0.32903735145754864,-3.189917376462202,10873,-0.22254638,-0.15646589,-0.19511224,-0.070679426,Works in reverse (fade it),-0.55526304,-0.33926275,-0.48677748,-0.27121785,Works in reverse (fade it),-0.92713636,-0.4083533,-0.7831586,-0.046900347,Weak - tends to fail,,,pattern,
Indicator signal,Moving averages,Close crosses above 50 DMA,1,24215,486,10719,2017-04-05,2026-09-25,-0.08193900999099515,-0.21775745979000843,-0.4387696737828927,18.284490721303214,17.084568,0.0018259047,28.835705045278136,28.230875,1.5123868,40.58520315342632,40.678215,5.680746,0.004163096459388973,0.09867735161160225,23818.0,-0.2535494193685317,-2.7771300982765608,23190.0,-0.7199428196697494,-4.120934374406048,19788,-0.21775745979000843,-3.0375339667610177,23888,0.08468047,-0.03698954,0.0288764,-0.11396313,No reliable edge,-0.4818639,-0.13073897,-0.2536741,-0.82971746,Weak - tends to fail,-0.7941271,-0.6682842,-0.8829312,-1.0039387,Works in reverse (fade it),,,pattern,
Indicator signal,Moving averages,Close crosses below 200 DMA,-1,11251,481,5053,2017-04-05,2026-09-25,0.1830517616061514,0.31364434870578656,0.5671915409526768,11.986176791560567,12.391606,-0.44738454,15.832243601718663,15.648898,-1.8147582,16.593309859154928,16.641901,-4.2766004,0.07860357868059976,1.5083012773628828,10996.0,0.3572684262548454,3.3193501993655747,10706.0,0.7384854706240372,3.6125180753259154,9088,0.31364434870578656,3.234006252546346,11057,0.0037805238,0.11690501,0.0011374943,0.24073029,No reliable edge,0.32744986,0.37342963,0.6282897,-0.023052868,Works (significant),0.54478115,0.87636614,1.121964,0.37200615,Works (significant),,,pattern,
Indicator signal,Moving averages,Close crosses below 50 DMA,-1,24814,491,11038,2017-04-05,2026-09-25,0.09624650115400452,0.2604358164817528,0.3764704612628126,11.642086182746972,12.400516,-0.48731512,15.166057929159942,15.050307,-2.0688162,16.243679984137998,16.21543,-4.9636054,0.07493581376614382,2.0457982617771497,24274.0,0.2727016979396713,3.469355956917779,23546.0,0.2675427394945227,1.9008709874107121,20174,0.2604358164817528,3.532358879132735,24384,0.10054876,0.061456166,0.09480289,0.13227247,Weak edge,0.22747304,0.29790652,0.3237691,0.38377896,Works (significant),0.51017827,0.09287827,0.32748297,0.66962075,No reliable edge,,,pattern,
Indicator signal,Moving averages,Death cross (50 < 200 DMA),-1,2010,462,952,2017-04-19,2026-09-25,0.17665857483242442,0.15676978602829467,0.2288778322300142,11.530715005035248,12.602051,-0.52654797,16.34121274409044,16.710836,-2.5520422,16.133004926108374,14.8266535,-5.5240736,0.07146938665875975,0.6516319473046068,1986.0,0.08811034058495391,0.357152635037968,1946.0,1.2975976502366842,2.6860328866629666,1624,0.15676978602829467,0.7974393124266242,1985,0.09326519,0.06117735,-0.14021203,0.40778294,No reliable edge,-0.04863396,0.15527746,0.13152616,0.12260013,No reliable edge,2.343092,0.6123245,0.32625267,0.91872674,Weak edge,,,pattern,
Indicator signal,RSI,Connors RSI below 10,1,14909,483,6450,2017-04-05,2026-09-25,0.11770260785139038,0.12336315264570885,0.13284296798658476,16.102564102564102,17.121586,0.3226376,26.45121020875234,28.046524,2.5256395,38.98550724637681,40.19177,7.7330766,0.1963362546741453,3.1973182159225404,14625.0,0.2471274236955146,1.6587152604089033,14419.0,0.24605170355902778,0.9025992606486356,12420,0.12336315264570885,1.1778472282110903,14671,0.22429506,0.180749,0.17848161,0.22222899,Works (significant),0.2597721,0.23978704,0.2331254,0.4947608,No reliable edge,0.033236608,0.4043632,-0.15150607,0.5987651,No reliable edge,,,pattern,
Indicator signal,Swing setups,Double 7s: 7-day closing low above 200 DMA,1,42315,488,16978,2017-04-05,2026-09-25,0.1295452861065383,0.15519669362858232,0.4221021114410666,16.9108493727856,17.399614,0.0007033512,30.290333711243655,29.786709,2.3839068,44.238688739193286,43.13781,8.180503,0.10243025942916308,3.038519721831617,41772.0,0.44622272922622863,5.201174900655972,40574.0,1.1153769695843674,6.758089509997957,36667,0.15519669362858232,2.487296936773364,41712,0.0918819,0.108658075,0.057126746,0.088480584,Works (significant),0.5391373,0.38829234,0.40666607,0.16983286,Works (significant),0.9076296,1.2691785,0.8508356,1.892605,Works (significant),,,pattern,
Indicator signal,Volatility,Close above upper Bollinger band,1,24893,489,9431,2017-04-05,2026-09-25,0.09280457616351151,0.06413367286721385,0.31262086462597743,20.686691766246522,17.977224,-0.17994525,32.46639392168323,30.607355,1.9214846,46.03828333411335,44.76448,7.50855,-0.09892424063433561,-2.0785755842083997,24436.0,-0.12307234496000147,-1.1952108844917795,23954.0,-0.13438761665550264,-0.7585598983993191,21367,0.06413367286721385,0.7088077019851295,24699,-0.12596615,-0.08338909,-0.01673957,-0.39943644,Weak - tends to fail,-0.1866699,-0.084564276,0.06589452,-1.3516212,No reliable edge,-0.1917246,-0.092210405,-0.06002561,-0.31651285,No reliable edge,,,pattern,
Indicator signal,Volatility,Close below lower Bollinger band,-1,18717,485,8427,2017-04-05,2026-09-25,-0.004200707887204857,0.10334239071880554,0.31468806274935435,13.083649562778419,12.974485,-0.6669461,14.113539085379589,14.651899,-2.904789,15.134596211365903,15.0022,-5.8488345,0.023113946201895313,0.49159341809814955,18183.0,0.008788058767986877,0.09260118965324446,17756.0,0.4981179832897142,2.571261349457749,15045,0.10334239071880554,1.1077414275031807,18284,0.016262254,0.026766831,0.09967601,-0.16340007,No reliable edge,-0.008109249,0.018331977,0.25181133,-0.09942862,No reliable edge,0.98528254,0.13243277,1.0938003,0.0671954,Weak edge,,,pattern,
Indicator signal,Volume & delivery,Delivery spike on an up day (1.5x qty),1,44766,493,21638,2019-10-15,2026-09-25,0.08776208808254178,0.1388750783015336,0.21412842710005556,20.24336788274508,18.181566,0.011495725,31.83190209888387,31.171394,2.49727,47.008733624454145,46.6198,9.665749,-0.030118248069794188,-0.9244400842270596,43802.0,-0.06886125801961708,-1.0251349049202156,42737.0,0.020647462070248535,0.15766915557397063,36640,0.1388750783015336,2.505081087246725,44119,-0.007799817,-0.0368775,-0.010438333,-0.06544485,No reliable edge,-0.20466794,-0.025593854,-0.04160038,-0.35148752,No reliable edge,-0.10606085,0.07050387,0.11602891,-0.20479304,No reliable edge,,,pattern,
Indicator signal,Ichimoku,Ichimoku Kumo breakdown,-1,17619,487,7964,2017-04-06,2026-09-25,0.16589891214735236,0.22502700393054828,0.7546568802745756,11.6796375885701,12.425997,-0.5090103,15.055240370259778,15.161856,-2.0256817,17.096774193548388,16.054218,-4.4492397,0.07593077585275947,1.7597720237184795,17218.0,0.32343327182554493,3.360614905097002,16745.0,0.6990302172817321,3.8360311287161113,14260,0.22502700393054828,2.520065474134653,17323,0.09168616,0.06767091,0.09749823,0.1126417,No reliable edge,0.3696268,0.2978925,0.47223312,0.19960888,Works (significant),1.0905427,0.41667816,1.2199699,-0.03767175,Works (significant),,,pattern,
Indicator signal,Ichimoku,Ichimoku Kumo breakout up,1,18393,488,7774,2017-04-05,2026-09-25,-0.04724445391837245,-0.19802164114030144,-0.5858868785802166,19.05550038618559,17.216394,-0.056767862,29.468926553672315,28.83785,1.608644,41.647612203567,41.64515,6.1027455,-0.00878813650044308,-0.18441026367861454,18126.0,-0.24891758805614406,-2.3815836150141827,17700.0,-0.5795871323169138,-2.8879251655125437,15307,-0.19802164114030144,-2.4931488873575947,18218,-0.029089918,0.0022443843,-0.0062213745,0.13379169,No reliable edge,-0.41016355,-0.15698752,-0.32501635,-0.4575536,Weak - tends to fail,-0.74269336,-0.46122018,-0.86178076,-0.94482875,Weak - tends to fail,,,pattern,
Indicator signal,Ichimoku,Ichimoku TK cross above the cloud,1,8207,480,3406,2017-04-05,2026-09-25,0.3376185536832955,0.3105564567315449,0.4026639560739188,20.019711716151285,16.90231,0.104085945,31.26728689967312,29.839432,2.102216,45.45198535623768,43.4046,7.7576175,0.27050522581849823,4.029912782126213,8117.0,0.2611753115079677,1.6014292848736211,7954.0,0.8795666191081738,2.8526428531249994,7102,0.3105564567315449,2.491331581499284,8161,0.16466272,0.32968837,0.25795677,0.09989248,Works (significant),0.43665984,0.15827854,0.23420613,0.07580247,No reliable edge,1.4389696,0.48326114,0.93333554,0.016319983,Weak edge,,,pattern,
Indicator signal,Ichimoku,Ichimoku TK cross below the cloud,-1,6325,479,3028,2017-04-07,2026-09-25,0.126965285193692,0.2044187054280608,0.7325464099773727,12.222579607590864,12.212366,-0.4033269,16.622384589837264,15.852589,-1.9449435,17.18052738336714,15.768285,-4.432739,0.19533906177755106,2.6533262037759138,6218.0,0.47769194431615325,2.869387741772181,6022.0,1.0171668990872211,3.112780153281436,4930,0.2044187054280608,1.3482619674269494,6222,0.2610001,0.16450274,0.40300354,-0.10928246,Weak edge,0.79006106,0.32236174,0.83926314,-0.37137118,Weak edge,1.2401414,0.86445296,1.4643552,-0.31884205,Works (significant),,,pattern,
Indicator signal,MACD,MACD crosses above signal,1,28286,488,12249,2017-04-05,2026-09-25,0.04122266544683596,0.08154305983253847,-0.026653816183022445,18.311127115592367,16.88726,0.0469858,29.214022140221402,28.711342,1.8862065,42.088112065682,41.876812,6.687828,0.046159594119947335,1.244280914937957,27770.0,-0.0530432309083833,-0.6327493320825697,27100.0,-0.4139593428625841,-2.7049591034019147,23629,0.08154305983253847,1.1923846244062695,27891,0.15737921,-0.012883673,0.049378116,0.1552076,No reliable edge,0.106693305,-0.1419203,-0.06923679,0.22761056,No reliable edge,-0.15971226,-0.59098315,-0.24941275,-0.5980862,Weak - tends to fail,,,pattern,
Indicator signal,MACD,MACD crosses above zero,1,11662,482,5065,2017-04-05,2026-09-25,0.05202269357557091,-0.040364904020477904,-0.3633845363309593,19.06624934793949,16.795744,0.009984486,29.992873686085876,28.454134,1.6482767,41.09064569536424,40.86158,5.5989747,0.10502077678746087,1.6867362056433723,11502.0,-0.09738929594941431,-0.7375606426034604,11226.0,-0.7941350873732409,-3.1614510385458092,9664,-0.040364904020477904,-0.3828356127278004,11543,0.16045739,0.07624821,0.19044663,-0.037146397,No reliable edge,-0.17644629,-0.054454014,0.008865368,-0.90338737,No reliable edge,-0.9915194,-0.65733546,-0.7676495,-0.9937521,Works in reverse (fade it),,,pattern,
Indicator signal,MACD,MACD crosses below signal,-1,29072,495,12350,2017-04-05,2026-09-25,-0.08697319580957014,-0.08646243071901288,-0.05964757295161295,10.997308351102877,11.686608,-0.71241534,14.222926723827364,14.451191,-2.69955,15.314757481940145,15.886389,-5.9056573,-0.05649650633203849,-1.716735649967906,28607.0,-0.10677160145836335,-1.6375642573641163,27758.0,-0.25890225909442727,-2.0638207622935982,24225,-0.08646243071901288,-1.2977490658727275,28690,0.047041986,-0.11282877,-0.017249255,-0.17378847,No reliable edge,-0.057267863,-0.13518818,-0.108764336,0.0004634066,No reliable edge,-0.20930022,-0.29464784,-0.27579677,0.046004105,Weak - tends to fail,,,pattern,
Indicator signal,MACD,MACD crosses below zero,-1,12177,487,5352,2017-04-05,2026-09-25,0.1576780108337635,0.2496715314724601,0.40573862411264167,11.471571906354514,12.358163,-0.50608635,14.194162986056986,14.764066,-2.113831,15.985167368210062,15.997187,-5.0428405,0.11188298356174227,2.1540827246152836,11960.0,0.3075016187240192,2.724440130686638,11547.0,0.2923535048591276,1.4351413288503958,9978,0.2496715314724601,2.293209478593272,11969,0.1463181,0.093067005,0.1125595,0.22215365,Weak edge,0.19811589,0.3712113,0.27647522,0.62204975,Weak edge,0.60846543,0.05636241,0.5187717,0.18595296,No reliable edge,,,pattern,
Indicator signal,Momentum,Elder impulse turns green,1,78319,494,31661,2017-04-05,2026-09-25,-0.04351879870953047,-0.0398981547242587,-0.07589234399518638,18.704318075786635,17.555727,-0.02234018,29.986550727725476,29.524158,1.8747072,43.59808699337107,43.057465,7.2632957,-0.02942674753609196,-1.3465828962084179,77164.0,-0.1527446507725009,-3.0210364658526907,75097.0,-0.13506803510552562,-1.413761458286789,66074,-0.0398981547242587,-1.0728187069726143,77358,-0.013236085,-0.038459405,-0.030315276,-0.10345703,No reliable edge,-0.11304476,-0.17609125,-0.13606888,-0.48206836,Works in reverse (fade it),-0.027514841,-0.21338265,-0.09189687,-0.8502211,No reliable edge,,,pattern,
Indicator signal,Momentum,Elder impulse turns red,-1,74098,497,32052,2017-04-05,2026-09-25,-0.01964446156786627,0.034542903494689546,0.22504006449680589,12.014649997246241,12.396045,-0.5433645,14.525878621513606,14.718077,-2.5698175,15.907475074816885,15.903944,-5.523048,0.002194274710736992,0.11222253299757565,72628.0,0.004187869921191633,0.1011327540175158,70309.0,0.16968080626560408,2.315330958613405,60481,0.034542903494689546,0.8633024883623597,72759,-0.033996955,0.02214831,0.023080852,-0.05805286,No reliable edge,-0.05702842,0.03999501,0.0658233,-0.05902064,No reliable edge,0.17724964,0.1639786,0.23787382,0.0771223,Weak edge,,,pattern,
Indicator signal,Momentum,Fisher transform bearish cross,-1,28058,494,11862,2017-04-05,2026-09-25,-0.00997350583498928,-0.007446515837278269,0.04550777966361635,11.241277072712153,11.616381,-0.6258612,13.75665314326125,14.210444,-2.6357315,15.157321071230895,15.749831,-5.8327785,0.03606232094412129,1.0539296629305777,27657.0,-0.03214557454748158,-0.44990594332344647,26867.0,-0.18139269030474306,-1.4986275224390277,23487,-0.007446515837278269,-0.11483830317064905,27710,0.0950531,0.003188912,0.06860819,-0.08313319,No reliable edge,-0.059182886,-0.016268527,-0.05399397,-0.038170673,No reliable edge,-0.038533464,-0.28650737,-0.14817435,0.092599764,No reliable edge,,,pattern,
Indicator signal,Momentum,Fisher transform bullish cross,1,27433,490,11699,2017-04-05,2026-09-25,-0.023888055798786455,-0.005691251113712756,-0.14478736060439357,17.95622060076299,16.777758,0.01873073,28.940568475452196,28.575542,1.726373,41.54746423927178,41.68609,6.6164403,0.037934460716427,1.0340644279585387,26999.0,-0.1639768151386039,-2.0779066987200947,26316.0,-0.3931015828185956,-2.3771529673000216,23070,-0.005691251113712756,-0.08210481111394131,27069,0.07320362,0.01865633,0.095075995,-0.13065279,No reliable edge,-0.12599775,-0.18578105,-0.047748026,-0.6114188,Weak - tends to fail,-0.42977557,-0.36694565,-0.27186325,-1.0437155,Weak - tends to fail,,,pattern,
Indicator signal,Momentum,KST bearish crossover,-1,20339,494,8487,2017-04-05,2026-09-25,-0.001759890135933742,0.005341846842475107,-0.02586673880344245,11.230133027751481,11.657152,-0.6619528,14.41640540679447,14.457189,-2.5470328,15.273435195563684,15.842019,-5.8838854,0.0062956550327879,0.15649838202843075,20071.0,0.025999553966860416,0.3009257017132461,19457.0,-0.22914751584069523,-1.469798942039252,16951,0.005341846842475107,0.07087783516486056,20082,0.07303355,-0.030322647,0.027449053,-0.16983567,No reliable edge,0.058224868,0.0073065623,-0.06417364,0.07671666,No reliable edge,-0.31954074,-0.16314028,-0.39032045,-0.3599607,No reliable edge,,,pattern,
Indicator signal,Momentum,KST bullish crossover,1,19547,488,8354,2017-04-05,2026-09-25,0.05700026589261219,0.01373789597123686,-0.08062734491872829,17.62414294618741,16.52026,-0.041054748,29.436447654963615,28.621265,1.8486465,42.29220065909923,41.944904,6.782053,0.059564960986196236,1.397963387263842,19252.0,-0.04775806624960163,-0.47040769904594154,18827.0,-0.36902438033038876,-1.8143601523107022,16386,0.01373789597123686,0.1819851490198376,19330,0.13114631,0.022051618,0.10761807,-0.09447985,No reliable edge,0.082784094,-0.119430594,0.11562659,-0.21172546,No reliable edge,-0.3343987,-0.3928369,-0.0682946,-0.89562654,No reliable edge,,,pattern,
Indicator signal,Money flow,MFI exits overbought (80),-1,17297,489,6819,2017-04-05,2026-09-25,-0.10774810954031058,-0.17468998513739328,-0.6933195905369687,11.417530300368874,11.838312,-0.6372577,13.213104899308686,14.211495,-2.9013584,14.050198506157056,15.916027,-7.0111976,-0.06574710319050442,-1.5520587267988655,17079.0,-0.34603912472760745,-3.75478783218231,16635.0,-1.1859955641023485,-6.451062831558134,14861,-0.17468998513739328,-1.9980587282077549,17153,-0.064171605,-0.0665977,-0.09622963,0.19944026,No reliable edge,-0.4930693,-0.26269847,-0.4993776,0.38366443,Works in reverse (fade it),-1.6342454,-0.8804328,-1.2684425,-0.1765648,Works in reverse (fade it),,,pattern,
Indicator signal,Money flow,MFI exits oversold (20),1,6334,478,2963,2017-04-06,2026-09-25,-0.07719529663751391,-0.12159326912681775,-0.2701414145621986,12.883435582822086,15.06829,-0.38724086,23.89968443780103,25.93377,1.790716,37.11729622266402,38.217117,6.9277987,-0.2071962242631478,-2.226392066541996,6194.0,-0.10702414798530664,-0.5555084533019263,6021.0,-0.42453166741737075,-1.0718383467095418,5030,-0.12159326912681775,-0.8872798346510651,6190,-0.3646439,-0.12625942,-0.26648107,-0.0029382836,Weak - tends to fail,-0.14268225,-0.087730244,-0.29679757,0.39400345,No reliable edge,-1.1752188,0.121914946,-0.00019361416,-0.9257892,No reliable edge,,,pattern,
Indicator signal,Moving averages,EMA 9/21 bearish crossover,-1,15767,491,6942,2017-04-05,2026-09-25,0.1595670808922833,0.2278752375122668,0.1825307550000033,11.257593382447977,12.130921,-0.5507995,14.31147322024843,14.734066,-2.2250803,15.897515048618613,16.095764,-5.2370906,0.09658631641180367,2.1806819199549032,15474.0,0.23589614250638608,2.4527306477503976,14974.0,0.13177365884311332,0.7206266913059172,12958,0.2278752375122668,2.5342117821474033,15511,0.1691788,0.057795953,0.1093412,0.22826561,Weak edge,0.28436795,0.20835824,0.21918727,0.48583847,Weak edge,0.6218127,-0.22225562,0.29437694,0.05826358,No reliable edge,,,pattern,
Indicator signal,Moving averages,EMA 9/21 bullish crossover,1,15120,483,6632,2017-04-05,2026-09-25,-0.05367860952785823,-0.07365138746789758,-0.20093898906010554,18.71352874102891,16.875984,0.01567088,29.705417839730824,28.46043,1.6236532,41.02339646665605,40.932774,5.7443037,0.05799529106134508,1.1178406044130296,14909.0,-0.12958603151501236,-1.1157986655819834,14563.0,-0.7043071177930527,-3.1835535704702966,12566,-0.07365138746789758,-0.8303690136035033,14959,0.07932721,0.047104564,0.09911093,-0.002404179,No reliable edge,-0.2869319,-0.045423895,-0.069565974,-0.8429545,No reliable edge,-0.7570035,-0.6685238,-0.7365661,-0.9711117,Works in reverse (fade it),,,pattern,
Indicator signal,Moving averages,Golden cross (50 > 200 DMA),1,2038,465,825,2017-04-05,2026-09-24,-0.24006953283549198,-0.1129053318005843,0.06749091281065929,15.952143569292124,17.250698,-0.41506064,30.761263593992748,29.40953,2.1653404,44.761904761904766,44.122166,7.304908,-0.295424608742133,-2.5373364369590203,2006.0,0.29421695213377136,1.1023774710242136,1931.0,0.04897023609706334,0.10138714563742071,1680,-0.1129053318005843,-0.5622040711122326,2019,-0.43373457,-0.22745223,-0.35698128,0.21254902,Weak - tends to fail,0.36293095,0.25804025,0.22147804,1.9178742,No reliable edge,0.13535921,-0.008195189,-0.14714284,5.4925947,No reliable edge,,,pattern,
Indicator signal,Moving averages,Moving averages stacked bearish (first day),-1,7686,460,3625,2017-04-05,2026-09-25,0.16495172287286047,0.3322207346769786,1.1448480039559743,12.70880662835761,12.484249,-0.37796608,16.828120675339054,15.193348,-2.1279292,19.88873435326843,16.74952,-3.6675327,0.11359451703809886,1.5873783196374913,7483.0,0.48771252329911086,3.081436453773333,7226.0,1.5996574221466446,5.10423579731996,5752,0.3322207346769786,2.653726076017722,7540,0.1643155,0.087917514,0.13303222,0.03694082,No reliable edge,0.8841826,0.27476063,0.7374753,0.048227713,Works (significant),2.3644934,0.9995115,2.165009,0.04893725,Works (significant),,,pattern,
Indicator signal,Moving averages,Moving averages stacked bullish (first day),1,17178,473,6567,2017-04-05,2026-09-25,0.21258081835581985,0.2703844289149985,0.5817130139171606,20.164341451879878,18.04072,0.1627608,32.113625421280695,30.747425,2.489648,46.75575056508443,44.81744,8.865455,0.1306653296758616,2.529355367150331,16916.0,0.4672463958402293,3.823661256064411,16616.0,1.192398523716926,5.071812513293252,15042,0.2703844289149985,2.930494718149488,16975,0.05286787,0.17779873,0.07554289,0.33873257,Weak edge,0.26361543,0.5957902,0.40817434,-0.010383375,Works (significant),0.8204409,1.4705671,0.84613067,1.2620145,Works (significant),,,pattern,
Indicator signal,Price-only charts,Heikin-Ashi turns bearish,-1,93624,498,38810,2017-04-05,2026-09-25,-0.024596564659652258,-0.024978074116519464,-0.009784673472274087,11.554416523684383,11.897716,-0.5636062,14.081609837898268,14.319715,-2.6723325,15.608747576181731,15.869381,-5.8137264,-0.03653782940505343,-2.290658859350045,92086.0,-0.0947169660948854,-2.822722935734051,89450.0,-0.09641166045195382,-1.5809336346579286,77873,-0.024978074116519464,-0.7986188035245055,92341,-0.039034292,-0.03514004,-0.031948227,-0.033863105,Weak - tends to fail,-0.15957414,-0.05641115,-0.077946685,-0.106457815,Weak - tends to fail,-0.18611075,-0.029570531,-0.077012986,0.05418614,No reliable edge,,,pattern,
Indicator signal,Price-only charts,Heikin-Ashi turns bullish,1,92920,494,38559,2017-04-05,2026-09-25,0.011331964458542227,0.0030744948126925514,-0.038443207233410215,17.578146324420523,17.164402,0.018036658,29.156748259600267,29.015434,2.0923429,42.51593798088735,42.320164,7.4622984,-0.004305690715360099,-0.2504054237784281,91591.0,-0.051394348350129127,-1.3501119788551188,89060.0,-0.06487493064513261,-0.8781977505497071,77331,0.0030744948126925514,0.10301060720346798,91720,0.0018568049,-0.007731079,-0.003556997,0.017253734,No reliable edge,0.015349416,-0.09050214,-0.05733323,-0.07972413,No reliable edge,0.07321104,-0.16732429,-0.08740392,-0.295919,No reliable edge,,,pattern,
Indicator signal,Price-only charts,Kagi turns yang (thick),1,9014,482,3836,2017-04-06,2026-09-25,-0.04979115174218465,-0.009248602974266945,-0.036536136509393996,19.46892655367232,17.579693,0.24330224,28.836676217765046,29.00289,2.3877847,40.26246719160105,41.341618,7.6095176,-0.06859806039239054,-0.9871795889898591,8850.0,-0.31397374194126076,-2.1857784352428635,8725.0,-0.5998180799909777,-1.9363034270204347,7620,-0.009248602974266945,-0.07847271687209233,8953,0.037999455,-0.12768161,0.028148124,-0.4253711,No reliable edge,-0.34687102,-0.295014,-0.34047025,-0.83035105,Weak - tends to fail,-0.90618974,-0.37824935,-0.7117843,-1.5392561,No reliable edge,,,pattern,
Indicator signal,Price-only charts,Kagi turns yin (thin),-1,9547,487,4084,2017-04-05,2026-09-25,0.0005219403861133299,0.044142735681627195,-0.19221789231271819,10.385565460208355,11.890541,-0.83518636,11.552863436123348,13.405897,-3.309316,12.744116174261391,14.46819,-7.160487,0.022842659600476753,0.3377573991652872,9311.0,-0.13956766674697135,-0.9501403686800358,9080.0,-0.6014384736284114,-2.2946296055378474,7988,0.044142735681627195,0.3485895503705855,9368,0.073497005,-0.0076388405,0.01415623,0.12449019,No reliable edge,-0.04731668,-0.19818826,-0.12809114,-0.035324365,No reliable edge,-0.090250716,-1.008687,-0.34017295,-0.7373812,Weak - tends to fail,,,pattern,
Indicator signal,Relative strength,Mansfield RS turns negative,-1,11099,472,4742,2017-04-05,2026-09-25,0.08521770974368348,0.1869541105353076,0.3012502547819735,10.480549199084669,11.522378,-0.6558558,13.007900677200904,14.033887,-2.5502365,14.66580838965776,15.784627,-5.550485,0.009873978464226973,0.19254895102215921,10925.0,0.13795730671190157,1.130578849670813,10632.0,0.2635454960153819,1.2155332999018864,9321,0.1869541105353076,1.8345475840716639,10965,0.07081078,-0.023874836,-0.027192704,0.124732815,No reliable edge,0.04748982,0.19068623,0.07922767,0.43041882,No reliable edge,0.2678734,0.26040572,0.20400791,0.8053654,No reliable edge,,,pattern,
Indicator signal,Relative strength,Mansfield RS turns positive,1,11065,472,4697,2017-04-05,2026-09-25,-0.3308248298411507,-0.373503186905391,-0.4424320439521692,17.549668874172188,17.27959,-0.16114996,28.637478769579168,28.618723,1.6550705,41.40616549486209,41.66888,6.6232414,-0.19034559012687408,-3.21572378370284,10872.0,-0.4031998317046848,-2.9344679683909236,10598.0,-0.6733391043300433,-2.539763916860569,9245,-0.373503186905391,-3.713601132967928,10930,-0.2795845,-0.14196669,-0.15784903,-0.26472917,Works in reverse (fade it),-0.50800955,-0.3434261,-0.37896237,-1.1891328,Weak - tends to fail,-0.5223548,-0.78137314,-0.42930937,-0.8777862,Weak - tends to fail,,,pattern,
Indicator signal,Relative strength,RRG: enters Improving quadrant,1,33722,487,14419,2017-04-05,2026-09-25,-0.10199227714659388,-0.1363983625574067,-0.48712944611973613,16.872328899054956,16.68582,-0.020078521,27.63920304898832,28.07315,1.4913193,39.43205301788641,40.478016,5.628528,0.014732670828485693,0.4060755423990645,33226.0,-0.3395751068036749,-3.731728559022627,32273.0,-1.1081423447186989,-6.2024245456587215,28066,-0.1363983625574067,-2.0763367792513305,33215,0.17588438,-0.077675626,0.07651008,-0.001131597,No reliable edge,0.017705189,-0.5556381,-0.31826097,-0.04559071,No reliable edge,-0.7585283,-1.3758461,-1.0886496,-0.34280103,Works in reverse (fade it),,,pattern,
Indicator signal,Swing setups,Holy Grail: ADX > 30 and pullback to 20 EMA,1,5208,471,1742,2017-04-10,2026-09-24,0.36584671353112075,0.49883585478808445,0.9594657764597523,19.091085647698584,18.031303,0.29751608,33.31324090817762,31.121286,3.3980012,48.598543367909954,45.89633,10.275634,0.36253868128216643,4.591757353392796,5149.0,1.3066688799728752,6.105062563362243,4977.0,2.4076039540112557,6.430400138778615,4531,0.49883585478808445,3.401789044360394,5134,0.34446326,0.37532213,0.35577825,0.5142876,Works (significant),1.1590399,1.4182107,1.2768904,1.3552276,Works (significant),1.985498,2.786739,2.1754284,3.7873182,Works (significant),,,pattern,
Indicator signal,Swing setups,IBS below 0.2 in an uptrend,1,86193,488,34137,2017-04-05,2026-09-25,0.1602771527890538,0.25568631407928566,0.5240854777575337,17.003345266741004,17.46381,-0.018500302,30.874971412063505,30.369413,2.3806577,44.70074072117987,44.03931,8.291692,0.0966433164358237,3.139574948209341,85195.0,0.4698629546986531,5.974226263364422,83077.0,1.0209529564479713,6.612614038785684,75737,0.25568631407928566,4.629141744242012,85163,0.08406387,0.103914686,0.0367216,0.08983291,Works (significant),0.4991897,0.45212907,0.43713525,0.007622459,Works (significant),0.8494089,1.1419674,0.8541056,1.0968693,Works (significant),,,pattern,
Indicator signal,Trend,Gann HiLo activator turns down,-1,29616,495,12707,2017-04-05,2026-09-25,-0.07906735655919676,-0.04931510486986879,0.05127670110189316,10.933846788612295,11.757069,-0.70892787,13.975562245440058,14.478289,-2.7040055,15.493817116823951,16.021824,-5.8497653,-0.022435120745351825,-0.674980658522856,29084.0,-0.07449129515672039,-1.1022709036070062,28235.0,-0.19852625024151888,-1.6260939003809434,24584,-0.04931510486986879,-0.775619769700277,29211,-0.040918123,-0.012284924,-0.018517058,0.0562437,No reliable edge,-0.16880913,-0.019768173,-0.10974795,0.09991175,No reliable edge,-0.2189978,-0.18355608,-0.112755366,0.14368191,No reliable edge,,,pattern,
Indicator signal,Trend,Gann HiLo activator turns up,1,28888,491,12530,2017-04-05,2026-09-25,-0.07555362200070953,-0.06115407110448816,-0.25298346411462347,18.591370558375633,17.181734,0.047254387,29.141326382855485,28.714354,1.7644122,41.60046583205091,41.661053,6.598437,-0.03409690448139188,-0.9361976125061428,28368.0,-0.25130402769104765,-3.175087810896371,27624.0,-0.5022845218072828,-3.1541150871571797,24043,-0.06115407110448816,-0.8934989642010953,28486,-0.052670382,-0.024158886,-0.0053913794,-0.02712591,No reliable edge,-0.23453948,-0.26075688,-0.21225032,-0.6488121,Works in reverse (fade it),-0.43838876,-0.547598,-0.41678485,-1.3056846,Works in reverse (fade it),,,pattern,
Indicator signal,Trend,Parabolic SAR flips down,-1,32011,495,13488,2017-04-05,2026-09-25,-0.023401597794996967,-0.05153174486123976,0.02405282157982915,11.54140127388535,11.767068,-0.715473,14.098113701860099,14.364735,-2.783822,15.412307346158173,15.752363,-6.033946,-0.0019479282646422175,-0.06425649275284745,31400.0,-0.08885020575099882,-1.3511823671478833,30536.0,-0.22974492481929915,-1.9387816955577386,26667,-0.05153174486123976,-0.7977792387094996,31565,0.04914374,-0.03005642,-0.0025547652,-0.026751475,No reliable edge,-0.1614834,-0.04668979,-0.15336913,0.0058902046,No reliable edge,-0.30241328,-0.17683184,-0.3115153,0.027241636,No reliable edge,,,pattern,
Indicator signal,Trend,Parabolic SAR flips up,1,31415,492,13367,2017-04-05,2026-09-25,-0.06980332815474184,-0.08186570176000739,-0.23161049255095023,18.0428928328088,17.005236,-0.061221346,28.867077025453337,28.742188,1.7538433,41.8394572343345,41.904644,6.7386727,-0.09750642761327503,-2.5898874375760608,30821.0,-0.2814692594826152,-3.803213342773054,30055.0,-0.5052298353764865,-3.546403282598461,26236,-0.08186570176000739,-1.3042148027872134,30933,-0.08144998,-0.106116064,-0.042614304,-0.2051394,Weak - tends to fail,-0.17751159,-0.33998936,-0.18279526,-0.80046153,Works in reverse (fade it),-0.48047423,-0.52265424,-0.4238322,-1.1809462,Works in reverse (fade it),,,pattern,
Indicator signal,Trend templates,Minervini trend template passes (first day),1,12001,468,4729,2017-04-20,2026-09-25,-0.03678505029138841,-0.02614966386591206,0.13093766184116085,18.996021332430374,17.87487,0.033802673,31.092581449325195,30.057331,2.0517488,44.2351598173516,43.279522,7.407917,-0.016001144069463992,-0.27804386720493035,11813.0,0.11367755615423257,0.9173327987095962,11633.0,0.2142295198716348,0.8719591524573381,10512,-0.02614966386591206,-0.263892147149794,11850,-0.16593744,0.073607795,-0.045787297,-0.27751628,No reliable edge,-0.3439066,0.39674687,0.13782458,-1.1932505,No reliable edge,-0.30721208,0.59700996,-0.082683235,-0.808163,No reliable edge,,,pattern,
Indicator signal,Volatility,Keltner channel breakdown,-1,21866,479,10284,2017-04-05,2026-09-25,0.042625634293328,0.1537419251442834,0.3605181646904762,11.953612845673506,12.509872,-0.7687056,14.034833791672696,14.658472,-2.8250098,14.74119607054633,14.706919,-5.440857,-0.025475977933419703,-0.537396517922312,21299.0,0.024033448950003318,0.24189941601752268,20727.0,0.5398156654829953,2.6738948340393796,17407,0.1537419251442834,1.7817271218473183,21329,-0.076064564,-0.0008841038,0.11301673,-0.2151346,No reliable edge,-0.010657559,0.04183865,0.40579647,-0.15464641,No reliable edge,0.88652277,0.30381244,1.2464234,0.106122516,Weak edge,,,pattern,
Indicator signal,Volatility,Keltner channel breakout up,1,29191,489,11317,2017-04-05,2026-09-25,0.03016011494319846,-0.013517805263778814,0.09909363898429518,19.71929091352349,17.984844,-0.21223772,31.208697505862286,30.486471,1.7462432,45.469042777977116,44.489815,7.441807,-0.1331577643129854,-3.004085174963894,28713.0,-0.2647201374362698,-2.776228874184731,28146.0,-0.0335572714992475,-0.21140830223598703,25083,-0.013517805263778814,-0.16340148389767123,28992,-0.19068986,-0.10157998,-0.069970354,-0.6138253,Works in reverse (fade it),-0.39805827,-0.1878687,-0.11229033,-1.809655,Weak - tends to fail,0.13169199,-0.14884588,0.02823037,-1.5645931,No reliable edge,,,pattern,
Indicator signal,Volatility,Lower Bollinger band tag in an uptrend,1,7638,471,3196,2017-04-10,2026-09-25,0.004308635488176153,-0.09004514820617533,0.024813403758156403,15.852682145716573,17.929102,0.208661,28.801969365426693,29.733479,2.5664227,42.19626876990748,42.535957,8.089532,0.03391417561132239,0.38863539145582515,7494.0,0.17749851485571663,0.8141616462380367,7312.0,0.5462681848290801,1.2670100833885287,6593,-0.09004514820617533,-0.5777966559970199,7481,0.13691066,-0.02592809,-0.07808731,-0.1032029,No reliable edge,0.34155437,0.07651316,-0.0031692511,-0.53765965,No reliable edge,-0.0032466233,0.9486586,-0.49473968,-0.37386522,No reliable edge,,,pattern,
Indicator signal,Volume & delivery,"Earnings-like gap down (1.5 ATR, 3x volume)",-1,425,219,223,2017-04-19,2026-09-24,1.353691736613445,1.0695027415223475,1.5893653286175253,13.30049261083744,14.195524,0.8418055,12.690355329949238,16.132929,-1.0677276,11.44578313253012,15.686527,-5.858168,0.9894695563856604,3.178909286338365,406.0,0.8165277006662437,1.115727588384936,394.0,-0.4748176207025367,-0.40417846124821977,332,1.0695027415223475,2.1828079842448207,413,0.9445435,1.0049409,0.83845276,0.9840239,Works (significant),1.4394648,0.5902011,1.0384195,-1.2053014,No reliable edge,0.8641666,-1.0941715,-0.033320412,-1.7901244,No reliable edge,,,pattern,
Indicator signal,Volume & delivery,"Earnings-like gap up (1.5 ATR, 3x volume)",1,597,297,301,2017-04-24,2026-09-22,-0.5369643177663791,-0.1454052208846777,0.018461236348474405,17.28395061728395,17.412346,-0.41965705,29.874776386404296,29.624983,2.355231,43.69747899159664,44.538445,8.812176,-0.25730826026337905,-0.8970471221590943,567.0,0.581520312587349,0.8122324335911084,559.0,1.1753479773256958,0.8147086519097673,476,-0.1454052208846777,-0.23060249952458395,588,-1.657929,0.40480334,-0.4268342,0.9340548,No reliable edge,-3.2756894,2.583496,-0.067831896,1.5912519,No reliable edge,-5.469366,5.746534,-0.05788392,-0.6903467,No reliable edge,,,pattern,
Indicator signal,Channels,Turtle 20-day breakdown,-1,23506,484,11076,2017-04-05,2026-09-25,-0.03872210584886247,0.09209439542607145,0.2785222212616548,12.293826836417727,12.876508,-0.76895446,14.319280647056164,14.955091,-2.8947644,15.503960073776717,15.245156,-5.7114325,-0.053947627974676796,-1.164419247126179,22857.0,-0.05847733890491562,-0.5794802736388862,22131.0,0.4846867117147662,2.6496116410550696,18434,0.09209439542607145,0.9885327128191873,22882,-0.04820945,-0.05680431,0.030194672,-0.25261673,No reliable edge,-0.060695674,-0.0572944,0.24913327,-0.3546981,No reliable edge,0.81492907,0.2455606,1.1155344,-0.23202232,Weak edge,,,pattern,
Indicator signal,Channels,Turtle 20-day breakout,1,29869,488,11310,2017-04-05,2026-09-25,0.014259029978951022,-0.026176625747278578,0.16881126496562662,20.222002792059655,18.086193,-0.2628382,32.31920717973596,30.75409,1.7790608,45.39476244211837,44.69016,7.0405154,-0.1821254480968453,-3.937120287417977,29369.0,-0.24738762171246406,-2.4234056722487662,28859.0,-0.46577836047852056,-2.746324360207679,25699,-0.026176625747278578,-0.3147783882376486,29692,-0.23301844,-0.15409788,-0.12985353,-0.5597293,Works in reverse (fade it),-0.40826204,-0.15438361,-0.113008015,-1.4627817,Weak - tends to fail,-0.2691938,-0.6035659,-0.44257915,-1.2398318,Weak - tends to fail,,,pattern,
Indicator signal,Channels,Turtle 55-day breakdown,-1,12051,476,5997,2017-04-06,2026-09-25,-0.08488288310770267,0.009368538558825966,0.23348078970169128,12.579590431939424,12.886709,-0.859181,14.599312351229834,15.26173,-3.3415623,14.015904572564613,14.099589,-6.703241,-0.10041019490244794,-1.4744635465366935,11622.0,-0.17828305108326722,-1.2575352986273058,11343.0,0.49748481765656066,1.8358106597785357,9054,0.009368538558825966,0.06938688427608777,11708,-0.031623743,-0.13239725,0.0309758,-0.38211256,No reliable edge,-0.009878455,-0.26185223,0.3347246,-0.78931576,No reliable edge,0.97788066,0.15003446,0.87798804,-0.5628019,No reliable edge,,,pattern,
Indicator signal,Channels,Turtle 55-day breakout,1,19428,483,7080,2017-04-05,2026-09-25,0.09079055323007347,0.13594499271074764,0.6050098290682198,20.564029983750064,18.281914,-0.2854277,33.59054866691501,31.53509,2.0625536,47.17568917886322,46.142464,7.888902,-0.1622059204146354,-2.7496907489441793,19077.0,-0.026652842165340123,-0.20573066355766784,18791.0,0.030358024986866662,0.1456628187411382,17013,0.13594499271074764,1.2320460030523857,19324,-0.18940394,-0.1467348,-0.10956454,-0.7647551,Weak - tends to fail,-0.13585249,0.03845695,0.07256202,-1.448522,No reliable edge,0.42531922,-0.2477725,0.054795492,-1.685074,No reliable edge,,,pattern,
Indicator signal,Momentum,Schaff trend cycle falls below 75,-1,26124,493,11037,2017-04-05,2026-09-25,-0.10304377483435109,-0.1103165474403294,-0.06242975999398913,11.274128268991284,11.711503,-0.71265835,14.137006045561918,14.5502,-2.7055259,15.427577366782641,15.972397,-5.9072356,-0.04373877253360202,-1.1937932437912615,25696.0,-0.12676407412006546,-1.855626338230385,24977.0,-0.29441756657291474,-2.2770813061637294,21844,-0.1103165474403294,-1.6858928982095513,25821,0.032117542,-0.0851137,-0.04282601,-0.07659586,No reliable edge,-0.13233653,-0.12356025,-0.18750353,0.08575498,No reliable edge,-0.26963705,-0.31223607,-0.3042987,-0.2584661,Weak - tends to fail,,,pattern,
Indicator signal,Momentum,Schaff trend cycle rises above 25,1,25278,487,10867,2017-04-05,2026-09-25,0.020072144571409545,0.049675537744353356,-0.01944883219143231,18.46172422120261,16.861477,0.044523858,29.36852104241523,28.650703,1.8567777,42.01144262140054,41.79392,6.69781,0.03477797500179229,0.8758218185297212,24846.0,-0.08617555046940177,-0.9682136815444398,24213.0,-0.39520287048146485,-2.295274185702029,21149,0.049675537744353356,0.680131433615331,24934,0.15094621,-0.027122516,0.092775956,-0.047101676,No reliable edge,0.064012736,-0.17022294,0.01003474,-0.24701816,No reliable edge,0.024955932,-0.68883145,-0.124177,-0.9568075,No reliable edge,,,pattern,
Indicator signal,Momentum,TRIX crosses above zero,1,4205,478,1677,2017-04-12,2026-09-24,-0.20994076943862983,-0.4125214135402128,-0.46295662775117274,17.91976939706942,17.109983,-0.23899765,28.63479546574667,29.086807,1.501836,41.03299856527977,41.547325,5.702504,-0.11081970640022595,-1.3069418924024108,4163.0,-0.40086747531881467,-1.8683518475299383,4058.0,-0.796990450143472,-2.0753628304113394,3485,-0.4125214135402128,-2.940566465632536,4189,-0.15459205,-0.08727611,-0.09837789,-0.24484262,No reliable edge,-0.8683533,-0.13674615,-0.3835873,-0.33475983,No reliable edge,-0.7696999,-0.8167829,-0.9663395,-0.9945165,Weak - tends to fail,,,pattern,
Indicator signal,Momentum,TRIX crosses below zero,-1,4157,473,1811,2017-04-10,2026-09-25,0.2595045899298136,0.3401635620015705,0.7466250812744573,11.878996556812591,11.7926445,-0.4086401,13.562753036437247,14.358561,-2.0573752,15.424610051993067,15.190439,-4.963364,0.15777547360639296,2.1018465900799153,4066.0,0.422587746068051,2.2494832696281173,3952.0,0.80004473795855,2.5257380157619562,3462,0.3401635620015705,2.043736213443301,4069,0.35968268,0.0433225,0.1288095,0.04435382,Weak edge,0.7623354,0.21785736,0.48883182,0.29797253,Weak edge,0.5405871,0.9963164,1.329895,-0.5545565,Weak edge,,,pattern,
Indicator signal,Momentum,TSI crosses above zero,1,11464,483,4987,2017-04-05,2026-09-25,0.07163729200699889,-0.030821623630782887,-0.33175924341525354,19.187898089171977,16.79112,0.006930501,30.14219726474051,28.422693,1.6644537,40.94214353461903,40.79508,5.518109,0.10954020095900788,1.8277184032774811,11304.0,-0.062413469495445954,-0.4799608520851323,11041.0,-0.8296980591013279,-3.3351638117240365,9489,-0.030821623630782887,-0.2943328320158661,11348,0.15089676,0.088078365,0.20313114,-0.10096454,No reliable edge,-0.16273609,-0.008056297,-0.00969924,-0.7672225,No reliable edge,-1.0256323,-0.6938657,-0.8222931,-0.9417795,Works in reverse (fade it),,,pattern,
Indicator signal,Momentum,TSI crosses below zero,-1,11966,486,5267,2017-04-05,2026-09-25,0.1476430617275971,0.23716419366736569,0.39544079859129244,11.580647904089789,12.338966,-0.50215113,14.23286947331337,14.748531,-2.1004517,16.004899459018066,15.987807,-4.9981074,0.12123796962351735,2.3069974722889817,11761.0,0.3115153740215453,2.7921131382370987,11354.0,0.3262877776280366,1.5755993632649767,9797,0.23716419366736569,2.1830050964585213,11760,0.14907867,0.10604049,0.14299285,0.23610984,Weak edge,0.18755299,0.38366124,0.2796984,0.6796305,Weak edge,0.6280034,0.100727625,0.594052,0.14284536,No reliable edge,,,pattern,
Indicator signal,Price-only charts,Renko reversal down,-1,13755,489,5994,2017-04-05,2026-09-25,-0.01487498450916865,0.06605796302277175,0.09276901678798523,10.865370342882589,11.923153,-0.88302124,13.439096941499503,14.596431,-2.6439629,14.872695346795433,15.676769,-6.0012846,-0.0411649966993724,-0.7492546323938473,13474.0,0.04222980610121034,0.38234885804606195,13111.0,-0.26010251334092405,-1.2899626474130463,11390,0.06605796302277175,0.604739021735501,13545,0.04640963,-0.087162994,-0.07510376,-0.015084408,No reliable edge,0.104033336,0.007979983,0.054698627,0.26316658,No reliable edge,0.022363441,-0.45790035,0.10899784,-0.15963075,No reliable edge,,,pattern,
Indicator signal,Price-only charts,Renko reversal up,1,13108,483,5753,2017-04-05,2026-09-25,-0.12417167701469936,-0.06649780213065225,-0.3162281639710514,18.06601941747573,16.944752,-0.095777154,28.701073232323232,28.325453,1.4853532,40.386543896435406,40.965652,5.854856,-0.1635643962378641,-3.0689687642476273,12875.0,-0.35920815515999843,-3.1337295276900927,12672.0,-0.9141196568169386,-3.887943928344925,10969,-0.06649780213065225,-0.7035603198929936,12972,-0.11246925,-0.18895455,-0.057886317,-0.37254643,Works in reverse (fade it),-0.29048637,-0.39461675,-0.26158366,-0.8158928,Works in reverse (fade it),-0.9095634,-0.9170765,-0.97124064,-1.0863386,Works in reverse (fade it),,,pattern,
Indicator signal,Price-only charts,Three-line break reversal down,-1,20559,490,8880,2017-04-05,2026-09-25,-0.009700706298192203,-0.06733354258101881,-0.03707638562069482,11.317567567567567,11.789425,-0.7812001,14.120713446108244,14.541988,-2.7601213,15.45180900666942,15.967602,-5.845964,-0.04066109164530598,-1.0363079562163666,20128.0,-0.08617748573011959,-1.1545605334428173,19567.0,-0.17064243783383992,-1.199868965459168,16943,-0.06733354258101881,-0.8879057625293207,20249,-0.062381145,-0.028798316,-0.037618537,-0.02055661,No reliable edge,-0.20066887,-0.020003317,-0.09192583,0.15128481,No reliable edge,-0.1096198,-0.21559629,-0.15432811,0.4295622,No reliable edge,,,pattern,
Indicator signal,Price-only charts,Three-line break reversal up,1,20137,486,8767,2017-04-05,2026-09-25,-0.11186845216757597,-0.12436332877204852,-0.19528553957836728,17.858407975304893,17.109476,-0.074755594,28.683174471612098,28.700897,1.6610969,41.63164845719775,41.492195,6.520935,-0.13873745358597744,-3.2581983453849896,19761.0,-0.40146727706207264,-4.710125482097401,19304.0,-0.5204559886766118,-2.9258514457839175,16658,-0.12436332877204852,-1.6793626619102582,19845,-0.126213,-0.14535716,-0.07640082,-0.15017584,Works in reverse (fade it),-0.40839344,-0.397624,-0.36353537,-0.50179076,Works in reverse (fade it),-0.3001393,-0.676129,-0.4550929,-1.5346756,Weak - tends to fail,,,pattern,
Indicator signal,RSI,RSI(14) crosses above 50,1,38850,492,16768,2017-04-05,2026-09-25,-0.06442309750452223,-0.0932937564356847,-0.29894831707053326,18.51754914020991,17.132715,0.07152639,28.920235819850866,28.47067,1.7270893,41.41703812225305,41.24933,6.4139094,0.026083085757047954,0.7701809612016457,38207.0,-0.16992710653787654,-2.3205526023490792,37147.0,-0.42251257680753407,-3.05754074828628,32081,-0.0932937564356847,-1.703781686684059,38318,0.019159941,0.029863752,0.04723322,-0.11173889,No reliable edge,-0.20523973,-0.14961669,-0.12789957,-0.48563978,Weak - tends to fail,-0.3912992,-0.4454178,-0.5076779,-0.8980057,Works in reverse (fade it),,,pattern,
Indicator signal,RSI,RSI(14) crosses below 50,-1,39637,495,17102,2017-04-05,2026-09-25,0.013731757595595927,0.07372178695433536,0.20036706634746973,11.456215743290187,12.2060585,-0.5475447,14.404079031230083,14.828804,-2.3930323,16.123293973316976,16.221512,-5.3735185,0.010414558395527488,0.3311821125461088,38861.0,0.036603938553119025,0.5787269357247788,37656.0,0.02801628422835838,0.2509207071887817,32605,0.07372178695433536,1.281068118759135,38998,0.033627532,-0.0024946562,0.031718384,0.0040838397,No reliable edge,0.050324276,0.028522732,0.077063516,0.09107849,No reliable edge,0.26600662,-0.15070972,0.19075534,0.20796794,No reliable edge,,,pattern,
Indicator signal,RSI,RSI(14) falls back below 70,-1,15343,480,5199,2017-04-05,2026-09-25,-0.22965398641359094,-0.37241870858248277,-0.949525247089286,11.298092786906883,11.664618,-0.81348044,11.894510226049515,13.604468,-3.2709045,13.35626463700234,15.727706,-7.602161,-0.22083973612382862,-3.9567068517772994,15153.0,-0.5831363213973358,-5.545489305667531,14864.0,-1.5673673750365924,-8.078091579520402,13664,-0.37241870858248277,-3.3105575337253326,15255,-0.16436301,-0.2562848,-0.20642053,0.3620073,Works in reverse (fade it),-0.70701534,-0.501921,-0.6553483,0.6556189,Works in reverse (fade it),-1.7799493,-1.4061115,-1.4779842,-0.18292487,Works in reverse (fade it),,,pattern,
Indicator signal,RSI,RSI(14) rises back above 30,1,8048,470,3716,2017-04-19,2026-09-25,0.011561902700137966,-0.16239870466481293,-0.5226443497541731,13.992084769564661,15.397993,0.023352794,23.592597385790086,26.067123,2.1049275,33.9631480324797,37.53468,6.6978035,-0.10412035069976382,-1.1345674430796449,7833.0,-0.5253115091562055,-2.3728676855074005,7727.0,-1.805550608018426,-4.1128575097213576,6404,-0.16239870466481293,-1.2150725356121703,7852,-0.18683934,-0.060313683,-0.30145925,0.070204034,No reliable edge,-0.9422822,-0.29530784,-1.0850029,0.035488106,Weak - tends to fail,-3.0801883,-0.8468696,-1.866776,-1.4288563,Works in reverse (fade it),,,pattern,
Indicator signal,RSI,RSI(2) above 95 in a downtrend,-1,6623,469,2876,2017-04-05,2026-09-24,0.40140789477097694,0.6502443510970608,1.507565763481726,11.996336996336996,9.911546,-0.41010565,15.908382673730134,12.952685,-2.3152556,19.3560325684678,15.306449,-3.8520348,0.33196130922571354,4.495693436567791,6552.0,0.7468050977232004,4.6371800273749315,6418.0,2.272986445225759,7.061546553077706,5404,0.6502443510970608,4.27178981258414,6589,0.26153916,0.36832136,0.20757958,0.52445906,Works (significant),0.8415332,0.6958082,0.70917714,0.73240286,Works (significant),2.8992655,1.827231,2.4946392,2.0497873,Works (significant),,,pattern,
Indicator signal,RSI,RSI(2) below 5 in an uptrend (Connors),1,12002,476,4878,2017-04-06,2026-09-25,0.21353433710062056,0.2487672664048025,0.6261222015243613,16.434069187177535,17.559362,0.2774427,30.20273782706637,29.915884,2.7357805,43.51312649164678,43.065144,8.439796,0.2222915155113444,3.5850602423213664,11823.0,0.6123112447339066,3.8661723379609905,11542.0,1.1183737321002387,3.509592287683631,10475,0.2487672664048025,2.2328822224126856,11839,0.34027055,0.15059607,0.22083695,0.12755167,Works (significant),0.85381144,0.4577058,0.64710796,-0.23425926,Works (significant),0.8956789,1.2866172,0.5896068,1.0615724,Works (significant),,,pattern,
Indicator signal,Relative strength,RRG: enters Lagging quadrant,-1,38916,489,16414,2017-04-05,2026-09-25,-0.020927608758223196,0.070883548269015,0.265762683821529,11.26819452792223,11.690893,-0.62605226,14.20963447107238,14.301102,-2.5910091,15.841736824251395,15.642144,-5.4957848,-0.012457020672082833,-0.40353876106703823,38267.0,0.04614149791485953,0.7985829243584854,37179.0,0.27805622773845867,2.4048797035396614,32427,0.070883548269015,1.2753487487811552,38341,-0.10561757,0.040685818,-0.01660152,-0.035064295,No reliable edge,-0.11670297,0.14422856,0.031991486,-0.15792209,No reliable edge,0.22140768,0.3210574,0.24619034,-0.25295854,Weak edge,,,pattern,
Indicator signal,Relative strength,RRG: enters Leading quadrant,1,39028,494,16198,2017-04-05,2026-09-25,-0.04987003072224936,-0.053520309168139865,-0.07630080697192275,18.687000574502534,17.236423,-0.12588091,29.94748405766036,29.23916,1.831288,43.85146539818935,42.853962,7.4809275,-0.06801009082281166,-1.9554092472640738,38294.0,-0.20847030728775923,-2.4585455513903125,37322.0,-0.029610863744581477,-0.20309526294408858,32585,-0.053520309168139865,-0.9127603725601476,38423,-0.046445876,-0.079224035,-0.020536626,-0.23080471,No reliable edge,-0.24491067,-0.18848503,-0.049034543,-1.0581303,Weak - tends to fail,0.22736076,-0.2053965,0.28864428,-1.766086,No reliable edge,,,pattern,
Indicator signal,Relative strength,RRG: enters Weakening quadrant,-1,35021,494,14273,2017-04-05,2026-09-25,-0.03971004977913792,-0.10948498661303195,-0.29700381008099563,11.26821903489925,11.688621,-0.6018143,12.9045754759272,13.620995,-2.9080055,13.69025376227197,15.372517,-7.0092583,-0.04493777795256337,-1.3630636460610626,34442.0,-0.18611503585797645,-2.579460126728103,33461.0,-0.9469866924491287,-7.1388846408313675,29437,-0.10948498661303195,-1.755537219206692,34489,0.032650016,-0.085686654,-0.060270507,0.1640983,No reliable edge,-0.15368538,-0.20406978,-0.41409433,0.73887247,Weak - tends to fail,-1.0613893,-0.868841,-1.1487027,0.6933177,Works in reverse (fade it),,,pattern,
Indicator signal,Relative strength,RS line at a 52-week high (first day),1,14556,469,6024,2017-04-05,2026-09-25,0.3789533717823825,0.7517031503901156,1.5295918250822327,20.45630589395113,18.01202,-0.07137829,34.22309027777778,30.837921,2.9953303,49.10999917972275,45.770306,10.446504,-0.03886362536089008,-0.5291958787514639,14201.0,0.6213029225667318,3.871538548571229,13824.0,1.7753473681916987,5.3131972714382965,12191,0.7517031503901156,5.089388752552769,14310,-0.074423924,-0.022453992,0.06946326,-0.5524236,No reliable edge,0.68026555,0.5922418,0.96950614,-1.2642025,Works (significant),1.7763911,1.7747216,2.3395832,-3.446052,Works (significant),,,pattern,
Indicator signal,Stochastic,Stochastic bearish cross above 80,-1,31991,488,12370,2017-04-05,2026-09-25,-0.0008926793714664275,-0.008959754430559266,-0.12011845543863879,12.461246440999684,11.685591,-0.5140957,15.04155751754471,14.515667,-2.4210536,16.506120084015354,16.343185,-5.652937,-0.055945913235773886,-1.706175287183879,31610.0,-0.024594370943543626,-0.32400010547322056,30921.0,-0.1792228954572409,-1.3112855801749401,27614,-0.008959754430559266,-0.12919823406787864,31822,-0.0178851,-0.077002704,-0.0699817,0.21765095,No reliable edge,-0.024849942,-0.024446663,-0.12787369,0.49856126,No reliable edge,-0.36859274,-0.047325987,-0.3413856,1.0073812,No reliable edge,,,pattern,
Indicator signal,Stochastic,Stochastic bullish cross below 20,1,28769,490,12925,2017-04-05,2026-09-25,-0.1674277875263998,-0.23628778809804987,-0.3292345274792634,14.72681562267625,16.456846,-0.11400839,26.24605446671071,27.442894,1.8177495,38.44051028378026,39.79023,6.574504,-0.11586123399932723,-2.9260558769650142,28241.0,-0.18318575576460766,-1.8594439055188343,27246.0,-0.5368815273664628,-2.7729137391172176,23046,-0.23628778809804987,-3.2093308413129193,28120,-0.25972584,-0.03873697,-0.14665928,-0.03906035,Weak - tends to fail,-0.30223048,-0.11510231,-0.46677423,0.22214718,No reliable edge,-0.8789481,-0.2785013,-1.1915084,0.70862967,Weak - tends to fail,,,pattern,
Indicator signal,Swing setups,Three lower closes in an uptrend,1,23813,487,9473,2017-04-05,2026-09-25,0.2547067182198518,0.3446866672083828,0.6747236654671906,16.77424834380839,17.24257,0.107634366,30.448452032662328,29.8361,2.561368,44.59582633725114,43.285187,8.460947,0.22383320106803126,5.077852182769472,23548.0,0.6930213882581546,6.743709812999271,22901.0,1.4166493950887502,6.903791030283267,20845,0.3446866672083828,4.512964483396194,23495,0.25902537,0.20235401,0.21441467,0.17741977,Works (significant),1.0171229,0.4847186,0.7299853,0.31359676,Works (significant),1.2470573,1.5446036,1.2052262,2.1599388,Works (significant),,,pattern,
Indicator signal,Trend,"Supertrend (10,3) turns down",-1,9336,484,4122,2017-04-05,2026-09-25,0.10972441058783064,0.25476056175056166,0.5389315760942647,10.539619738432794,11.963131,-0.934449,13.308499830680665,14.426544,-2.6028192,14.605711291590254,15.310153,-5.8297973,-0.0322425574807757,-0.45175847830069377,9099.0,0.15039351864100067,1.0627559091684822,8859.0,-0.007564475719360959,-0.028680099910570113,7634,0.25476056175056166,1.9151272241118402,9145,0.02862021,-0.06360133,-0.0030686883,0.087514095,No reliable edge,0.08572838,0.18563569,0.19870467,0.44226104,No reliable edge,0.3563568,-0.26239046,0.5295564,0.54849684,No reliable edge,,,pattern,
Indicator signal,Trend,"Supertrend (10,3) turns up",1,8907,481,3901,2017-04-05,2026-09-24,-0.20508185989965577,-0.39661199282146753,-0.7880525850978898,18.227558604917096,17.08766,-0.22043066,28.251016850668215,28.521856,0.98428464,39.96471705794545,40.974243,5.118055,-0.21278562638471984,-3.1168242178862604,8745.0,-0.7989188584943346,-5.218879462170542,8605.0,-1.453771315010517,-5.023112315993223,7369,-0.39661199282146753,-3.3438087746690703,8826,-0.23714988,-0.2012198,-0.103090346,-0.51365274,Works in reverse (fade it),-1.0960829,-0.6519883,-0.5740198,-2.0466993,Works in reverse (fade it),-1.2617834,-1.5750604,-1.3991765,-2.6522412,Works in reverse (fade it),,,pattern,
Indicator signal,Trend,Volatility stop flips long,1,9665,482,4134,2017-04-05,2026-09-25,-0.09630062278826419,-0.12331631632920773,-0.47125767927058,18.062276456974544,16.905369,-0.18559408,28.324070115433948,28.314892,1.1505969,40.26779072650633,40.828876,5.5116515,-0.18019784276871187,-2.6476597941741806,9506.0,-0.6050156963946932,-4.099622008792313,9356.0,-1.1419794265667618,-4.016364432682509,8066,-0.12331631632920773,-1.0340640058486033,9591,-0.0972191,-0.22169375,-0.06268793,-0.51334,Weak - tends to fail,-0.77339685,-0.51736337,-0.3708349,-1.9352051,Works in reverse (fade it),-1.1276267,-1.1514722,-1.1633494,-2.114869,Works in reverse (fade it),,,pattern,
Indicator signal,Trend,Volatility stop flips short,-1,10207,486,4411,2017-04-05,2026-09-25,0.04449340704056689,0.15304590338104904,0.21252758060247562,11.12669003505258,12.129109,-0.8033151,13.3113538017721,14.545191,-2.4811099,14.58829128986197,15.779856,-5.8783493,-0.026935664116291624,-0.4239747666124201,9985.0,0.13663263672679915,0.9997079258188032,9706.0,-0.2812743443412363,-1.2008036256771444,8404,0.15304590338104904,1.2649267439656522,10046,0.023912884,-0.054162275,0.033144094,-0.09386501,No reliable edge,0.079413995,0.16914807,0.113797024,0.5210204,No reliable edge,-0.122908585,-0.39608303,0.1796227,-0.08533972,No reliable edge,,,pattern,
Indicator signal,Trend,Vortex bearish cross,-1,37232,494,15911,2017-04-05,2026-09-25,-0.005912631598839649,-0.0006410165079855369,0.1811519674442928,11.421008105231559,11.769684,-0.5849026,14.019245421452153,14.237724,-2.6266327,15.570118801652894,15.756146,-5.736895,0.01858844397399401,0.6278089232167372,36643.0,-0.028252730665732497,-0.43309007439406655,35437.0,-0.06868070807338746,-0.5801431502926429,30976,-0.0006410165079855369,-0.011124260564925213,36690,-0.016942622,0.038490802,0.007884932,0.052557986,No reliable edge,-0.15556148,0.047437098,-0.072878525,0.09896362,No reliable edge,-0.06599513,-0.07068368,-0.0104443375,0.22911407,No reliable edge,,,pattern,
Indicator signal,Trend,Vortex bullish cross,1,36367,490,15616,2017-04-05,2026-09-25,0.009972114384574751,0.01914922198418732,-0.23311564855465397,18.145285072419277,16.780622,0.0071413866,29.07303370786517,28.622866,1.801757,42.00947804910156,41.772694,6.74377,0.0632358830263828,1.9152046593905911,35833.0,-0.09740383093085374,-1.30492320443752,34888.0,-0.3157694564314158,-2.088814982512118,30386,0.01914922198418732,0.33550167999486935,35913,0.12789516,0.02811325,0.12379779,-0.060011715,No reliable edge,-0.024248326,-0.13920416,-0.010834751,-0.4181739,No reliable edge,-0.21257858,-0.38981888,-0.2108186,-1.0174896,Weak - tends to fail,,,pattern,
Indicator signal,Trend templates,"Weinstein stage-2 breakout (30-wk MA, volume)",1,1928,426,874,2017-04-21,2026-09-25,-0.3128489071908183,-0.46686755091931076,-0.42681273510818607,16.94105151354222,17.678211,-0.21783985,28.579088471849868,28.460546,1.1788746,41.66146158650843,40.43206,5.9370713,-0.3146242697822623,-2.3422222616479598,1883.0,-0.48835825574941355,-1.570580873221724,1865.0,-0.349296078988718,-0.5790571604376743,1601,-0.46686755091931076,-1.9488766624561775,1908,-0.3561692,-0.29277444,-0.25506917,-0.39214715,Weak - tends to fail,-0.4216179,-0.52465665,-0.38908666,-0.9392206,No reliable edge,-0.9740908,0.085545145,0.39837256,-4.036244,No reliable edge,,,pattern,
Indicator signal,Trend templates,Weinstein stage-4 breakdown,-1,4868,459,2203,2017-04-05,2026-09-25,0.36613638352562405,0.5379465312418045,1.0299638817998313,12.670157068062826,12.363042,-0.14132483,15.737271324663874,15.001665,-1.2519492,20.92235539343408,19.164713,-2.7188609,0.2895677816181283,3.5827069709557673,4775.0,0.7702874025374697,4.413044568725754,4537.0,1.1460364233894607,3.5608217468063152,3838,0.5379465312418045,3.9561942757042727,4781,0.36370435,0.24939948,0.32634333,0.44083685,Works (significant),1.2841482,0.4655434,0.8094302,0.23695718,Works (significant),1.6100725,0.7797832,1.434233,0.6873029,Works (significant),,,pattern,
Indicator signal,Volatility,TTM squeeze fires down,-1,7829,484,3403,2017-04-06,2026-09-25,0.08201044193438946,0.2011858696138584,0.5984082721528929,11.93174417090009,11.82479,-0.5889683,14.67479674796748,14.031334,-2.3286896,16.347962382445143,15.662654,-5.0326905,0.13831525223475968,2.357591647713599,7677.0,0.440515864509231,3.4087984113816603,7380.0,0.6669723654241771,2.7130535407579455,6380,0.2011858696138584,1.8406283112399602,7668,0.19050093,0.10928677,0.27797198,-0.02838751,Weak edge,0.30218405,0.5232992,0.53526276,0.50706005,Works (significant),0.44740105,0.8357751,0.5830197,0.5202299,Weak edge,,,pattern,
Indicator signal,Volatility,TTM squeeze fires up,1,8556,481,3304,2017-04-05,2026-09-25,0.0010209061341831616,-0.006231013070222861,-0.11497851593147189,19.370546318289787,17.331959,-0.15984173,31.249238269347956,29.691076,1.8680637,44.40959912735206,43.215485,6.7941027,-0.06181949425196704,-0.9634602250841966,8420.0,-0.03733201012387645,-0.25732051639367925,8205.0,-0.3386149909667303,-1.229580212228447,7334,-0.006231013070222861,-0.0502735438575099,8477,-0.053957704,-0.066788934,-0.046486117,-0.1934049,No reliable edge,-0.14613312,0.03538643,0.026924485,-0.51415956,No reliable edge,-0.10017244,-0.53292114,-0.2697937,-0.1406328,No reliable edge,,,pattern,
Indicator signal,Volume & delivery,Volume > 2x average on a down day,-1,19846,489,8044,2017-04-05,2026-09-25,0.03597044981416087,-0.022894701955085306,-0.3006894855996097,10.870350306970025,12.693575,-0.4835378,11.619515766354652,14.657508,-3.0511842,12.426573003088476,15.517414,-7.220095,0.06494409541181383,1.2706198056756808,19383.0,-0.34421793087839253,-3.2041455475877956,19123.0,-1.077128152818991,-5.071362436549392,16513,-0.022894701955085306,-0.2396767152788562,19656,0.015356857,0.09341657,0.043356173,-0.08653591,No reliable edge,-0.41920394,-0.2990567,-0.36750638,-0.7446649,Works in reverse (fade it),-1.0815988,-1.0736512,-1.2149401,-0.9497999,Works in reverse (fade it),,,pattern,
Indicator signal,Volume & delivery,Volume > 2x average on an up day,1,42236,492,16364,2017-04-05,2026-09-25,0.05197660962267161,0.1743811742432327,0.8618844180028941,19.706529359151016,17.569464,-0.2612803,30.372549019607842,29.72813,2.2541509,44.42600276625173,43.90558,8.799816,-0.17729073512325647,-4.024835323536291,41367.0,0.14625113692938113,1.462542001423012,40800.0,0.816821133730982,4.525058862876361,36150,0.1743811742432327,1.9939021908316916,41831,-0.27785173,-0.12045836,-0.1280702,-0.29305416,Works in reverse (fade it),-0.10742054,0.2961593,0.22021377,-0.033138648,No reliable edge,0.4133148,1.1091814,0.92717135,0.08900237,Works (significant),,,pattern,
Indicator signal,Williams %R,Williams %R exits overbought (-20),-1,50418,493,19605,2017-04-05,2026-09-25,0.043907751047336706,0.005697124698197655,-0.09303701194712692,12.167330998107662,11.715034,-0.5460509,14.484823456535207,14.438264,-2.5433545,16.246064085941843,16.252539,-5.8349338,-0.018138206172604757,-0.6832029569546227,49674.0,-0.06412423334903469,-1.1636961602190488,48430.0,-0.23895484117429153,-2.216573883612223,43192,0.005697124698197655,0.11020387351311468,49986,-0.020230573,-0.016937388,-0.021976246,0.23813978,No reliable edge,-0.08231882,-0.053150866,-0.13682991,0.35696477,No reliable edge,-0.37562057,-0.1390138,-0.3196349,0.51436776,Weak - tends to fail,,,pattern,
Indicator signal,Williams %R,Williams %R exits oversold (-80),1,45820,494,20340,2017-04-05,2026-09-25,-0.08966818191014388,-0.1294558729788866,-0.30775315849300205,16.25503863884373,16.839197,-0.017981276,27.22866659009992,27.868324,1.8454367,39.840540540540545,40.357967,6.6832447,-0.055982054807724425,-1.8553268173870743,44903.0,-0.20100448992190192,-2.8241134749637187,43535.0,-0.4521552998310811,-3.504725844783679,37000,-0.1294558729788866,-2.3186464034205074,44899,-0.08430047,-0.040708367,-0.08224221,0.05029291,No reliable edge,-0.20105289,-0.20097682,-0.32573757,-0.068449944,Weak - tends to fail,-0.5621511,-0.36965978,-0.64117455,-0.4410792,Works in reverse (fade it),,,pattern,
